customer_id,signup_date,age,gender,city,acquisition_channel,customer_segment
C00001,2025-07-28,56,Female,Ahmedabad,Referral,Budget
C00002,2023-09-24,36,Male,Ahmedabad,Google,Budget
C00003,2024-06-24,20,Male,Delhi,Organic Search,VIP
C00004,2024-04-28,19,Male,Chennai,Referral,Regular
C00005,2025-11-12,61,Male,Lucknow,Instagram,VIP
C00006,2025-09-07,32,Male,Bangalore,Google,VIP
C00007,2026-05-01,20,Female,Kolkata,Instagram,Budget
C00008,2023-12-01,21,Female,Delhi,Google,Budget
C00009,2024-12-02,19,Female,Kolkata,Referral,Premium
C00010,2023-09-29,52,Female,Hyderabad,Instagram,Premium
C00011,2024-04-23,23,Male,Hyderabad,Instagram,VIP
C00012,2025-03-03,43,Male,Lucknow,Direct,Regular
C00013,2023-09-26,32,Male,Kolkata,Referral,VIP
C00014,2024-04-01,38,Male,Delhi,Referral,Regular
C00015,2025-08-09,42,Male,Jaipur,Google,Budget
C00016,2025-04-16,42,Other,Ahmedabad,Google,Regular
C00017,2024-04-25,28,Male,Ahmedabad,Organic Search,Premium
C00018,2025-06-03,22,Female,Lucknow,Instagram,Premium
C00019,2026-01-31,25,Male,Mumbai,Instagram,Regular
C00020,2023-09-04,41,Female,Ahmedabad,Google,Regular
C00021,2026-01-27,52,Male,Bangalore,Organic Search,Regular
C00022,2025-10-01,31,Female,Jaipur,Organic Search,Budget
C00023,2024-09-03,30,Male,Kolkata,YouTube,Regular
C00024,2024-02-14,21,Female,Kolkata,Referral,Regular
C00025,2026-07-12,46,Male,Kolkata,Google,Budget
C00026,2024-08-30,19,Female,Jaipur,Instagram,Regular
C00027,2023-12-07,61,Male,Lucknow,Instagram,Regular
C00028,2023-12-12,50,Male,Jaipur,Organic Search,Premium
C00029,2026-03-13,56,Male,Jaipur,YouTube,Regular
C00030,2025-06-19,59,Male,Pune,Instagram,Regular
C00031,2026-01-28,29,Male,Delhi,Organic Search,Budget
C00032,2025-11-04,34,Male,Delhi,YouTube,Budget
C00033,2025-04-06,54,Male,Mumbai,Google,Budget
C00034,2026-07-29,61,Male,Pune,Google,Regular
C00035,2024-10-15,28,Male,Mumbai,Organic Search,Regular
C00036,2025-04-24,51,Female,Mumbai,Instagram,Regular
C00037,2026-02-22,33,Male,Hyderabad,Google,Budget
C00038,2025-07-05,43,Female,Bangalore,Google,Budget
C00039,2026-03-29,58,Female,Kolkata,Direct,Budget
C00040,2025-05-21,45,Female,Delhi,Direct,Premium
C00041,2025-10-08,52,Male,Lucknow,Direct,Regular
C00042,2023-10-17,19,Other,Chennai,Direct,Regular
C00043,2024-05-03,26,Male,Bangalore,Organic Search,Premium
C00044,2024-07-10,41,Male,Mumbai,Referral,Budget
C00045,2023-11-23,25,Female,Ahmedabad,Referral,Budget
C00046,2024-05-09,42,Female,Delhi,Instagram,Regular
C00047,2023-12-16,52,Female,Jaipur,Instagram,Budget
C00048,2024-06-27,31,Male,Hyderabad,Google,Premium
C00049,2025-07-24,20,Female,Mumbai,Referral,Regular
C00050,2024-09-30,39,Male,Pune,Direct,Regular
C00051,2024-10-06,25,Female,Delhi,Google,Regular
C00052,2024-04-13,64,Female,Chennai,Google,Regular
C00053,2024-06-15,21,Male,Mumbai,Instagram,VIP
C00054,2026-06-19,47,Female,Chennai,Direct,Premium
C00055,2025-08-07,54,Female,Mumbai,Referral,Regular
C00056,2025-06-25,50,Male,Chennai,Instagram,Regular
C00057,2024-03-02,20,Male,Jaipur,Google,Premium
C00058,2025-11-04,20,Female,Ahmedabad,Instagram,Regular
C00059,2024-02-23,40,Male,Lucknow,Direct,Premium
C00060,2024-10-16,50,Male,Pune,Google,Regular
C00061,2026-08-16,43,Female,Jaipur,Referral,Budget
C00062,2025-07-29,24,Female,Hyderabad,Referral,Premium
C00063,2025-04-29,33,Male,Bangalore,Google,Regular
C00064,2025-09-16,19,Male,Pune,Google,Budget
C00065,2026-03-08,39,Female,Pune,Google,Budget
C00066,2025-12-25,32,Male,Chennai,Referral,Premium
C00067,2024-05-05,61,Other,Kolkata,Instagram,Budget
C00068,2023-10-02,47,Female,Kolkata,Instagram,Budget
C00069,2024-08-07,59,Male,Mumbai,Google,Regular
C00070,2024-06-16,43,Male,Chennai,Instagram,Regular
C00071,2024-04-15,29,Male,Lucknow,Direct,Regular
C00072,2026-06-26,49,Female,Jaipur,Referral,Regular
C00073,2026-04-14,33,Female,Chennai,Referral,Regular
C00074,2024-08-06,29,Female,Bangalore,Organic Search,Budget
C00075,2025-08-15,31,Male,Mumbai,Google,VIP
C00076,2024-11-03,22,Male,Lucknow,Organic Search,Premium
C00077,2026-05-26,53,Male,Chennai,Google,Regular
C00078,2025-01-11,22,Female,Hyderabad,Google,Regular
C00079,2024-06-13,49,Female,Chennai,Organic Search,Regular
C00080,2024-05-24,33,Female,Mumbai,Direct,Regular
C00081,2025-05-04,37,Female,Delhi,Referral,Budget
C00082,2024-06-10,60,Female,Bangalore,Organic Search,Regular
C00083,2025-05-29,60,Male,Delhi,Instagram,Regular
C00084,2026-05-08,40,Male,Ahmedabad,Google,Regular
C00085,2024-11-07,51,Male,Kolkata,Instagram,Regular
C00086,2024-04-24,62,Female,Ahmedabad,Organic Search,Premium
C00087,2026-08-25,53,Male,Jaipur,Referral,Regular
C00088,2025-03-08,52,Male,Delhi,Google,Regular
C00089,2023-12-05,40,Female,Chennai,Google,Regular
C00090,2023-10-18,40,Female,Jaipur,Google,Regular
C00091,2023-12-26,37,Female,Pune,Google,Budget
C00092,2025-07-15,53,Male,Jaipur,Organic Search,Regular
C00093,2026-01-12,45,Female,Hyderabad,Referral,Regular
C00094,2024-12-02,22,Male,Jaipur,Referral,Budget
C00095,2023-11-05,40,Female,Kolkata,Instagram,Regular
C00096,2024-10-19,56,Other,Lucknow,YouTube,Premium
C00097,2026-08-23,60,Female,Jaipur,Organic Search,Regular
C00098,2025-03-29,55,Male,Ahmedabad,Instagram,Premium
C00099,2026-07-27,19,Male,Chennai,Google,Regular
C00100,2026-03-28,62,Male,Hyderabad,Google,Premium
C00101,2023-09-09,62,Female,Pune,Organic Search,Regular
C00102,2025-10-25,61,Female,Lucknow,Direct,Budget
C00103,2025-09-13,20,Male,Delhi,YouTube,Budget
C00104,2025-04-07,45,Female,Jaipur,Organic Search,Regular
C00105,2024-06-15,45,Other,Mumbai,Instagram,Regular
C00106,2025-07-30,23,Female,Chennai,Instagram,VIP
C00107,2023-12-28,54,Male,Bangalore,Direct,Regular
C00108,2024-12-16,58,Male,Mumbai,Referral,Regular
C00109,2025-01-06,33,Female,Lucknow,Direct,Premium
C00110,2026-07-08,29,Male,Chennai,Google,Budget
C00111,2026-04-13,43,Male,Delhi,Google,Regular
C00112,2024-06-11,53,Other,Pune,Instagram,Regular
C00113,2025-02-26,37,Female,Bangalore,Organic Search,VIP
C00114,2024-03-10,22,Female,Delhi,Instagram,Premium
C00115,2026-05-24,62,Male,Ahmedabad,Google,Premium
C00116,2026-04-08,49,Other,Chennai,Organic Search,Regular
C00117,2024-07-20,44,Female,Mumbai,YouTube,Regular
C00118,2025-07-28,18,Male,Kolkata,Direct,Premium
C00119,2025-06-25,48,Female,Bangalore,Referral,Premium
C00120,2024-02-11,54,Female,Bangalore,Google,Regular
C00121,2025-12-10,63,Male,Hyderabad,Google,Regular
C00122,2025-04-10,49,Male,Ahmedabad,Instagram,Regular
C00123,2025-12-28,20,Female,Mumbai,Referral,Regular
C00124,2025-03-31,47,Female,Mumbai,Instagram,Budget
C00125,2023-08-28,32,Female,Delhi,Organic Search,Premium
C00126,2024-08-17,51,Male,Delhi,Referral,Regular
C00127,2023-09-18,51,Male,Pune,YouTube,Premium
C00128,2026-06-11,47,Female,Bangalore,Organic Search,Premium
C00129,2026-04-17,27,Female,Lucknow,Organic Search,Budget
C00130,2026-02-24,22,Other,Chennai,Google,Budget
C00131,2024-07-30,60,Male,Bangalore,Referral,Regular
C00132,2023-10-30,33,Male,Pune,Organic Search,Budget
C00133,2026-04-16,21,Male,Bangalore,Direct,Regular
C00134,2026-06-30,49,Male,Lucknow,Google,Premium
C00135,2023-11-29,35,Male,Pune,Instagram,Budget
C00136,2025-02-10,58,Male,Delhi,Instagram,Regular
C00137,2023-11-11,44,Male,Jaipur,YouTube,Regular
C00138,2025-12-08,47,Male,Mumbai,Google,Premium
C00139,2025-12-14,52,Male,Ahmedabad,YouTube,Regular
C00140,2024-01-15,40,Female,Delhi,Organic Search,Budget
C00141,2025-01-29,24,Female,Kolkata,YouTube,Regular
C00142,2025-04-21,62,Female,Pune,Referral,Budget
C00143,2024-06-13,42,Female,Lucknow,Referral,Premium
C00144,2026-04-10,39,Male,Jaipur,Direct,Regular
C00145,2024-12-03,21,Male,Jaipur,YouTube,Budget
C00146,2024-04-16,64,Female,Ahmedabad,Referral,Regular
C00147,2025-04-10,59,Male,Pune,Direct,Regular
C00148,2025-11-05,62,Male,Jaipur,Google,Budget
C00149,2024-04-04,23,Male,Hyderabad,Direct,Budget
C00150,2024-08-03,47,Male,Kolkata,Organic Search,Budget
C00151,2026-08-22,48,Male,Hyderabad,Direct,Premium
C00152,2025-08-09,37,Other,Hyderabad,Instagram,VIP
C00153,2024-12-20,47,Male,Bangalore,Organic Search,Premium
C00154,2025-03-17,28,Female,Bangalore,Organic Search,Budget
C00155,2024-01-07,43,Male,Bangalore,Instagram,Premium
C00156,2024-04-30,29,Male,Lucknow,Organic Search,Budget
C00157,2024-09-01,28,Female,Bangalore,Instagram,Regular
C00158,2025-06-02,27,Female,Lucknow,Direct,Regular
C00159,2024-05-06,19,Male,Chennai,Instagram,Budget
C00160,2024-04-25,32,Male,Kolkata,Organic Search,Budget
C00161,2023-11-13,22,Female,Delhi,Instagram,Premium
C00162,2025-07-19,26,Male,Bangalore,Instagram,Premium
C00163,2024-05-04,39,Male,Ahmedabad,Organic Search,Premium
C00164,2026-05-16,47,Female,Chennai,Organic Search,Regular
C00165,2026-03-27,43,Female,Jaipur,Direct,Regular
C00166,2023-11-13,57,Male,Ahmedabad,Google,Regular
C00167,2024-05-14,55,Female,Mumbai,Google,Premium
C00168,2025-08-30,19,Female,Ahmedabad,Google,Regular
C00169,2024-04-18,23,Female,Kolkata,Organic Search,Regular
C00170,2024-01-20,32,Female,Mumbai,Referral,Premium
C00171,2026-06-18,53,Other,Jaipur,Google,Budget
C00172,2025-05-14,50,Male,Pune,Organic Search,Regular
C00173,2025-01-27,27,Male,Pune,Referral,Regular
C00174,2026-01-03,62,Male,Ahmedabad,YouTube,Regular
C00175,2026-01-29,46,Male,Delhi,Instagram,Regular
C00176,2024-03-23,53,Female,Chennai,Organic Search,VIP
C00177,2023-12-12,57,Female,Ahmedabad,YouTube,Regular
C00178,2024-12-12,60,Male,Ahmedabad,YouTube,Regular
C00179,2024-12-04,64,Female,Hyderabad,Direct,Premium
C00180,2025-01-20,54,Female,Lucknow,Organic Search,Regular
C00181,2025-11-04,26,Male,Ahmedabad,Organic Search,Premium
C00182,2025-09-04,18,Male,Chennai,Instagram,Budget
C00183,2026-08-10,40,Female,Pune,YouTube,Regular
C00184,2023-12-13,38,Male,Chennai,Google,Premium
C00185,2024-11-11,43,Male,Hyderabad,Referral,Premium
C00186,2024-09-02,19,Male,Delhi,Direct,Regular
C00187,2026-03-29,61,Female,Pune,Instagram,Regular
C00188,2024-05-26,23,Male,Mumbai,Google,Regular
C00189,2024-03-23,39,Male,Delhi,Referral,Budget
C00190,2024-12-31,37,Male,Hyderabad,Google,Budget
C00191,2024-12-02,57,Female,Mumbai,Google,Regular
C00192,2024-06-28,36,Male,Mumbai,Instagram,Regular
C00193,2024-05-27,57,Female,Mumbai,Organic Search,Regular
C00194,2026-06-04,19,Female,Mumbai,Google,Regular
C00195,2024-12-25,21,Male,Kolkata,Direct,Regular
C00196,2026-03-29,27,Female,Delhi,Google,Budget
C00197,2025-04-22,45,Female,Kolkata,Referral,Budget
C00198,2023-10-22,20,Male,Ahmedabad,Instagram,Premium
C00199,2026-08-27,20,Female,Ahmedabad,Instagram,Budget
C00200,2026-03-01,31,Female,Hyderabad,Direct,Budget
C00201,2026-07-25,31,Male,Delhi,Instagram,Budget
C00202,2026-06-08,40,Female,Bangalore,Referral,Regular
C00203,2026-03-15,19,Female,Chennai,Google,Regular
C00204,2024-02-26,19,Male,Kolkata,Google,Regular
C00205,2025-02-10,55,Female,Jaipur,YouTube,Regular
C00206,2024-04-18,39,Female,Mumbai,Direct,Regular
C00207,2024-11-09,63,Male,Mumbai,YouTube,Regular
C00208,2023-10-31,26,Female,Jaipur,Google,Budget
C00209,2024-10-16,60,Male,Lucknow,Referral,Budget
C00210,2026-08-11,40,Female,Pune,Direct,Budget
C00211,2024-06-13,53,Female,Delhi,Referral,Regular
C00212,2026-01-03,29,Male,Lucknow,Instagram,Regular
C00213,2025-01-07,48,Female,Ahmedabad,Google,Regular
C00214,2024-12-03,24,Female,Mumbai,Google,Regular
C00215,2026-07-12,63,Male,Pune,Organic Search,Budget
C00216,2026-08-22,53,Female,Chennai,Organic Search,Regular
C00217,2025-04-28,53,Female,Kolkata,Referral,VIP
C00218,2025-10-23,64,Female,Pune,Organic Search,Budget
C00219,2024-02-13,53,Female,Bangalore,Referral,Budget
C00220,2024-07-18,62,Male,Jaipur,Organic Search,Budget
C00221,2026-07-24,26,Male,Mumbai,YouTube,Regular
C00222,2025-05-23,59,Male,Bangalore,Organic Search,Premium
C00223,2025-04-13,61,Other,Pune,Referral,Regular
C00224,2025-11-24,61,Female,Mumbai,Instagram,VIP
C00225,2023-10-29,64,Male,Ahmedabad,Organic Search,Regular
C00226,2025-05-29,34,Female,Pune,Referral,VIP
C00227,2025-03-01,35,Female,Lucknow,Instagram,Regular
C00228,2026-03-19,49,Female,Kolkata,Direct,Regular
C00229,2024-02-16,39,Female,Chennai,Organic Search,Budget
C00230,2026-07-16,25,Other,Kolkata,Organic Search,Premium
C00231,2023-11-23,56,Male,Lucknow,Referral,Regular
C00232,2024-03-18,41,Male,Delhi,Direct,Regular
C00233,2025-06-10,43,Female,Kolkata,Google,Regular
C00234,2025-09-06,46,Female,Delhi,Referral,Regular
C00235,2024-05-11,61,Male,Kolkata,YouTube,VIP
C00236,2024-01-06,30,Female,Bangalore,Instagram,Budget
C00237,2026-04-29,46,Female,Chennai,YouTube,Regular
C00238,2024-05-23,61,Other,Lucknow,Instagram,Regular
C00239,2025-06-09,37,Female,Mumbai,Instagram,Regular
C00240,2025-07-06,47,Female,Delhi,Google,Budget
C00241,2024-11-29,18,Female,Jaipur,Instagram,Regular
C00242,2025-05-28,21,Male,Lucknow,Organic Search,Regular
C00243,2025-03-22,23,Other,Ahmedabad,YouTube,Regular
C00244,2026-06-17,42,Female,Hyderabad,Google,VIP
C00245,2024-04-07,62,Male,Delhi,Google,Budget
C00246,2025-10-20,20,Female,Chennai,Instagram,VIP
C00247,2024-05-15,26,Female,Lucknow,Referral,Regular
C00248,2024-11-03,52,Female,Mumbai,Instagram,Premium
C00249,2025-09-02,55,Female,Jaipur,Referral,Regular
C00250,2024-07-21,51,Male,Ahmedabad,Google,Budget
C00251,2024-08-08,26,Male,Delhi,Direct,Premium
C00252,2025-11-29,57,Female,Delhi,Google,Regular
C00253,2023-11-15,25,Female,Lucknow,Referral,VIP
C00254,2025-01-11,30,Female,Mumbai,Instagram,Premium
C00255,2026-08-26,46,Female,Bangalore,Google,Regular
C00256,2026-08-23,44,Female,Mumbai,Direct,Premium
C00257,2023-11-16,57,Male,Jaipur,Google,Budget
C00258,2024-04-17,59,Male,Pune,Instagram,Premium
C00259,2024-06-13,62,Female,Bangalore,Direct,Budget
C00260,2026-06-15,49,Male,Kolkata,Instagram,Premium
C00261,2026-04-19,31,Female,Kolkata,Instagram,Budget
C00262,2026-04-17,44,Other,Mumbai,Instagram,Regular
C00263,2024-10-06,41,Female,Pune,Google,Budget
C00264,2024-02-16,58,Other,Chennai,Instagram,VIP
C00265,2026-02-26,49,Female,Hyderabad,Google,Premium
C00266,2025-10-07,39,Female,Pune,Google,Regular
C00267,2025-06-28,35,Female,Hyderabad,Referral,Regular
C00268,2026-08-14,29,Male,Mumbai,Google,Regular
C00269,2025-08-13,28,Female,Lucknow,Instagram,Regular
C00270,2023-09-05,21,Male,Jaipur,Instagram,Premium
C00271,2026-02-08,46,Male,Delhi,Organic Search,Budget
C00272,2024-07-21,28,Male,Mumbai,Direct,Budget
C00273,2025-08-24,46,Female,Chennai,Referral,Regular
C00274,2026-06-22,22,Other,Mumbai,Google,Premium
C00275,2024-01-22,51,Male,Mumbai,Referral,Regular
C00276,2024-01-01,32,Male,Ahmedabad,Instagram,Budget
C00277,2023-12-23,46,Female,Delhi,Organic Search,Regular
C00278,2025-04-25,61,Male,Lucknow,Referral,Premium
C00279,2024-06-21,42,Male,Kolkata,Instagram,Regular
C00280,2025-06-20,53,Female,Jaipur,Instagram,Regular
C00281,2025-10-22,19,Female,Mumbai,Instagram,Budget
C00282,2024-04-07,35,Male,Pune,Google,Regular
C00283,2025-07-23,50,Female,Jaipur,Instagram,Regular
C00284,2024-06-12,41,Male,Jaipur,Referral,Budget
C00285,2025-02-13,39,Male,Mumbai,Referral,Budget
C00286,2026-05-16,50,Female,Mumbai,Direct,Budget
C00287,2026-03-12,30,Male,Pune,Google,VIP
C00288,2023-12-07,43,Female,Delhi,Organic Search,Budget
C00289,2024-12-04,61,Male,Bangalore,Direct,Regular
C00290,2024-06-26,26,Male,Jaipur,Organic Search,Premium
C00291,2023-08-31,45,Female,Kolkata,Referral,Regular
C00292,2025-12-20,23,Female,Lucknow,YouTube,Budget
C00293,2025-07-26,59,Male,Delhi,Instagram,Budget
C00294,2024-06-10,30,Male,Bangalore,Instagram,VIP
C00295,2025-11-17,53,Female,Kolkata,YouTube,Budget
C00296,2025-04-23,61,Female,Delhi,Referral,Regular
C00297,2024-12-08,58,Female,Lucknow,Google,Budget
C00298,2023-09-07,32,Male,Mumbai,Direct,Premium
C00299,2023-11-18,41,Male,Hyderabad,Organic Search,Premium
C00300,2026-04-21,41,Female,Bangalore,Referral,Regular
C00301,2026-05-14,51,Female,Delhi,Referral,Premium
C00302,2025-04-16,56,Male,Bangalore,Google,Regular
C00303,2026-02-27,20,Female,Ahmedabad,Organic Search,Budget
C00304,2025-05-27,43,Female,Kolkata,Referral,Regular
C00305,2024-02-06,19,Male,Chennai,Instagram,Regular
C00306,2024-01-14,64,Female,Kolkata,Google,Regular
C00307,2024-07-30,23,Female,Jaipur,Direct,Regular
C00308,2026-05-09,54,Male,Mumbai,Organic Search,Budget
C00309,2026-01-16,62,Male,Lucknow,Instagram,Budget
C00310,2026-03-28,27,Male,Jaipur,YouTube,Budget
C00311,2026-05-09,60,Female,Jaipur,Instagram,Budget
C00312,2024-04-14,60,Female,Chennai,Referral,Premium
C00313,2024-05-27,61,Male,Pune,Instagram,Budget
C00314,2023-12-18,31,Male,Chennai,Direct,Budget
C00315,2025-12-30,52,Male,Chennai,Instagram,Budget
C00316,2026-04-23,31,Female,Hyderabad,Direct,VIP
C00317,2024-11-15,60,Male,Jaipur,Referral,Premium
C00318,2025-07-08,48,Male,Delhi,Google,Regular
C00319,2024-02-13,40,Male,Hyderabad,Organic Search,Budget
C00320,2026-06-12,25,Other,Mumbai,Organic Search,Budget
C00321,2026-04-01,55,Female,Pune,Google,Regular
C00322,2026-08-01,43,Male,Delhi,Google,Premium
C00323,2026-02-01,64,Female,Ahmedabad,Organic Search,Premium
C00324,2026-04-20,18,Male,Chennai,Referral,Regular
C00325,2023-09-24,45,Male,Pune,Google,Premium
C00326,2025-11-12,42,Female,Jaipur,Instagram,Regular
C00327,2024-08-26,28,Female,Pune,Google,Regular
C00328,2026-06-13,23,Female,Jaipur,Google,Premium
C00329,2026-01-23,18,Male,Pune,Referral,Regular
C00330,2026-04-01,18,Male,Kolkata,Referral,Regular
C00331,2026-02-01,46,Male,Mumbai,Referral,Regular
C00332,2024-06-15,55,Male,Bangalore,Instagram,Regular
C00333,2026-01-06,19,Male,Bangalore,Referral,VIP
C00334,2023-12-24,19,Male,Chennai,Organic Search,Budget
C00335,2026-04-09,22,Male,Chennai,Google,Regular
C00336,2026-03-26,60,Female,Pune,Organic Search,Premium
C00337,2024-04-27,60,Male,Kolkata,YouTube,Premium
C00338,2026-02-07,32,Male,Bangalore,Instagram,VIP
C00339,2025-01-13,39,Male,Hyderabad,Google,Regular
C00340,2024-07-27,44,Female,Bangalore,Referral,Budget
C00341,2026-01-15,47,Female,Mumbai,Direct,Premium
C00342,2024-05-03,47,Male,Lucknow,Organic Search,Budget
C00343,2023-09-22,59,Male,Ahmedabad,Direct,Regular
C00344,2024-03-26,24,Female,Ahmedabad,Referral,Budget
C00345,2024-08-21,30,Female,Pune,YouTube,Regular
C00346,2026-04-01,43,Male,Lucknow,Instagram,Regular
C00347,2026-07-22,59,Female,Mumbai,Google,Premium
C00348,2024-06-28,41,Female,Kolkata,Referral,Budget
C00349,2025-07-31,53,Male,Kolkata,Referral,Budget
C00350,2024-11-08,52,Female,Mumbai,Instagram,Budget
C00351,2026-08-07,54,Female,Kolkata,Referral,Budget
C00352,2025-04-06,31,Female,Jaipur,YouTube,VIP
C00353,2026-06-22,52,Female,Delhi,Google,Regular
C00354,2024-01-01,56,Female,Kolkata,Google,Premium
C00355,2026-07-26,21,Female,Lucknow,Direct,Premium
C00356,2024-03-10,53,Male,Mumbai,Referral,Regular
C00357,2026-07-17,50,Male,Jaipur,Referral,Regular
C00358,2024-06-13,19,Female,Chennai,Google,Regular
C00359,2023-12-24,20,Female,Lucknow,Google,Regular
C00360,2024-12-16,40,Male,Pune,Referral,Premium
C00361,2025-11-03,47,Male,Pune,Referral,VIP
C00362,2024-08-05,30,Female,Jaipur,Instagram,Regular
C00363,2025-06-22,47,Male,Mumbai,Google,VIP
C00364,2025-03-10,20,Female,Kolkata,Google,Budget
C00365,2024-10-23,22,Female,Ahmedabad,Referral,Premium
C00366,2025-05-20,38,Male,Pune,Instagram,Premium
C00367,2024-06-02,50,Female,Pune,Instagram,Budget
C00368,2025-10-12,53,Male,Delhi,Google,Regular
C00369,2023-08-29,19,Female,Jaipur,YouTube,Premium
C00370,2026-06-07,40,Female,Delhi,YouTube,Premium
C00371,2025-04-09,60,Female,Chennai,Google,Regular
C00372,2025-10-24,59,Female,Bangalore,Organic Search,Regular
C00373,2025-11-18,31,Female,Kolkata,Google,Budget
C00374,2025-09-01,38,Male,Delhi,Google,VIP
C00375,2024-09-30,35,Female,Jaipur,Referral,Regular
C00376,2023-11-12,50,Female,Mumbai,Referral,Premium
C00377,2025-08-25,20,Female,Pune,Instagram,Regular
C00378,2024-08-23,25,Male,Hyderabad,Instagram,VIP
C00379,2024-08-06,29,Other,Hyderabad,YouTube,Budget
C00380,2026-03-14,23,Male,Delhi,Referral,Budget
C00381,2025-10-24,22,Female,Lucknow,Instagram,Regular
C00382,2024-07-22,48,Female,Jaipur,YouTube,Budget
C00383,2024-07-31,38,Male,Bangalore,Instagram,Regular
C00384,2024-11-17,50,Female,Kolkata,Google,Budget
C00385,2024-11-11,46,Female,Pune,YouTube,Budget
C00386,2024-07-17,52,Male,Pune,Organic Search,Premium
C00387,2024-01-14,39,Other,Kolkata,Google,Regular
C00388,2024-11-30,55,Male,Lucknow,Organic Search,Budget
C00389,2026-06-23,22,Male,Chennai,Organic Search,Regular
C00390,2025-09-08,35,Male,Hyderabad,Google,Regular
C00391,2026-05-13,28,Male,Hyderabad,Google,Budget
C00392,2025-07-02,21,Female,Delhi,YouTube,Regular
C00393,2024-07-22,46,Male,Chennai,Direct,Budget
C00394,2025-04-19,34,Female,Jaipur,Organic Search,Regular
C00395,2023-08-28,46,Male,Delhi,Instagram,Premium
C00396,2024-07-07,38,Female,Kolkata,Referral,Premium
C00397,2024-12-11,25,Male,Mumbai,Instagram,Regular
C00398,2025-05-24,36,Male,Mumbai,YouTube,Budget
C00399,2025-08-14,25,Male,Mumbai,Instagram,Budget
C00400,2025-01-18,41,Male,Hyderabad,Organic Search,Regular
C00401,2024-12-24,63,Other,Hyderabad,Organic Search,Regular
C00402,2024-04-18,45,Male,Lucknow,Instagram,Regular
C00403,2025-01-27,49,Male,Lucknow,Instagram,Budget
C00404,2026-05-11,45,Female,Ahmedabad,Organic Search,Regular
C00405,2026-01-16,19,Female,Bangalore,Instagram,Regular
C00406,2024-02-29,31,Male,Jaipur,Referral,Budget
C00407,2023-11-28,27,Female,Ahmedabad,Instagram,Regular
C00408,2025-03-14,49,Female,Delhi,Instagram,Regular
C00409,2025-07-21,57,Female,Jaipur,Google,Regular
C00410,2024-08-29,42,Male,Hyderabad,Google,Budget
C00411,2026-02-09,49,Female,Mumbai,Referral,Regular
C00412,2025-11-28,49,Male,Kolkata,Organic Search,Premium
C00413,2025-09-03,35,Female,Chennai,Direct,Premium
C00414,2024-04-30,63,Female,Pune,Organic Search,Regular
C00415,2024-04-02,45,Male,Delhi,Instagram,Regular
C00416,2023-09-23,44,Other,Bangalore,Instagram,Regular
C00417,2024-05-22,39,Female,Mumbai,YouTube,Regular
C00418,2025-01-29,36,Male,Kolkata,Referral,Premium
C00419,2026-03-16,54,Male,Lucknow,Referral,Premium
C00420,2023-11-15,61,Female,Mumbai,Google,Budget
C00421,2024-11-24,59,Female,Jaipur,Referral,Premium
C00422,2025-07-18,56,Female,Delhi,Google,Premium
C00423,2024-03-28,53,Male,Lucknow,Organic Search,Premium
C00424,2025-09-29,31,Male,Delhi,Organic Search,Regular
C00425,2025-02-19,33,Male,Kolkata,YouTube,Regular
C00426,2024-05-21,21,Male,Hyderabad,Organic Search,Premium
C00427,2025-08-16,52,Male,Pune,Google,Regular
C00428,2023-09-03,38,Male,Hyderabad,Instagram,Regular
C00429,2025-11-28,34,Female,Hyderabad,YouTube,Premium
C00430,2025-12-18,54,Female,Kolkata,Organic Search,Budget
C00431,2023-12-22,41,Female,Delhi,Referral,Budget
C00432,2024-12-05,36,Female,Bangalore,Instagram,Regular
C00433,2024-03-07,47,Other,Chennai,Organic Search,Regular
C00434,2026-07-12,62,Male,Kolkata,Organic Search,Budget
C00435,2025-03-17,45,Female,Jaipur,Direct,Regular
C00436,2023-10-22,34,Female,Hyderabad,Organic Search,Budget
C00437,2024-05-27,23,Other,Kolkata,Referral,Regular
C00438,2026-03-14,27,Male,Mumbai,Referral,Regular
C00439,2025-01-09,23,Female,Bangalore,Direct,Regular
C00440,2026-01-22,63,Male,Chennai,Organic Search,Budget
C00441,2025-08-28,38,Male,Chennai,Organic Search,Regular
C00442,2026-08-14,56,Female,Bangalore,YouTube,Premium
C00443,2025-06-10,23,Male,Jaipur,Organic Search,Regular
C00444,2026-07-04,53,Male,Ahmedabad,Instagram,Regular
C00445,2026-05-01,45,Male,Kolkata,Direct,Budget
C00446,2025-06-29,33,Male,Lucknow,Organic Search,Regular
C00447,2025-10-24,26,Female,Ahmedabad,Instagram,Regular
C00448,2025-03-03,60,Male,Hyderabad,Google,Premium
C00449,2026-02-23,23,Female,Delhi,Organic Search,Regular
C00450,2025-04-19,41,Female,Kolkata,Google,Premium
C00451,2026-05-07,31,Female,Lucknow,Direct,Budget
C00452,2025-11-20,40,Male,Ahmedabad,Google,Regular
C00453,2025-01-29,38,Female,Jaipur,Instagram,Budget
C00454,2024-06-07,21,Male,Jaipur,Direct,Regular
C00455,2024-05-24,34,Other,Delhi,Google,Regular
C00456,2025-07-26,56,Female,Mumbai,Referral,Budget
C00457,2025-12-14,51,Female,Chennai,Instagram,Regular
C00458,2025-03-21,19,Male,Bangalore,Referral,Regular
C00459,2025-07-14,41,Female,Pune,Organic Search,Regular
C00460,2024-06-23,49,Male,Hyderabad,Referral,Premium
C00461,2023-11-20,39,Male,Ahmedabad,Direct,Premium
C00462,2024-07-06,45,Male,Jaipur,Referral,Premium
C00463,2024-06-20,19,Male,Bangalore,Direct,Regular
C00464,2024-08-12,52,Male,Hyderabad,YouTube,Regular
C00465,2025-04-11,60,Female,Bangalore,Instagram,Budget
C00466,2024-01-26,25,Male,Jaipur,Referral,Regular
C00467,2024-05-07,26,Male,Ahmedabad,Referral,Regular
C00468,2025-09-26,23,Female,Kolkata,Referral,Regular
C00469,2025-10-10,44,Male,Ahmedabad,YouTube,Regular
C00470,2023-11-06,25,Female,Chennai,YouTube,Regular
C00471,2024-11-16,36,Female,Kolkata,Direct,Regular
C00472,2025-04-13,38,Female,Delhi,Instagram,Premium
C00473,2024-11-25,48,Female,Chennai,Referral,Regular
C00474,2024-04-10,42,Female,Lucknow,Instagram,Premium
C00475,2024-11-30,45,Female,Hyderabad,Direct,Budget
C00476,2026-05-15,61,Other,Delhi,Organic Search,Regular
C00477,2025-05-29,38,Male,Pune,Organic Search,Regular
C00478,2025-09-28,43,Male,Ahmedabad,Instagram,Premium
C00479,2026-03-23,52,Male,Jaipur,Organic Search,Budget
C00480,2025-12-14,28,Female,Pune,Organic Search,Premium
C00481,2024-10-17,47,Other,Bangalore,Instagram,Premium
C00482,2023-09-03,51,Male,Ahmedabad,Instagram,Regular
C00483,2024-09-16,23,Female,Mumbai,Organic Search,Regular
C00484,2025-11-30,20,Female,Jaipur,Instagram,Regular
C00485,2026-03-20,38,Male,Chennai,Google,Premium
C00486,2026-07-07,53,Female,Kolkata,Organic Search,Budget
C00487,2024-11-29,32,Male,Mumbai,Direct,Budget
C00488,2025-11-24,44,Male,Pune,Google,Regular
C00489,2025-04-17,52,Male,Hyderabad,Instagram,Regular
C00490,2025-06-19,31,Female,Kolkata,Instagram,Premium
C00491,2024-04-25,63,Female,Lucknow,Organic Search,Premium
C00492,2024-04-24,62,Other,Jaipur,Google,Premium
C00493,2024-12-17,36,Female,Ahmedabad,Organic Search,Regular
C00494,2023-09-28,57,Male,Jaipur,Instagram,Regular
C00495,2024-08-30,42,Female,Chennai,Google,Regular
C00496,2025-09-10,47,Female,Hyderabad,Direct,Premium
C00497,2024-11-13,63,Male,Ahmedabad,Instagram,Budget
C00498,2024-02-24,46,Female,Bangalore,Google,Premium
C00499,2025-01-21,38,Female,Chennai,Google,Budget
C00500,2024-01-14,61,Male,Jaipur,Direct,Regular
C00501,2025-07-09,34,Male,Mumbai,Instagram,Regular
C00502,2023-09-26,57,Male,Jaipur,Google,Budget
C00503,2024-11-01,39,Female,Bangalore,YouTube,Premium
C00504,2025-05-07,21,Female,Hyderabad,Google,Regular
C00505,2023-09-26,39,Male,Ahmedabad,Referral,Premium
C00506,2025-08-01,18,Male,Pune,Instagram,Regular
C00507,2024-01-23,34,Male,Pune,Instagram,Budget
C00508,2025-01-15,59,Other,Mumbai,Referral,Regular
C00509,2023-10-22,62,Male,Mumbai,YouTube,Budget
C00510,2024-10-16,63,Male,Ahmedabad,Instagram,Budget
C00511,2024-04-15,43,Male,Chennai,Referral,Regular
C00512,2024-08-20,60,Male,Jaipur,Google,Budget
C00513,2025-12-09,58,Female,Chennai,Google,Regular
C00514,2024-10-16,58,Male,Bangalore,YouTube,VIP
C00515,2025-11-29,62,Male,Bangalore,Google,Premium
C00516,2026-02-24,62,Female,Mumbai,Organic Search,VIP
C00517,2024-05-30,22,Male,Kolkata,Organic Search,Premium
C00518,2023-11-25,64,Female,Delhi,Instagram,Regular
C00519,2023-09-18,53,Male,Bangalore,Referral,Regular
C00520,2025-04-10,50,Male,Bangalore,Google,VIP
C00521,2026-08-27,46,Female,Delhi,Direct,Regular
C00522,2024-09-14,31,Female,Pune,Instagram,Budget
C00523,2025-08-09,20,Female,Chennai,Direct,Budget
C00524,2025-12-31,33,Other,Delhi,Instagram,Regular
C00525,2025-08-11,52,Male,Kolkata,Referral,Budget
C00526,2025-12-01,38,Female,Jaipur,Organic Search,Regular
C00527,2026-07-03,45,Male,Delhi,Google,Budget
C00528,2024-04-02,26,Male,Lucknow,Referral,Budget
C00529,2023-09-19,49,Female,Jaipur,YouTube,Regular
C00530,2024-02-11,49,Male,Jaipur,Instagram,Regular
C00531,2024-01-13,41,Male,Ahmedabad,Instagram,Regular
C00532,2025-08-30,54,Female,Mumbai,Direct,Regular
C00533,2025-05-07,27,Female,Bangalore,Google,Budget
C00534,2024-04-22,28,Male,Pune,Organic Search,Regular
C00535,2025-10-02,29,Female,Hyderabad,Instagram,VIP
C00536,2025-12-15,47,Male,Bangalore,Direct,Regular
C00537,2024-02-27,44,Male,Lucknow,Google,Regular
C00538,2025-06-23,32,Female,Lucknow,Direct,Budget
C00539,2025-11-24,59,Male,Bangalore,Direct,Regular
C00540,2023-12-31,26,Other,Hyderabad,Instagram,VIP
C00541,2026-02-10,39,Female,Chennai,YouTube,Regular
C00542,2026-07-20,62,Female,Kolkata,YouTube,Regular
C00543,2023-12-24,49,Female,Lucknow,Instagram,Regular
C00544,2023-09-25,61,Male,Kolkata,Referral,Budget
C00545,2024-08-03,41,Other,Delhi,YouTube,Regular
C00546,2025-09-08,34,Female,Delhi,Referral,Regular
C00547,2026-07-13,36,Male,Chennai,Instagram,Premium
C00548,2024-11-04,54,Female,Bangalore,Instagram,Regular
C00549,2025-10-19,51,Female,Pune,Instagram,Premium
C00550,2023-11-19,45,Male,Ahmedabad,Google,Premium
C00551,2025-09-22,29,Other,Bangalore,YouTube,VIP
C00552,2025-07-15,61,Female,Pune,Referral,Regular
C00553,2023-12-17,55,Female,Ahmedabad,YouTube,Regular
C00554,2025-12-21,34,Female,Delhi,YouTube,Regular
C00555,2026-03-16,64,Female,Bangalore,Instagram,Budget
C00556,2025-06-16,62,Male,Mumbai,Google,Budget
C00557,2024-01-07,55,Male,Chennai,YouTube,Regular
C00558,2026-08-10,48,Female,Delhi,YouTube,Regular
C00559,2026-01-01,60,Female,Lucknow,Instagram,Regular
C00560,2024-09-11,33,Female,Jaipur,Google,Budget
C00561,2024-12-09,47,Male,Bangalore,Instagram,VIP
C00562,2024-10-07,57,Male,Kolkata,Instagram,Regular
C00563,2025-03-04,54,Female,Chennai,Instagram,VIP
C00564,2024-09-04,26,Female,Hyderabad,Organic Search,Budget
C00565,2026-03-16,40,Female,Hyderabad,Google,Budget
C00566,2026-02-14,52,Female,Delhi,Instagram,Budget
C00567,2023-12-21,55,Male,Ahmedabad,Instagram,Premium
C00568,2026-07-16,33,Male,Delhi,Instagram,Regular
C00569,2025-07-24,64,Male,Delhi,Google,Premium
C00570,2026-02-21,31,Male,Kolkata,Direct,Regular
C00571,2025-10-11,56,Male,Jaipur,Instagram,Budget
C00572,2024-12-17,36,Male,Jaipur,Organic Search,Budget
C00573,2025-11-09,40,Female,Lucknow,Referral,Regular
C00574,2026-07-21,37,Female,Delhi,Organic Search,Premium
C00575,2024-06-19,41,Male,Hyderabad,Instagram,Premium
C00576,2026-01-29,35,Male,Delhi,Instagram,Regular
C00577,2025-04-08,28,Male,Mumbai,Google,Budget
C00578,2025-02-07,46,Male,Pune,Organic Search,Budget
C00579,2024-12-17,25,Male,Chennai,Direct,Budget
C00580,2025-11-06,45,Male,Mumbai,Instagram,Regular
C00581,2024-06-17,51,Male,Hyderabad,Direct,VIP
C00582,2026-03-18,36,Female,Ahmedabad,Direct,Budget
C00583,2026-02-23,40,Female,Mumbai,Direct,Premium
C00584,2023-11-30,27,Male,Chennai,Organic Search,Regular
C00585,2026-04-20,50,Male,Mumbai,Organic Search,VIP
C00586,2024-05-21,26,Male,Bangalore,Referral,VIP
C00587,2025-01-18,34,Male,Kolkata,YouTube,Regular
C00588,2025-06-26,64,Male,Bangalore,Google,Budget
C00589,2024-10-16,58,Male,Chennai,Organic Search,Premium
C00590,2023-09-28,33,Male,Pune,YouTube,Premium
C00591,2026-03-17,50,Female,Kolkata,Referral,Regular
C00592,2024-03-14,41,Female,Hyderabad,Organic Search,Regular
C00593,2024-04-16,61,Male,Ahmedabad,YouTube,Regular
C00594,2026-01-18,38,Male,Bangalore,Referral,Premium
C00595,2024-09-04,27,Female,Chennai,Organic Search,Budget
C00596,2026-04-18,55,Male,Pune,Organic Search,VIP
C00597,2025-10-04,52,Female,Pune,Referral,Regular
C00598,2024-06-25,41,Female,Jaipur,Direct,Regular
C00599,2023-09-08,55,Female,Kolkata,Organic Search,Premium
C00600,2026-07-02,57,Male,Pune,Instagram,Premium
C00601,2023-11-29,47,Male,Chennai,Google,Budget
C00602,2025-10-25,42,Female,Lucknow,Google,Regular
C00603,2025-02-13,29,Male,Chennai,Referral,VIP
C00604,2025-12-05,64,Female,Ahmedabad,Organic Search,Premium
C00605,2025-09-22,25,Male,Hyderabad,Direct,Premium
C00606,2025-08-04,46,Male,Kolkata,Organic Search,Regular
C00607,2025-02-15,57,Female,Chennai,Referral,Regular
C00608,2026-01-13,28,Other,Pune,Google,Budget
C00609,2023-12-07,61,Female,Jaipur,Referral,Premium
C00610,2024-04-26,62,Male,Chennai,Referral,Premium
C00611,2025-09-24,48,Female,Mumbai,Google,Premium
C00612,2024-07-28,41,Female,Jaipur,Direct,Premium
C00613,2025-05-26,43,Male,Chennai,YouTube,Budget
C00614,2025-01-27,50,Female,Delhi,Google,Regular
C00615,2025-03-31,38,Other,Pune,Google,Premium
C00616,2024-12-06,35,Female,Bangalore,Instagram,Regular
C00617,2025-11-22,61,Female,Mumbai,Instagram,VIP
C00618,2024-08-24,28,Male,Pune,Instagram,Regular
C00619,2025-10-06,43,Female,Chennai,YouTube,Regular
C00620,2024-06-19,55,Female,Lucknow,Instagram,Premium
C00621,2024-05-29,46,Female,Delhi,Organic Search,Regular
C00622,2024-01-07,33,Other,Kolkata,Google,Premium
C00623,2024-03-26,47,Female,Mumbai,YouTube,Premium
C00624,2024-01-06,37,Female,Pune,Direct,Regular
C00625,2025-04-06,54,Male,Chennai,Google,Regular
C00626,2025-12-10,60,Male,Lucknow,Google,Premium
C00627,2024-03-17,25,Female,Pune,YouTube,Budget
C00628,2024-04-21,20,Female,Lucknow,Direct,Budget
C00629,2025-02-08,44,Female,Mumbai,Instagram,Premium
C00630,2025-10-30,20,Male,Chennai,Instagram,Budget
C00631,2026-08-02,56,Female,Mumbai,Organic Search,Regular
C00632,2025-03-25,37,Female,Delhi,Referral,Budget
C00633,2024-07-03,43,Female,Hyderabad,Instagram,Premium
C00634,2023-12-16,58,Male,Lucknow,Direct,Budget
C00635,2024-03-27,62,Male,Hyderabad,Referral,Regular
C00636,2024-05-03,38,Female,Lucknow,Organic Search,Budget
C00637,2024-03-11,24,Female,Kolkata,Organic Search,Regular
C00638,2023-09-12,31,Female,Lucknow,Direct,Regular
C00639,2025-04-04,62,Female,Jaipur,Google,Regular
C00640,2024-06-23,63,Male,Jaipur,Google,Regular
C00641,2026-07-30,52,Female,Bangalore,Instagram,Premium
C00642,2025-04-25,53,Female,Ahmedabad,Google,Premium
C00643,2025-09-30,51,Female,Kolkata,Instagram,Regular
C00644,2024-01-13,62,Male,Chennai,Organic Search,Budget
C00645,2026-04-05,23,Male,Lucknow,Instagram,Budget
C00646,2025-02-16,38,Male,Bangalore,Direct,Budget
C00647,2026-04-10,21,Other,Pune,Organic Search,Regular
C00648,2025-05-18,58,Female,Kolkata,Referral,Premium
C00649,2025-01-23,54,Female,Bangalore,Instagram,Regular
C00650,2024-12-22,64,Female,Kolkata,Google,Premium
C00651,2024-03-17,38,Male,Kolkata,Referral,Premium
C00652,2023-10-23,51,Female,Jaipur,Google,Regular
C00653,2026-06-24,39,Male,Hyderabad,Direct,Regular
C00654,2025-02-01,38,Female,Mumbai,YouTube,Regular
C00655,2026-02-14,53,Other,Ahmedabad,Instagram,Budget
C00656,2024-11-09,56,Male,Mumbai,Instagram,Budget
C00657,2023-11-17,34,Male,Jaipur,Instagram,Regular
C00658,2025-07-17,23,Female,Chennai,Direct,Premium
C00659,2023-10-25,29,Female,Kolkata,Referral,Regular
C00660,2024-02-07,43,Male,Hyderabad,Google,Budget
C00661,2025-05-05,52,Male,Lucknow,Referral,Premium
C00662,2024-07-26,21,Female,Bangalore,Organic Search,Regular
C00663,2026-08-21,57,Male,Mumbai,Google,Regular
C00664,2024-01-04,57,Male,Bangalore,Direct,Budget
C00665,2025-12-12,60,Female,Hyderabad,Organic Search,Regular
C00666,2025-06-22,19,Female,Bangalore,YouTube,Budget
C00667,2026-01-10,31,Female,Bangalore,Direct,VIP
C00668,2024-05-01,35,Male,Ahmedabad,Instagram,Regular
C00669,2025-03-22,28,Male,Mumbai,Direct,Regular
C00670,2025-01-02,45,Male,Pune,Google,Regular
C00671,2024-12-25,58,Female,Chennai,Instagram,Budget
C00672,2026-03-27,56,Female,Hyderabad,Organic Search,Regular
C00673,2026-08-17,31,Female,Pune,Referral,VIP
C00674,2024-07-27,41,Male,Lucknow,Direct,Budget
C00675,2025-07-08,46,Other,Delhi,Direct,Budget
C00676,2025-06-26,58,Female,Lucknow,Referral,Budget
C00677,2025-11-16,29,Male,Bangalore,Instagram,Regular
C00678,2026-07-01,33,Female,Ahmedabad,Referral,VIP
C00679,2024-04-11,60,Female,Pune,Instagram,Regular
C00680,2024-04-15,37,Female,Hyderabad,Instagram,Regular
C00681,2025-08-20,51,Female,Pune,Google,Regular
C00682,2024-02-16,50,Female,Pune,Google,Regular
C00683,2024-03-05,19,Female,Mumbai,Instagram,Regular
C00684,2023-11-18,32,Male,Bangalore,Direct,Budget
C00685,2023-08-30,39,Female,Jaipur,Instagram,Regular
C00686,2025-01-02,62,Female,Mumbai,Referral,VIP
C00687,2025-06-08,27,Male,Lucknow,Organic Search,Budget
C00688,2024-07-12,55,Male,Delhi,Organic Search,Regular
C00689,2024-05-07,38,Female,Hyderabad,YouTube,Premium
C00690,2025-10-10,43,Other,Mumbai,Referral,Regular
C00691,2025-10-06,37,Male,Kolkata,Instagram,Premium
C00692,2025-01-06,49,Female,Mumbai,Instagram,Regular
C00693,2025-09-19,51,Male,Delhi,Organic Search,Regular
C00694,2026-06-05,28,Female,Kolkata,Organic Search,Premium
C00695,2026-01-07,36,Female,Ahmedabad,Instagram,Regular
C00696,2025-07-13,18,Male,Ahmedabad,Instagram,Regular
C00697,2025-08-21,26,Male,Jaipur,Google,Premium
C00698,2026-06-16,50,Female,Jaipur,Instagram,Premium
C00699,2024-12-05,19,Female,Pune,YouTube,Regular
C00700,2025-04-15,60,Female,Delhi,Organic Search,Regular
C00701,2025-08-06,28,Female,Hyderabad,Referral,Regular
C00702,2026-05-19,60,Female,Hyderabad,Instagram,Regular
C00703,2026-02-18,20,Male,Delhi,Google,VIP
C00704,2023-11-14,38,Male,Chennai,Organic Search,VIP
C00705,2024-02-25,24,Female,Hyderabad,YouTube,Premium
C00706,2024-07-30,18,Male,Ahmedabad,Referral,Regular
C00707,2025-11-25,41,Female,Kolkata,Instagram,Premium
C00708,2025-05-12,22,Male,Lucknow,Google,Regular
C00709,2024-07-09,33,Female,Chennai,Direct,Budget
C00710,2024-01-11,62,Female,Pune,Referral,Premium
C00711,2025-09-20,40,Female,Kolkata,YouTube,Regular
C00712,2025-10-02,39,Male,Chennai,Google,Premium
C00713,2026-06-26,64,Female,Mumbai,Organic Search,Premium
C00714,2025-02-26,54,Female,Delhi,Google,Regular
C00715,2025-02-19,47,Male,Lucknow,Direct,Budget
C00716,2023-11-24,64,Male,Hyderabad,Instagram,Budget
C00717,2023-10-10,28,Male,Kolkata,Google,Regular
C00718,2024-12-13,32,Female,Ahmedabad,Referral,Regular
C00719,2024-08-15,64,Female,Mumbai,Referral,Regular
C00720,2024-05-28,64,Female,Delhi,Google,Regular
C00721,2023-12-06,18,Female,Mumbai,YouTube,VIP
C00722,2026-07-17,56,Male,Lucknow,YouTube,Budget
C00723,2026-03-01,43,Female,Kolkata,Organic Search,VIP
C00724,2025-05-19,18,Male,Mumbai,Direct,Regular
C00725,2026-07-05,20,Female,Chennai,Google,Premium
C00726,2026-08-27,33,Male,Jaipur,Referral,Premium
C00727,2025-09-02,39,Female,Bangalore,Instagram,Regular
C00728,2024-06-18,24,Male,Bangalore,Organic Search,Regular
C00729,2023-10-11,32,Male,Chennai,Google,Regular
C00730,2025-12-03,35,Female,Delhi,Instagram,Premium
C00731,2025-01-24,29,Male,Ahmedabad,Direct,Budget
C00732,2025-08-11,62,Male,Pune,YouTube,VIP
C00733,2026-05-28,59,Male,Bangalore,Instagram,Premium
C00734,2024-03-13,57,Male,Hyderabad,YouTube,Premium
C00735,2025-05-30,48,Female,Delhi,Referral,Regular
C00736,2025-07-23,45,Female,Delhi,Organic Search,Regular
C00737,2025-02-16,42,Female,Jaipur,Referral,Premium
C00738,2023-12-06,62,Male,Lucknow,Organic Search,Budget
C00739,2024-09-12,36,Female,Kolkata,Referral,Regular
C00740,2024-08-27,23,Female,Mumbai,Google,Regular
C00741,2025-08-31,38,Female,Hyderabad,Direct,Regular
C00742,2026-03-25,59,Male,Pune,Google,Regular
C00743,2024-08-23,57,Female,Delhi,YouTube,Premium
C00744,2025-09-26,61,Female,Mumbai,Referral,Budget
C00745,2024-07-08,43,Male,Mumbai,Google,Regular
C00746,2026-06-28,64,Female,Bangalore,Referral,Regular
C00747,2026-02-04,62,Female,Chennai,Organic Search,Budget
C00748,2025-04-21,53,Female,Lucknow,Referral,Premium
C00749,2025-01-07,21,Male,Kolkata,Instagram,Budget
C00750,2024-08-06,54,Female,Mumbai,YouTube,Budget
C00751,2024-08-16,39,Male,Chennai,Direct,Premium
C00752,2026-07-26,63,Female,Pune,YouTube,Budget
C00753,2024-11-12,57,Female,Kolkata,Direct,Premium
C00754,2025-03-13,19,Female,Mumbai,Referral,Budget
C00755,2026-08-14,44,Other,Lucknow,Instagram,Regular
C00756,2025-08-17,48,Male,Mumbai,Direct,Premium
C00757,2025-04-13,38,Female,Chennai,Google,Budget
C00758,2024-11-22,31,Female,Mumbai,Organic Search,Budget
C00759,2024-03-20,32,Female,Lucknow,Referral,Regular
C00760,2024-09-27,38,Male,Bangalore,Referral,VIP
C00761,2025-12-04,36,Male,Lucknow,Instagram,Regular
C00762,2025-07-13,36,Female,Delhi,Google,Regular
C00763,2025-12-07,22,Other,Delhi,Referral,Premium
C00764,2024-04-07,37,Female,Delhi,Google,Premium
C00765,2025-04-20,40,Female,Chennai,Instagram,Regular
C00766,2026-06-09,42,Female,Lucknow,Referral,Premium
C00767,2024-12-20,24,Female,Ahmedabad,Organic Search,Regular
C00768,2025-10-01,64,Male,Delhi,Instagram,Premium
C00769,2024-01-08,60,Male,Ahmedabad,Organic Search,VIP
C00770,2026-07-29,20,Female,Lucknow,Google,Budget
C00771,2025-06-25,54,Female,Delhi,Direct,Regular
C00772,2024-05-16,25,Male,Pune,Organic Search,Budget
C00773,2024-02-17,43,Male,Hyderabad,Direct,Premium
C00774,2025-04-22,60,Male,Ahmedabad,Instagram,Premium
C00775,2025-04-24,41,Female,Jaipur,Direct,Budget
C00776,2023-12-08,59,Female,Kolkata,Referral,VIP
C00777,2026-08-19,47,Male,Kolkata,YouTube,Regular
C00778,2026-05-24,34,Female,Bangalore,Referral,Premium
C00779,2025-01-14,24,Male,Delhi,YouTube,Budget
C00780,2024-01-03,41,Male,Hyderabad,YouTube,Regular
C00781,2026-02-25,54,Female,Ahmedabad,Instagram,Budget
C00782,2025-02-24,40,Female,Ahmedabad,Instagram,Budget
C00783,2025-10-21,27,Male,Mumbai,Google,Regular
C00784,2025-03-07,53,Male,Pune,Direct,Premium
C00785,2024-06-22,55,Female,Ahmedabad,Instagram,Regular
C00786,2026-02-27,28,Female,Chennai,YouTube,Premium
C00787,2026-08-06,63,Male,Kolkata,Instagram,Regular
C00788,2024-05-21,48,Male,Kolkata,Instagram,Regular
C00789,2025-04-23,26,Male,Jaipur,Referral,Regular
C00790,2024-10-21,57,Female,Lucknow,Google,Regular
C00791,2026-06-03,56,Female,Jaipur,Direct,Budget
C00792,2025-03-07,38,Female,Jaipur,YouTube,Regular
C00793,2026-04-17,36,Female,Jaipur,Direct,Regular
C00794,2026-03-31,56,Male,Jaipur,YouTube,Premium
C00795,2024-06-25,62,Female,Chennai,YouTube,Premium
C00796,2026-01-09,43,Female,Pune,Google,Regular
C00797,2024-11-24,42,Female,Pune,Instagram,Premium
C00798,2026-06-16,47,Female,Bangalore,Instagram,Premium
C00799,2025-03-06,39,Female,Pune,Direct,Regular
C00800,2026-02-12,23,Male,Bangalore,Direct,Premium
C00801,2024-07-02,29,Female,Chennai,Instagram,Regular
C00802,2024-07-20,58,Male,Chennai,Direct,Budget
C00803,2025-06-01,39,Female,Lucknow,Organic Search,Regular
C00804,2026-08-26,30,Male,Hyderabad,YouTube,Regular
C00805,2025-02-14,34,Male,Ahmedabad,Direct,Budget
C00806,2024-02-06,63,Female,Lucknow,Organic Search,Regular
C00807,2025-04-09,54,Male,Jaipur,Organic Search,Regular
C00808,2024-09-09,35,Female,Kolkata,Direct,Regular
C00809,2025-04-23,63,Female,Chennai,Organic Search,Budget
C00810,2025-04-14,34,Female,Hyderabad,Organic Search,Regular
C00811,2025-01-08,61,Female,Kolkata,Referral,Regular
C00812,2024-08-14,26,Female,Mumbai,Organic Search,Premium
C00813,2024-03-21,33,Male,Mumbai,Organic Search,Premium
C00814,2025-09-30,25,Male,Mumbai,Referral,Budget
C00815,2025-05-15,28,Female,Mumbai,Instagram,Regular
C00816,2024-05-09,38,Female,Kolkata,Direct,Regular
C00817,2025-12-24,55,Male,Bangalore,Referral,Premium
C00818,2023-10-14,52,Male,Ahmedabad,Instagram,VIP
C00819,2025-11-21,57,Female,Mumbai,Referral,Budget
C00820,2025-10-08,45,Female,Kolkata,Referral,Regular
C00821,2026-02-02,39,Male,Hyderabad,Direct,Budget
C00822,2024-10-24,49,Female,Hyderabad,Referral,VIP
C00823,2025-08-24,52,Male,Ahmedabad,YouTube,Regular
C00824,2026-02-12,35,Other,Mumbai,Direct,Budget
C00825,2026-08-06,33,Male,Pune,Instagram,Budget
C00826,2025-02-20,33,Female,Ahmedabad,Google,Regular
C00827,2023-10-07,51,Male,Ahmedabad,YouTube,Regular
C00828,2025-02-28,43,Female,Ahmedabad,Referral,Premium
C00829,2025-06-04,22,Male,Mumbai,Instagram,Budget
C00830,2026-04-07,61,Male,Delhi,Direct,Regular
C00831,2026-04-12,29,Female,Kolkata,Google,Budget
C00832,2024-12-22,42,Female,Bangalore,Google,Regular
C00833,2025-03-26,39,Male,Mumbai,Instagram,Regular
C00834,2025-01-09,63,Female,Jaipur,Instagram,Budget
C00835,2025-10-27,22,Male,Kolkata,Referral,VIP
C00836,2024-11-19,45,Female,Ahmedabad,Referral,Premium
C00837,2025-08-14,27,Male,Mumbai,Instagram,Regular
C00838,2024-02-13,22,Male,Chennai,YouTube,Budget
C00839,2025-01-23,62,Female,Chennai,Instagram,Regular
C00840,2026-07-25,18,Female,Bangalore,Referral,Regular
C00841,2024-09-02,29,Female,Ahmedabad,Google,VIP
C00842,2025-09-25,45,Other,Jaipur,Instagram,Premium
C00843,2025-08-09,64,Male,Hyderabad,Instagram,Regular
C00844,2026-03-18,39,Male,Mumbai,Google,Regular
C00845,2026-03-19,59,Female,Mumbai,Instagram,Premium
C00846,2026-03-26,33,Male,Mumbai,Google,Budget
C00847,2024-10-17,34,Female,Pune,Referral,Budget
C00848,2024-08-09,25,Female,Pune,Organic Search,Premium
C00849,2025-10-23,48,Male,Bangalore,Instagram,Regular
C00850,2025-12-07,40,Female,Lucknow,Direct,Regular
C00851,2026-04-10,23,Male,Delhi,Direct,Regular
C00852,2023-10-06,31,Female,Kolkata,Google,Budget
C00853,2023-11-10,36,Female,Bangalore,Instagram,Regular
C00854,2025-07-19,53,Female,Lucknow,Organic Search,Premium
C00855,2026-06-02,34,Female,Delhi,Instagram,Regular
C00856,2026-08-25,30,Female,Chennai,Instagram,Regular
C00857,2025-11-23,21,Female,Hyderabad,Google,Budget
C00858,2024-12-15,62,Female,Bangalore,Google,Regular
C00859,2023-12-13,60,Male,Kolkata,Google,Premium
C00860,2025-07-22,61,Female,Lucknow,Google,Regular
C00861,2026-04-10,47,Female,Delhi,Instagram,Premium
C00862,2024-12-26,56,Female,Kolkata,Organic Search,Regular
C00863,2025-09-26,63,Male,Kolkata,YouTube,Regular
C00864,2026-05-14,32,Female,Jaipur,Google,Regular
C00865,2023-10-17,20,Female,Mumbai,Organic Search,Regular
C00866,2026-01-16,34,Female,Chennai,Direct,Premium
C00867,2024-07-14,52,Female,Hyderabad,Google,Regular
C00868,2024-10-11,30,Other,Bangalore,Direct,Budget
C00869,2024-02-03,31,Female,Mumbai,Google,Budget
C00870,2025-04-01,27,Female,Chennai,Google,Regular
C00871,2025-05-09,47,Female,Delhi,Instagram,Regular
C00872,2026-01-12,42,Female,Lucknow,Instagram,Regular
C00873,2024-03-01,58,Male,Bangalore,Referral,Budget
C00874,2023-11-22,52,Male,Chennai,Organic Search,VIP
C00875,2026-04-08,34,Male,Delhi,Direct,Regular
C00876,2025-07-07,28,Male,Bangalore,Google,Budget
C00877,2024-05-17,43,Female,Jaipur,Organic Search,Regular
C00878,2026-05-24,59,Female,Hyderabad,Direct,Regular
C00879,2024-01-31,44,Female,Ahmedabad,Direct,Regular
C00880,2025-01-14,63,Male,Mumbai,Google,Regular
C00881,2024-06-01,53,Female,Chennai,Instagram,Budget
C00882,2024-06-02,46,Female,Chennai,Instagram,Budget
C00883,2023-09-07,27,Female,Hyderabad,YouTube,Regular
C00884,2026-01-25,20,Female,Hyderabad,Instagram,Regular
C00885,2026-05-11,54,Female,Hyderabad,Referral,Premium
C00886,2025-09-08,53,Male,Delhi,Instagram,Budget
C00887,2024-02-17,62,Male,Delhi,Instagram,Regular
C00888,2024-12-24,46,Male,Hyderabad,Direct,Regular
C00889,2024-09-09,56,Male,Pune,Google,Regular
C00890,2025-06-01,37,Female,Hyderabad,Instagram,Budget
C00891,2025-07-28,40,Female,Chennai,Instagram,Budget
C00892,2024-12-05,61,Male,Lucknow,YouTube,Regular
C00893,2024-05-28,21,Other,Bangalore,Referral,Premium
C00894,2026-03-11,36,Other,Delhi,YouTube,Regular
C00895,2024-04-02,19,Male,Mumbai,YouTube,Regular
C00896,2024-10-22,56,Female,Ahmedabad,Organic Search,Regular
C00897,2025-02-07,21,Female,Delhi,Google,Regular
C00898,2024-05-13,28,Other,Mumbai,Referral,Premium
C00899,2025-05-15,24,Male,Ahmedabad,YouTube,Budget
C00900,2025-05-18,28,Other,Bangalore,Google,Regular
C00901,2026-08-19,19,Female,Delhi,Referral,Regular
C00902,2024-07-16,55,Male,Lucknow,Organic Search,Budget
C00903,2026-08-03,30,Female,Pune,Instagram,Budget
C00904,2025-08-18,33,Male,Jaipur,Organic Search,Budget
C00905,2024-06-23,58,Other,Lucknow,Referral,Regular
C00906,2025-05-09,26,Male,Jaipur,Referral,Premium
C00907,2025-09-17,37,Female,Delhi,YouTube,Regular
C00908,2025-11-21,41,Female,Delhi,Referral,VIP
C00909,2023-10-20,46,Female,Chennai,Referral,Regular
C00910,2025-06-22,41,Male,Chennai,Referral,Regular
C00911,2025-02-22,29,Male,Pune,Organic Search,Regular
C00912,2026-05-14,31,Female,Hyderabad,Referral,Regular
C00913,2024-07-06,62,Female,Delhi,Referral,Regular
C00914,2026-01-19,62,Male,Chennai,Referral,Regular
C00915,2025-06-23,31,Male,Pune,Organic Search,Premium
C00916,2024-09-17,40,Female,Kolkata,Instagram,Premium
C00917,2025-07-25,34,Female,Delhi,Google,Premium
C00918,2025-07-08,40,Female,Mumbai,Instagram,Regular
C00919,2025-09-08,45,Male,Pune,Instagram,Premium
C00920,2025-10-26,30,Female,Bangalore,Direct,Regular
C00921,2025-08-19,42,Male,Delhi,Referral,Regular
C00922,2026-03-03,42,Male,Mumbai,Google,Budget
C00923,2025-07-16,28,Female,Pune,YouTube,Regular
C00924,2026-05-14,43,Male,Hyderabad,Referral,Premium
C00925,2025-08-05,64,Male,Delhi,Organic Search,Regular
C00926,2024-07-31,46,Female,Mumbai,Referral,Budget
C00927,2024-12-23,44,Male,Hyderabad,Organic Search,Premium
C00928,2025-05-24,21,Male,Bangalore,Organic Search,Regular
C00929,2025-11-07,30,Female,Jaipur,Google,Regular
C00930,2023-12-04,62,Female,Bangalore,Google,Regular
C00931,2024-07-16,43,Male,Lucknow,Google,Regular
C00932,2025-11-24,26,Male,Bangalore,Organic Search,VIP
C00933,2024-03-07,32,Female,Lucknow,Google,VIP
C00934,2024-01-19,51,Female,Pune,Google,Regular
C00935,2025-04-10,59,Male,Bangalore,Organic Search,Regular
C00936,2026-07-27,64,Male,Kolkata,YouTube,Budget
C00937,2025-03-31,43,Female,Bangalore,Direct,Budget
C00938,2026-05-25,41,Female,Jaipur,Organic Search,Regular
C00939,2026-02-23,21,Male,Mumbai,Organic Search,Regular
C00940,2024-06-04,45,Female,Kolkata,Organic Search,Regular
C00941,2026-02-16,60,Other,Lucknow,Organic Search,Regular
C00942,2025-02-06,50,Female,Bangalore,Referral,VIP
C00943,2026-01-27,33,Male,Hyderabad,Google,Budget
C00944,2025-11-23,42,Male,Lucknow,Referral,Regular
C00945,2024-09-02,55,Male,Jaipur,Direct,Regular
C00946,2024-01-01,35,Male,Lucknow,YouTube,Regular
C00947,2026-07-18,55,Female,Mumbai,Instagram,Regular
C00948,2024-01-29,51,Male,Hyderabad,Instagram,Budget
C00949,2026-07-22,18,Male,Delhi,Direct,Regular
C00950,2026-03-27,41,Female,Delhi,Referral,Regular
C00951,2025-10-29,49,Female,Delhi,Instagram,Premium
C00952,2026-08-06,52,Male,Hyderabad,Referral,Regular
C00953,2026-07-23,63,Female,Kolkata,YouTube,Budget
C00954,2026-01-25,39,Male,Hyderabad,Organic Search,Regular
C00955,2024-10-01,24,Female,Lucknow,Direct,Regular
C00956,2026-01-10,23,Female,Ahmedabad,Organic Search,Regular
C00957,2023-09-12,35,Female,Chennai,Instagram,Premium
C00958,2025-04-07,27,Female,Pune,Referral,Regular
C00959,2025-01-07,38,Male,Mumbai,Referral,Regular
C00960,2025-09-03,19,Female,Chennai,Instagram,Budget
C00961,2025-09-02,24,Female,Pune,Instagram,Regular
C00962,2025-05-29,48,Female,Hyderabad,Instagram,Regular
C00963,2026-02-14,51,Female,Pune,Instagram,VIP
C00964,2026-06-23,59,Female,Jaipur,Instagram,Budget
C00965,2023-12-24,48,Female,Bangalore,Referral,Regular
C00966,2024-05-10,62,Female,Chennai,Referral,Premium
C00967,2023-09-24,49,Female,Kolkata,Google,Regular
C00968,2026-04-23,64,Male,Lucknow,Instagram,Regular
C00969,2025-05-04,23,Male,Pune,YouTube,Regular
C00970,2026-05-27,25,Male,Lucknow,Instagram,Regular
C00971,2024-04-26,38,Male,Ahmedabad,Referral,Regular
C00972,2023-11-05,26,Female,Chennai,Instagram,Budget
C00973,2026-02-15,55,Female,Pune,Referral,Regular
C00974,2026-05-20,18,Male,Ahmedabad,Google,Budget
C00975,2024-07-24,29,Other,Lucknow,Organic Search,Regular
C00976,2024-11-17,53,Male,Pune,Organic Search,VIP
C00977,2024-01-28,35,Female,Delhi,Organic Search,Budget
C00978,2026-06-30,45,Female,Jaipur,Google,Budget
C00979,2024-07-26,50,Male,Jaipur,Instagram,VIP
C00980,2025-02-17,25,Female,Ahmedabad,Google,Regular
C00981,2023-12-12,30,Male,Hyderabad,Instagram,Premium
C00982,2026-04-26,19,Female,Delhi,Google,Premium
C00983,2024-01-23,30,Male,Jaipur,Referral,Premium
C00984,2025-01-06,56,Male,Pune,Organic Search,Regular
C00985,2025-08-31,18,Male,Kolkata,Referral,Budget
C00986,2025-11-19,36,Male,Kolkata,Google,Premium
C00987,2026-06-29,50,Female,Hyderabad,Direct,Budget
C00988,2024-11-29,43,Female,Bangalore,YouTube,Regular
C00989,2025-11-18,40,Female,Pune,Instagram,Regular
C00990,2024-02-13,62,Male,Kolkata,Direct,Premium
C00991,2024-11-24,57,Male,Jaipur,Instagram,Regular
C00992,2023-12-14,40,Female,Kolkata,Referral,VIP
C00993,2025-02-14,35,Female,Mumbai,Referral,Budget
C00994,2024-11-17,44,Female,Delhi,Instagram,Premium
C00995,2026-07-05,59,Male,Hyderabad,Organic Search,Regular
C00996,2023-10-02,62,Male,Chennai,Organic Search,Regular
C00997,2024-10-07,30,Male,Hyderabad,Google,Regular
C00998,2024-12-25,34,Female,Delhi,Google,Budget
C00999,2026-07-04,23,Female,Pune,Instagram,Regular
C01000,2026-03-22,19,Female,Kolkata,Referral,Budget
C01001,2023-12-14,36,Female,Mumbai,Google,Budget
C01002,2025-09-17,52,Female,Hyderabad,Google,Regular
C01003,2025-04-15,60,Female,Delhi,Referral,Premium
C01004,2026-08-03,42,Female,Bangalore,Google,Regular
C01005,2024-09-24,50,Male,Ahmedabad,Google,Regular
C01006,2024-11-06,62,Female,Lucknow,Instagram,Premium
C01007,2024-03-23,60,Male,Lucknow,Organic Search,Premium
C01008,2024-01-08,35,Male,Hyderabad,Google,Regular
C01009,2026-03-14,21,Female,Jaipur,Google,Regular
C01010,2025-01-07,34,Male,Bangalore,Referral,Premium
C01011,2025-08-23,22,Female,Delhi,Direct,Premium
C01012,2025-07-31,21,Other,Lucknow,Instagram,Budget
C01013,2025-06-12,20,Male,Jaipur,Instagram,Budget
C01014,2023-09-20,54,Male,Hyderabad,YouTube,Regular
C01015,2026-01-06,27,Female,Jaipur,Organic Search,Regular
C01016,2024-05-20,40,Female,Kolkata,Instagram,Regular
C01017,2024-01-13,43,Female,Kolkata,Instagram,Budget
C01018,2025-05-07,37,Male,Mumbai,Instagram,VIP
C01019,2023-11-11,56,Female,Kolkata,YouTube,Regular
C01020,2025-12-13,35,Male,Hyderabad,Organic Search,Budget
C01021,2024-04-11,36,Female,Ahmedabad,Organic Search,Premium
C01022,2024-04-20,61,Female,Kolkata,Instagram,Regular
C01023,2026-04-07,53,Male,Bangalore,Organic Search,Premium
C01024,2024-08-22,57,Female,Delhi,Google,Premium
C01025,2024-02-05,59,Female,Kolkata,Direct,Premium
C01026,2026-05-10,42,Female,Delhi,Direct,Regular
C01027,2023-08-31,42,Male,Ahmedabad,Google,Budget
C01028,2026-03-25,51,Male,Pune,Instagram,Regular
C01029,2024-02-02,38,Female,Kolkata,Organic Search,Premium
C01030,2024-01-17,37,Male,Pune,Direct,Budget
C01031,2024-05-28,18,Female,Ahmedabad,Organic Search,Regular
C01032,2024-03-06,20,Male,Ahmedabad,Direct,VIP
C01033,2025-08-21,33,Female,Kolkata,Instagram,Premium
C01034,2023-09-25,50,Male,Hyderabad,Referral,Regular
C01035,2023-09-13,34,Male,Chennai,Direct,VIP
C01036,2026-01-09,64,Male,Hyderabad,YouTube,Premium
C01037,2024-05-14,48,Male,Ahmedabad,Instagram,Regular
C01038,2024-08-16,31,Male,Pune,Google,Premium
C01039,2024-03-05,25,Female,Jaipur,Instagram,VIP
C01040,2023-10-24,49,Other,Hyderabad,Referral,VIP
C01041,2025-11-17,32,Male,Jaipur,Instagram,Budget
C01042,2025-03-26,24,Female,Jaipur,Instagram,VIP
C01043,2025-11-22,19,Male,Jaipur,Referral,Regular
C01044,2025-01-30,38,Male,Pune,Instagram,Premium
C01045,2025-12-27,60,Male,Lucknow,Instagram,VIP
C01046,2025-03-12,56,Male,Pune,Google,Premium
C01047,2023-12-25,22,Female,Bangalore,Instagram,Budget
C01048,2025-03-02,22,Female,Delhi,Instagram,Premium
C01049,2026-06-29,39,Female,Kolkata,Organic Search,Premium
C01050,2023-10-14,50,Female,Mumbai,Google,Premium
C01051,2026-01-02,21,Female,Delhi,Instagram,Premium
C01052,2026-04-04,50,Female,Jaipur,Organic Search,Premium
C01053,2025-03-21,33,Male,Delhi,Instagram,Budget
C01054,2025-01-11,30,Male,Pune,Google,Regular
C01055,2026-07-19,56,Female,Mumbai,Direct,Premium
C01056,2023-11-02,47,Female,Lucknow,Instagram,Premium
C01057,2025-02-02,35,Other,Ahmedabad,Google,Premium
C01058,2024-11-10,21,Other,Hyderabad,Direct,Regular
C01059,2025-09-17,43,Male,Lucknow,Google,Premium
C01060,2025-02-15,37,Female,Pune,Direct,VIP
C01061,2026-05-21,41,Female,Kolkata,Instagram,Regular
C01062,2023-11-16,52,Male,Pune,Direct,Premium
C01063,2023-11-24,58,Female,Mumbai,Direct,Budget
C01064,2025-06-24,34,Male,Kolkata,Instagram,Premium
C01065,2023-11-07,39,Female,Kolkata,Instagram,Budget
C01066,2024-06-24,52,Female,Mumbai,Organic Search,Regular
C01067,2025-07-21,54,Male,Mumbai,Google,Premium
C01068,2025-04-19,61,Male,Pune,Instagram,Regular
C01069,2024-08-18,18,Female,Mumbai,Organic Search,Premium
C01070,2026-08-22,61,Female,Delhi,Google,Regular
C01071,2025-03-31,31,Male,Bangalore,Organic Search,Budget
C01072,2025-01-06,34,Female,Pune,Referral,Regular
C01073,2025-06-21,18,Male,Chennai,Google,Premium
C01074,2023-12-14,23,Male,Kolkata,Direct,Budget
C01075,2025-10-05,32,Female,Lucknow,Organic Search,Regular
C01076,2026-03-19,44,Female,Delhi,Organic Search,Budget
C01077,2025-08-10,40,Female,Lucknow,Organic Search,Regular
C01078,2025-12-17,46,Male,Jaipur,Referral,Premium
C01079,2025-10-26,49,Female,Kolkata,Organic Search,Regular
C01080,2024-04-19,49,Female,Lucknow,Instagram,Regular
C01081,2025-01-03,53,Female,Mumbai,YouTube,VIP
C01082,2024-05-04,64,Male,Ahmedabad,Referral,Regular
C01083,2024-09-02,44,Female,Delhi,YouTube,Regular
C01084,2025-01-06,24,Male,Jaipur,Organic Search,Budget
C01085,2024-11-25,43,Male,Lucknow,Organic Search,Regular
C01086,2023-12-10,55,Male,Ahmedabad,Instagram,Regular
C01087,2024-12-07,34,Male,Jaipur,Instagram,Regular
C01088,2025-08-25,41,Male,Mumbai,Instagram,Regular
C01089,2024-10-11,47,Male,Chennai,Referral,Premium
C01090,2024-02-11,41,Male,Mumbai,Instagram,Budget
C01091,2026-06-04,54,Female,Mumbai,Google,Premium
C01092,2023-11-09,48,Male,Hyderabad,Referral,Regular
C01093,2026-02-24,61,Male,Chennai,Direct,Budget
C01094,2023-12-08,43,Male,Lucknow,Google,Regular
C01095,2023-12-11,49,Female,Delhi,Direct,Regular
C01096,2025-11-14,61,Female,Mumbai,Google,Premium
C01097,2026-02-02,43,Male,Hyderabad,Organic Search,Regular
C01098,2025-04-28,63,Female,Ahmedabad,Organic Search,Regular
C01099,2025-05-31,42,Male,Lucknow,Referral,Regular
C01100,2025-05-04,23,Female,Kolkata,Organic Search,Regular
C01101,2024-08-23,43,Female,Mumbai,Organic Search,Regular
C01102,2024-01-08,20,Other,Lucknow,Direct,Regular
C01103,2024-09-18,47,Male,Lucknow,Referral,Premium
C01104,2025-08-26,41,Female,Lucknow,YouTube,Regular
C01105,2025-11-27,57,Male,Jaipur,Google,Regular
C01106,2026-04-05,34,Female,Delhi,Instagram,Premium
C01107,2025-10-26,20,Female,Ahmedabad,Organic Search,VIP
C01108,2026-07-24,33,Male,Pune,YouTube,Budget
C01109,2025-06-16,35,Male,Pune,Referral,Regular
C01110,2024-09-16,24,Female,Bangalore,Google,Premium
C01111,2025-05-22,60,Male,Kolkata,Organic Search,Budget
C01112,2024-04-17,20,Male,Kolkata,Organic Search,Budget
C01113,2025-08-16,20,Male,Mumbai,YouTube,Premium
C01114,2024-04-29,28,Female,Lucknow,Referral,Regular
C01115,2023-12-24,31,Male,Lucknow,Direct,Regular
C01116,2026-03-11,63,Female,Lucknow,Organic Search,Budget
C01117,2024-10-03,48,Female,Kolkata,Referral,Budget
C01118,2025-12-10,59,Female,Jaipur,Direct,Premium
C01119,2025-05-18,19,Male,Lucknow,Referral,Budget
C01120,2026-01-28,28,Female,Jaipur,Google,Regular
C01121,2026-03-11,53,Male,Hyderabad,Google,Premium
C01122,2026-07-31,59,Male,Pune,Organic Search,Premium
C01123,2026-02-09,61,Male,Kolkata,Direct,Regular
C01124,2025-06-30,26,Male,Pune,Organic Search,Premium
C01125,2025-08-01,39,Male,Kolkata,Instagram,Budget
C01126,2023-09-25,55,Female,Lucknow,Organic Search,Regular
C01127,2026-06-11,23,Female,Kolkata,YouTube,Regular
C01128,2026-02-22,45,Male,Lucknow,Instagram,Regular
C01129,2024-06-16,59,Male,Lucknow,YouTube,Premium
C01130,2024-03-12,57,Female,Kolkata,YouTube,Premium
C01131,2025-10-06,35,Male,Chennai,Instagram,Regular
C01132,2024-07-31,35,Male,Ahmedabad,Referral,Premium
C01133,2024-09-03,27,Male,Mumbai,Direct,VIP
C01134,2023-09-03,53,Female,Ahmedabad,YouTube,Premium
C01135,2026-04-07,35,Male,Bangalore,Instagram,Regular
C01136,2025-05-09,33,Male,Ahmedabad,Google,Budget
C01137,2024-11-09,35,Female,Chennai,Instagram,Budget
C01138,2024-01-30,36,Male,Lucknow,YouTube,Budget
C01139,2025-07-21,29,Female,Delhi,Google,Regular
C01140,2023-09-30,19,Male,Kolkata,Direct,Regular
C01141,2025-11-22,33,Male,Jaipur,Google,Premium
C01142,2024-04-19,22,Male,Hyderabad,Referral,Budget
C01143,2024-11-30,32,Male,Kolkata,Organic Search,Regular
C01144,2024-09-04,32,Male,Chennai,Google,Budget
C01145,2024-10-06,61,Female,Chennai,Direct,Regular
C01146,2025-10-26,62,Male,Kolkata,Instagram,Budget
C01147,2025-12-26,33,Male,Hyderabad,Organic Search,Premium
C01148,2025-05-11,59,Male,Lucknow,Organic Search,Premium
C01149,2023-11-29,45,Female,Chennai,Direct,Regular
C01150,2023-10-24,52,Male,Delhi,Organic Search,VIP
C01151,2024-02-16,31,Male,Pune,Google,Regular
C01152,2025-07-05,58,Female,Bangalore,Instagram,Premium
C01153,2025-09-04,55,Male,Bangalore,Google,Budget
C01154,2024-06-21,21,Female,Ahmedabad,Google,Regular
C01155,2025-08-22,51,Female,Bangalore,Referral,Premium
C01156,2025-02-10,60,Female,Jaipur,Google,Premium
C01157,2024-12-24,21,Female,Delhi,Organic Search,Budget
C01158,2024-06-22,29,Male,Delhi,YouTube,Budget
C01159,2025-12-02,43,Male,Ahmedabad,Referral,Premium
C01160,2023-12-30,56,Male,Pune,Organic Search,Budget
C01161,2024-12-11,26,Female,Kolkata,Instagram,Regular
C01162,2024-07-03,48,Female,Ahmedabad,Google,Regular
C01163,2025-09-09,41,Male,Lucknow,Referral,Premium
C01164,2025-02-11,32,Male,Hyderabad,Organic Search,Regular
C01165,2025-08-28,29,Female,Ahmedabad,Organic Search,Premium
C01166,2023-10-16,40,Male,Hyderabad,Instagram,VIP
C01167,2024-11-03,54,Male,Mumbai,YouTube,Premium
C01168,2025-06-14,47,Female,Hyderabad,Google,Premium
C01169,2023-09-05,62,Male,Jaipur,Instagram,Regular
C01170,2024-07-23,51,Female,Kolkata,Direct,Regular
C01171,2024-04-15,30,Male,Lucknow,YouTube,Premium
C01172,2024-01-25,38,Male,Mumbai,Google,Budget
C01173,2024-06-03,38,Male,Mumbai,Organic Search,Budget
C01174,2024-08-21,48,Male,Ahmedabad,YouTube,Budget
C01175,2023-09-05,53,Female,Ahmedabad,Direct,Regular
C01176,2025-11-23,53,Male,Lucknow,YouTube,Premium
C01177,2024-03-07,24,Male,Chennai,Direct,Budget
C01178,2024-10-17,63,Female,Hyderabad,Referral,Premium
C01179,2025-10-07,22,Male,Delhi,Google,VIP
C01180,2025-02-26,36,Male,Mumbai,Referral,Premium
C01181,2026-02-26,52,Male,Bangalore,Organic Search,Regular
C01182,2026-01-27,62,Male,Hyderabad,Instagram,Premium
C01183,2023-11-14,40,Male,Chennai,Referral,Premium
C01184,2026-03-29,34,Female,Bangalore,Direct,Budget
C01185,2023-10-13,59,Other,Hyderabad,Organic Search,Budget
C01186,2023-09-17,19,Male,Hyderabad,Organic Search,Budget
C01187,2026-06-02,35,Male,Kolkata,Referral,Regular
C01188,2026-03-29,62,Male,Jaipur,Direct,Regular
C01189,2025-05-20,41,Male,Hyderabad,Referral,Regular
C01190,2025-05-17,35,Male,Bangalore,Referral,Regular
C01191,2025-10-13,41,Female,Kolkata,Google,Regular
C01192,2024-11-27,26,Female,Ahmedabad,Google,Regular
C01193,2024-01-01,44,Male,Hyderabad,Google,Budget
C01194,2023-09-19,18,Male,Kolkata,YouTube,Regular
C01195,2024-08-17,63,Male,Delhi,Referral,Premium
C01196,2026-01-22,35,Female,Pune,Direct,Regular
C01197,2025-07-05,53,Male,Pune,Google,Regular
C01198,2026-02-24,26,Male,Bangalore,Direct,Budget
C01199,2026-06-01,45,Female,Kolkata,Direct,Regular
C01200,2023-12-02,29,Male,Pune,Google,Budget
C01201,2026-03-10,55,Male,Ahmedabad,Instagram,Premium
C01202,2024-05-20,48,Female,Chennai,Organic Search,Budget
C01203,2025-06-03,29,Female,Delhi,YouTube,Regular
C01204,2025-03-24,34,Male,Jaipur,Organic Search,Regular
C01205,2024-11-03,56,Female,Pune,YouTube,VIP
C01206,2024-08-02,51,Female,Pune,Organic Search,Regular
C01207,2024-09-03,20,Female,Pune,Direct,Budget
C01208,2024-08-27,29,Female,Mumbai,Referral,Regular
C01209,2024-02-28,21,Male,Ahmedabad,Google,Budget
C01210,2025-03-09,22,Female,Jaipur,Instagram,Regular
C01211,2023-12-30,41,Female,Ahmedabad,Direct,Premium
C01212,2025-03-08,54,Male,Pune,Google,Regular
C01213,2026-05-16,42,Female,Hyderabad,Organic Search,Budget
C01214,2024-09-13,23,Female,Ahmedabad,Google,Regular
C01215,2025-11-02,19,Male,Hyderabad,Google,Budget
C01216,2026-02-10,43,Male,Kolkata,Direct,Premium
C01217,2026-02-06,29,Female,Hyderabad,Direct,Budget
C01218,2024-05-12,62,Female,Ahmedabad,YouTube,Regular
C01219,2024-02-04,33,Female,Bangalore,YouTube,Regular
C01220,2024-03-31,28,Female,Chennai,Referral,Regular
C01221,2025-06-18,51,Male,Kolkata,Google,VIP
C01222,2025-12-08,49,Female,Delhi,Google,Regular
C01223,2025-08-15,24,Male,Pune,Organic Search,Budget
C01224,2024-03-09,23,Male,Pune,Referral,Regular
C01225,2025-12-22,46,Female,Mumbai,Referral,Regular
C01226,2025-02-19,64,Male,Delhi,Referral,Budget
C01227,2025-12-01,47,Female,Lucknow,Google,Regular
C01228,2025-12-07,61,Female,Mumbai,Instagram,Regular
C01229,2025-01-01,51,Female,Jaipur,Google,Premium
C01230,2026-06-05,45,Female,Hyderabad,Referral,Budget
C01231,2025-05-07,62,Male,Kolkata,Instagram,Regular
C01232,2025-07-24,55,Male,Delhi,Direct,Regular
C01233,2025-07-12,48,Female,Pune,Referral,Regular
C01234,2026-04-01,21,Male,Ahmedabad,Google,VIP
C01235,2025-07-15,50,Other,Mumbai,Organic Search,VIP
C01236,2024-02-09,63,Male,Hyderabad,Organic Search,Regular
C01237,2023-11-10,18,Female,Bangalore,Referral,VIP
C01238,2024-12-24,42,Female,Hyderabad,Instagram,Regular
C01239,2024-07-24,35,Male,Lucknow,Instagram,Regular
C01240,2024-06-24,55,Female,Lucknow,Google,Regular
C01241,2023-10-28,38,Male,Pune,Direct,VIP
C01242,2025-03-06,22,Male,Chennai,Referral,Premium
C01243,2024-08-02,61,Male,Chennai,Instagram,Regular
C01244,2025-01-04,18,Male,Bangalore,Direct,Premium
C01245,2023-10-29,33,Male,Chennai,Direct,Premium
C01246,2026-02-24,43,Male,Pune,Organic Search,Premium
C01247,2023-11-20,25,Male,Kolkata,Instagram,Budget
C01248,2026-04-01,38,Female,Hyderabad,YouTube,Regular
C01249,2026-03-22,46,Female,Lucknow,Organic Search,Premium
C01250,2025-07-02,53,Male,Pune,Google,VIP
C01251,2025-03-05,58,Female,Pune,Instagram,Regular
C01252,2025-01-16,31,Other,Jaipur,Google,Regular
C01253,2025-04-26,41,Other,Bangalore,Google,Premium
C01254,2026-01-11,25,Female,Chennai,Direct,Regular
C01255,2026-05-05,58,Male,Delhi,Organic Search,Premium
C01256,2025-01-01,18,Male,Lucknow,Instagram,Budget
C01257,2026-01-31,20,Female,Lucknow,Referral,Premium
C01258,2025-08-11,35,Female,Pune,Organic Search,Premium
C01259,2024-08-14,37,Female,Mumbai,YouTube,Budget
C01260,2025-01-30,62,Female,Bangalore,Organic Search,Budget
C01261,2024-02-09,39,Female,Lucknow,YouTube,Budget
C01262,2023-11-03,27,Female,Hyderabad,Direct,Budget
C01263,2023-12-19,34,Male,Jaipur,Google,Premium
C01264,2026-05-09,43,Male,Chennai,Google,VIP
C01265,2024-09-07,35,Other,Jaipur,Google,Regular
C01266,2025-10-18,56,Female,Kolkata,Direct,Budget
C01267,2025-03-02,32,Male,Kolkata,Google,Regular
C01268,2024-03-04,53,Male,Mumbai,YouTube,Budget
C01269,2024-05-25,47,Male,Jaipur,Referral,Regular
C01270,2024-12-19,36,Female,Bangalore,Instagram,Regular
C01271,2024-12-21,54,Male,Hyderabad,Instagram,Budget
C01272,2025-03-22,35,Male,Jaipur,Google,Budget
C01273,2024-02-17,53,Female,Kolkata,Instagram,Budget
C01274,2024-10-09,43,Male,Bangalore,Organic Search,VIP
C01275,2024-07-03,54,Male,Mumbai,Direct,Regular
C01276,2024-11-18,64,Female,Delhi,Instagram,Premium
C01277,2024-09-01,54,Female,Hyderabad,Referral,Regular
C01278,2025-06-13,29,Male,Mumbai,Instagram,Regular
C01279,2026-01-08,60,Male,Lucknow,Organic Search,Regular
C01280,2025-08-06,53,Female,Jaipur,Instagram,Budget
C01281,2023-11-08,42,Male,Ahmedabad,Organic Search,Regular
C01282,2023-12-09,21,Female,Jaipur,Instagram,Premium
C01283,2025-09-09,28,Female,Bangalore,Direct,Budget
C01284,2024-07-04,55,Male,Delhi,Direct,Budget
C01285,2025-10-29,42,Female,Hyderabad,Google,Regular
C01286,2025-08-16,54,Male,Delhi,Organic Search,Budget
C01287,2026-05-17,48,Male,Lucknow,Instagram,Regular
C01288,2026-04-11,47,Male,Bangalore,Instagram,Regular
C01289,2024-08-27,26,Male,Bangalore,Referral,Regular
C01290,2025-05-27,30,Female,Bangalore,Organic Search,Regular
C01291,2024-01-30,58,Female,Delhi,Google,Regular
C01292,2024-09-14,22,Male,Lucknow,Organic Search,Budget
C01293,2026-07-23,42,Female,Kolkata,Instagram,Regular
C01294,2025-10-01,20,Other,Lucknow,Referral,Premium
C01295,2024-10-30,23,Female,Lucknow,Direct,Premium
C01296,2025-06-10,53,Female,Kolkata,Direct,Budget
C01297,2026-06-21,53,Male,Pune,Google,Regular
C01298,2024-08-01,60,Female,Ahmedabad,Direct,VIP
C01299,2024-10-13,37,Female,Bangalore,Google,Premium
C01300,2026-01-11,25,Female,Ahmedabad,Referral,Regular
C01301,2026-02-04,36,Female,Lucknow,Organic Search,Premium
C01302,2025-08-31,50,Male,Bangalore,Google,VIP
C01303,2026-02-21,24,Female,Ahmedabad,Google,Regular
C01304,2025-11-14,22,Female,Chennai,Google,Premium
C01305,2025-09-17,50,Female,Mumbai,YouTube,Budget
C01306,2025-03-26,47,Female,Kolkata,YouTube,Regular
C01307,2025-08-05,55,Male,Pune,Organic Search,Regular
C01308,2024-12-04,41,Female,Jaipur,YouTube,Budget
C01309,2024-09-27,46,Male,Pune,YouTube,Regular
C01310,2024-09-28,29,Female,Pune,Direct,Regular
C01311,2024-03-12,57,Male,Chennai,YouTube,Premium
C01312,2024-04-18,26,Male,Delhi,Direct,VIP
C01313,2026-07-01,51,Male,Bangalore,Instagram,VIP
C01314,2025-02-10,23,Male,Mumbai,Organic Search,Regular
C01315,2024-05-02,26,Male,Chennai,Direct,Regular
C01316,2024-01-25,21,Female,Delhi,Instagram,Regular
C01317,2023-11-20,54,Male,Ahmedabad,Google,Premium
C01318,2026-03-10,63,Female,Pune,Instagram,Budget
C01319,2023-12-16,58,Male,Lucknow,Instagram,Premium
C01320,2025-12-19,19,Male,Delhi,Organic Search,Premium
C01321,2026-02-28,43,Other,Lucknow,Organic Search,Regular
C01322,2026-04-22,18,Male,Pune,Google,Regular
C01323,2023-10-08,40,Male,Mumbai,Google,VIP
C01324,2024-08-31,23,Female,Hyderabad,Instagram,Regular
C01325,2025-12-14,57,Male,Bangalore,Organic Search,Premium
C01326,2024-01-18,63,Female,Chennai,Google,VIP
C01327,2024-10-13,52,Female,Delhi,Referral,Regular
C01328,2024-02-21,47,Male,Bangalore,Direct,Budget
C01329,2026-02-24,40,Male,Ahmedabad,Referral,VIP
C01330,2025-12-20,56,Female,Lucknow,Instagram,Regular
C01331,2026-01-30,46,Female,Pune,Referral,Budget
C01332,2024-02-25,49,Male,Jaipur,Instagram,Regular
C01333,2024-12-19,22,Female,Jaipur,Instagram,Regular
C01334,2024-11-20,47,Male,Pune,Google,Budget
C01335,2025-09-07,20,Female,Hyderabad,YouTube,Regular
C01336,2024-05-14,50,Male,Delhi,Referral,Premium
C01337,2024-12-26,29,Male,Lucknow,Direct,Budget
C01338,2024-07-05,49,Female,Jaipur,Instagram,Budget
C01339,2025-11-25,30,Other,Delhi,Organic Search,Budget
C01340,2025-01-01,22,Male,Jaipur,Organic Search,Premium
C01341,2025-04-04,35,Female,Lucknow,Instagram,Regular
C01342,2024-08-01,52,Male,Delhi,YouTube,Premium
C01343,2026-01-30,32,Female,Jaipur,Instagram,Regular
C01344,2025-01-23,60,Female,Hyderabad,Referral,Premium
C01345,2026-02-28,30,Female,Mumbai,Organic Search,Regular
C01346,2024-10-04,50,Female,Pune,Referral,Budget
C01347,2026-07-01,52,Female,Delhi,Google,Budget
C01348,2026-08-10,27,Female,Lucknow,Instagram,Regular
C01349,2025-01-15,33,Female,Bangalore,Referral,Regular
C01350,2024-07-01,29,Male,Chennai,Direct,Regular
C01351,2024-10-19,34,Male,Pune,YouTube,Premium
C01352,2025-03-28,19,Male,Chennai,Instagram,Regular
C01353,2026-07-22,23,Male,Kolkata,Referral,Budget
C01354,2026-02-08,51,Female,Lucknow,Organic Search,Regular
C01355,2026-01-22,24,Male,Lucknow,YouTube,Budget
C01356,2024-01-26,46,Male,Mumbai,YouTube,Budget
C01357,2024-05-28,41,Female,Pune,Organic Search,Regular
C01358,2025-07-30,35,Male,Chennai,Organic Search,Regular
C01359,2026-04-12,25,Male,Lucknow,Referral,Budget
C01360,2025-04-26,45,Male,Mumbai,Organic Search,Regular
C01361,2023-12-18,40,Male,Chennai,Instagram,Premium
C01362,2026-03-12,60,Male,Delhi,Referral,Regular
C01363,2026-03-17,39,Female,Kolkata,Organic Search,Regular
C01364,2024-07-05,45,Male,Ahmedabad,Direct,Premium
C01365,2025-12-11,31,Female,Bangalore,Direct,Budget
C01366,2024-06-21,61,Female,Chennai,Organic Search,Regular
C01367,2026-05-16,28,Male,Chennai,Organic Search,VIP
C01368,2024-02-05,39,Female,Hyderabad,Google,Budget
C01369,2024-12-19,30,Female,Ahmedabad,Google,VIP
C01370,2026-06-30,54,Female,Delhi,Instagram,Regular
C01371,2024-04-27,34,Female,Delhi,Direct,Budget
C01372,2025-01-03,29,Male,Delhi,Google,Regular
C01373,2024-09-14,34,Female,Mumbai,Instagram,Regular
C01374,2023-09-26,41,Male,Delhi,Instagram,Budget
C01375,2023-10-25,55,Female,Pune,Instagram,Budget
C01376,2025-02-28,61,Male,Ahmedabad,Organic Search,Regular
C01377,2024-05-12,51,Female,Lucknow,Instagram,VIP
C01378,2026-08-21,45,Female,Delhi,Organic Search,Regular
C01379,2024-10-11,62,Female,Hyderabad,Google,Premium
C01380,2023-09-27,51,Male,Kolkata,Referral,Budget
C01381,2026-06-13,54,Female,Ahmedabad,Instagram,Regular
C01382,2026-03-04,45,Male,Chennai,Instagram,VIP
C01383,2025-08-09,35,Male,Jaipur,Referral,Premium
C01384,2026-01-11,20,Female,Lucknow,Direct,Budget
C01385,2024-01-25,28,Male,Kolkata,Direct,Premium
C01386,2024-07-07,63,Male,Bangalore,Organic Search,Premium
C01387,2026-02-22,35,Male,Lucknow,Instagram,Budget
C01388,2025-09-28,42,Male,Kolkata,Google,Regular
C01389,2024-01-27,27,Male,Bangalore,Instagram,Premium
C01390,2025-10-09,64,Other,Lucknow,YouTube,Regular
C01391,2024-12-31,54,Other,Delhi,Instagram,Premium
C01392,2023-09-02,57,Female,Delhi,Direct,Budget
C01393,2023-11-22,50,Female,Kolkata,Organic Search,Regular
C01394,2024-06-03,50,Female,Ahmedabad,Organic Search,Regular
C01395,2026-02-28,18,Female,Mumbai,YouTube,Budget
C01396,2025-04-20,34,Male,Jaipur,Instagram,Regular
C01397,2025-11-02,40,Male,Kolkata,Organic Search,VIP
C01398,2025-03-28,42,Male,Kolkata,Organic Search,Regular
C01399,2023-12-27,39,Female,Ahmedabad,Instagram,Regular
C01400,2024-07-08,63,Male,Pune,YouTube,Budget
C01401,2024-07-23,51,Female,Mumbai,Direct,Regular
C01402,2023-10-19,33,Male,Mumbai,Direct,Premium
C01403,2024-11-30,38,Male,Chennai,Instagram,Regular
C01404,2026-01-14,30,Female,Jaipur,YouTube,Regular
C01405,2025-01-09,26,Female,Bangalore,Organic Search,Premium
C01406,2023-12-27,42,Female,Pune,Google,Regular
C01407,2026-05-16,31,Female,Ahmedabad,Google,Premium
C01408,2025-06-12,47,Female,Bangalore,Referral,Regular
C01409,2023-09-15,60,Female,Hyderabad,Instagram,Regular
C01410,2025-03-14,28,Female,Lucknow,Organic Search,Budget
C01411,2024-05-19,29,Male,Kolkata,Organic Search,Regular
C01412,2024-02-01,43,Female,Jaipur,Direct,Regular
C01413,2024-12-10,53,Female,Mumbai,Referral,Regular
C01414,2025-07-01,45,Female,Ahmedabad,YouTube,Premium
C01415,2024-05-17,29,Female,Kolkata,Direct,Premium
C01416,2024-11-26,44,Female,Kolkata,Organic Search,Premium
C01417,2025-08-25,60,Male,Jaipur,Referral,Premium
C01418,2023-11-29,24,Female,Bangalore,Direct,Regular
C01419,2026-07-31,39,Male,Mumbai,Organic Search,Regular
C01420,2023-11-10,34,Other,Ahmedabad,YouTube,Premium
C01421,2025-03-26,46,Female,Mumbai,Referral,Regular
C01422,2025-03-06,25,Male,Chennai,Google,Premium
C01423,2026-08-15,48,Male,Kolkata,Google,Budget
C01424,2025-04-26,59,Female,Jaipur,Organic Search,Premium
C01425,2024-10-28,23,Other,Hyderabad,Instagram,Regular
C01426,2025-01-24,22,Female,Ahmedabad,Organic Search,Regular
C01427,2025-07-24,39,Female,Lucknow,Direct,Regular
C01428,2026-08-07,45,Female,Hyderabad,Referral,Budget
C01429,2024-06-01,46,Female,Pune,Instagram,Premium
C01430,2023-09-14,31,Female,Delhi,Direct,Regular
C01431,2026-01-08,50,Male,Pune,Referral,Budget
C01432,2024-09-08,40,Female,Kolkata,Instagram,Premium
C01433,2025-11-08,55,Female,Mumbai,Google,Regular
C01434,2025-07-16,34,Female,Bangalore,Organic Search,Budget
C01435,2025-12-20,61,Male,Mumbai,Organic Search,Regular
C01436,2025-11-10,27,Male,Pune,Direct,Premium
C01437,2024-08-26,51,Female,Mumbai,Instagram,Regular
C01438,2023-10-15,38,Female,Bangalore,YouTube,Regular
C01439,2025-04-17,36,Other,Ahmedabad,Google,Regular
C01440,2026-02-04,60,Male,Mumbai,Google,Budget
C01441,2024-03-06,24,Male,Mumbai,Google,Regular
C01442,2025-12-28,41,Male,Kolkata,Google,Premium
C01443,2025-01-18,47,Female,Kolkata,YouTube,Budget
C01444,2025-09-28,29,Female,Hyderabad,Organic Search,Premium
C01445,2025-07-20,40,Male,Chennai,Instagram,Premium
C01446,2026-02-02,29,Male,Delhi,Instagram,Regular
C01447,2023-11-05,51,Male,Delhi,Direct,Regular
C01448,2025-12-25,54,Other,Bangalore,Instagram,Regular
C01449,2025-01-10,54,Female,Ahmedabad,Google,Budget
C01450,2024-07-14,56,Female,Kolkata,Organic Search,Regular
C01451,2023-10-15,23,Female,Chennai,Google,Regular
C01452,2024-04-02,26,Male,Mumbai,YouTube,Budget
C01453,2023-10-12,45,Female,Mumbai,Referral,Regular
C01454,2026-06-15,20,Female,Mumbai,Instagram,Premium
C01455,2025-03-14,54,Female,Mumbai,Google,Budget
C01456,2026-08-16,39,Male,Hyderabad,Organic Search,Budget
C01457,2025-04-14,54,Male,Lucknow,Referral,Budget
C01458,2024-05-31,31,Male,Mumbai,Instagram,Premium
C01459,2025-11-30,33,Male,Ahmedabad,Referral,Premium
C01460,2024-03-24,50,Female,Pune,Instagram,Regular
C01461,2024-09-22,63,Male,Mumbai,Google,Budget
C01462,2025-12-30,31,Male,Bangalore,Direct,Premium
C01463,2026-04-02,31,Male,Mumbai,YouTube,Regular
C01464,2024-08-25,40,Male,Jaipur,Referral,Budget
C01465,2024-01-11,60,Female,Hyderabad,Direct,Regular
C01466,2024-10-04,40,Male,Jaipur,Google,Budget
C01467,2026-04-28,23,Female,Jaipur,Instagram,Regular
C01468,2025-11-19,43,Male,Ahmedabad,Instagram,Regular
C01469,2026-05-04,52,Female,Hyderabad,Google,Budget
C01470,2024-10-24,29,Female,Kolkata,YouTube,Premium
C01471,2026-07-30,48,Female,Delhi,Direct,Budget
C01472,2025-02-21,26,Female,Kolkata,Google,Regular
C01473,2025-02-23,19,Female,Bangalore,Referral,Regular
C01474,2026-06-06,28,Male,Hyderabad,Organic Search,Budget
C01475,2025-03-19,24,Male,Delhi,Google,Budget
C01476,2026-01-22,57,Female,Lucknow,Instagram,Budget
C01477,2025-11-01,22,Male,Delhi,Google,Premium
C01478,2023-11-22,38,Female,Kolkata,Google,Budget
C01479,2025-06-18,29,Female,Delhi,Organic Search,Regular
C01480,2026-02-14,41,Female,Chennai,Instagram,Premium
C01481,2025-04-16,30,Female,Ahmedabad,Direct,Budget
C01482,2024-08-14,55,Female,Mumbai,Organic Search,Budget
C01483,2023-11-23,46,Female,Lucknow,Google,Regular
C01484,2025-08-21,46,Female,Hyderabad,Organic Search,Premium
C01485,2024-07-28,29,Female,Lucknow,Organic Search,Regular
C01486,2025-06-18,59,Male,Ahmedabad,Organic Search,Regular
C01487,2024-12-07,26,Male,Mumbai,Organic Search,Regular
C01488,2025-09-21,36,Female,Ahmedabad,Google,Regular
C01489,2024-09-16,39,Male,Lucknow,Direct,Regular
C01490,2023-10-13,36,Female,Kolkata,YouTube,Regular
C01491,2026-04-07,54,Female,Pune,YouTube,Regular
C01492,2024-09-17,43,Female,Ahmedabad,Instagram,VIP
C01493,2026-08-25,47,Male,Delhi,Instagram,Regular
C01494,2024-06-23,21,Female,Jaipur,Instagram,Premium
C01495,2026-08-06,41,Female,Mumbai,Organic Search,Premium
C01496,2026-07-01,52,Female,Lucknow,Direct,Regular
C01497,2023-11-18,64,Other,Jaipur,Organic Search,Budget
C01498,2025-07-26,58,Female,Ahmedabad,Instagram,Regular
C01499,2024-09-29,58,Male,Delhi,Direct,Regular
C01500,2026-01-22,50,Male,Pune,Instagram,VIP
C01501,2025-09-10,46,Female,Hyderabad,Google,Premium
C01502,2026-07-07,43,Male,Chennai,Direct,Regular
C01503,2024-01-31,39,Female,Bangalore,Google,Premium
C01504,2025-06-23,46,Male,Lucknow,Instagram,Regular
C01505,2025-12-31,56,Female,Hyderabad,Google,Regular
C01506,2023-10-05,40,Female,Mumbai,Referral,Premium
C01507,2023-11-09,37,Male,Mumbai,Organic Search,Regular
C01508,2025-12-28,45,Other,Mumbai,Referral,Budget
C01509,2024-10-02,28,Female,Bangalore,Referral,Premium
C01510,2024-10-20,34,Female,Lucknow,Organic Search,Regular
C01511,2025-05-10,22,Male,Mumbai,Referral,Premium
C01512,2025-06-21,19,Male,Hyderabad,Referral,VIP
C01513,2025-09-10,20,Female,Kolkata,Organic Search,VIP
C01514,2026-07-02,27,Other,Pune,Google,Budget
C01515,2024-10-08,49,Male,Mumbai,Google,VIP
C01516,2025-12-11,30,Male,Ahmedabad,Direct,Regular
C01517,2025-05-18,36,Male,Chennai,Google,Regular
C01518,2025-03-30,35,Male,Lucknow,Organic Search,Regular
C01519,2024-11-06,63,Male,Lucknow,Google,Regular
C01520,2025-08-08,23,Male,Lucknow,YouTube,Regular
C01521,2024-05-27,36,Female,Mumbai,Instagram,Regular
C01522,2023-12-30,33,Male,Ahmedabad,Referral,Regular
C01523,2025-11-11,39,Female,Lucknow,Google,Budget
C01524,2025-02-24,64,Male,Delhi,Google,Budget
C01525,2024-10-25,30,Female,Chennai,Google,Regular
C01526,2025-05-04,58,Male,Pune,Instagram,Premium
C01527,2024-06-09,45,Male,Mumbai,Instagram,Regular
C01528,2024-06-08,52,Female,Pune,Instagram,Premium
C01529,2024-12-29,52,Female,Jaipur,Direct,VIP
C01530,2026-08-24,64,Female,Mumbai,Direct,Premium
C01531,2024-07-05,59,Female,Delhi,YouTube,Budget
C01532,2026-05-28,36,Female,Ahmedabad,Referral,Regular
C01533,2025-02-16,39,Male,Mumbai,Organic Search,Regular
C01534,2024-01-09,47,Male,Chennai,Instagram,VIP
C01535,2026-03-19,64,Male,Hyderabad,Google,Premium
C01536,2025-01-04,57,Male,Chennai,Direct,Premium
C01537,2026-05-08,28,Male,Jaipur,Google,Regular
C01538,2024-12-27,43,Male,Kolkata,YouTube,Budget
C01539,2023-12-02,36,Male,Lucknow,Referral,Regular
C01540,2025-09-13,39,Male,Jaipur,Direct,Regular
C01541,2026-03-11,37,Male,Mumbai,Organic Search,Budget
C01542,2024-08-12,30,Female,Delhi,Google,Premium
C01543,2024-09-11,20,Male,Hyderabad,Google,Regular
C01544,2023-11-07,60,Female,Pune,Google,VIP
C01545,2025-04-13,32,Female,Kolkata,Organic Search,Regular
C01546,2026-04-30,32,Male,Hyderabad,Instagram,Regular
C01547,2026-03-18,63,Male,Pune,Google,Budget
C01548,2025-10-16,42,Male,Ahmedabad,Instagram,Budget
C01549,2026-06-09,37,Female,Jaipur,Organic Search,Premium
C01550,2025-07-26,40,Female,Jaipur,Organic Search,Regular
C01551,2026-01-13,62,Female,Mumbai,Google,Budget
C01552,2025-03-07,31,Female,Jaipur,YouTube,Premium
C01553,2024-01-08,56,Female,Jaipur,Instagram,Premium
C01554,2024-04-04,24,Female,Ahmedabad,Google,Regular
C01555,2024-01-27,54,Male,Hyderabad,Google,Budget
C01556,2026-01-10,58,Male,Delhi,Organic Search,Budget
C01557,2023-09-25,33,Male,Bangalore,Direct,Budget
C01558,2025-04-26,53,Female,Bangalore,Organic Search,Regular
C01559,2024-10-05,62,Male,Hyderabad,Google,Budget
C01560,2026-01-24,58,Male,Hyderabad,Referral,Regular
C01561,2025-04-23,28,Female,Delhi,Direct,Budget
C01562,2025-06-28,37,Male,Chennai,Google,Regular
C01563,2023-11-30,42,Female,Mumbai,Organic Search,Budget
C01564,2024-07-31,25,Female,Jaipur,Direct,Regular
C01565,2026-08-27,47,Male,Mumbai,YouTube,Regular
C01566,2025-10-23,43,Female,Lucknow,Google,Regular
C01567,2025-03-26,46,Male,Kolkata,Google,Regular
C01568,2025-12-18,19,Male,Bangalore,Referral,Budget
C01569,2026-02-15,40,Female,Chennai,YouTube,Budget
C01570,2023-11-16,49,Female,Lucknow,Organic Search,Regular
C01571,2026-07-28,49,Male,Delhi,Referral,Budget
C01572,2025-08-01,41,Female,Pune,Google,Budget
C01573,2025-01-02,26,Female,Mumbai,Instagram,Regular
C01574,2025-09-11,54,Female,Delhi,Referral,Regular
C01575,2024-09-08,23,Male,Chennai,Direct,VIP
C01576,2026-04-16,37,Male,Kolkata,Instagram,Budget
C01577,2025-12-30,56,Female,Chennai,Direct,Regular
C01578,2025-07-29,32,Male,Chennai,Direct,Premium
C01579,2024-03-14,26,Male,Kolkata,Direct,Budget
C01580,2026-07-22,61,Female,Bangalore,Google,Regular
C01581,2024-12-14,33,Male,Jaipur,Google,VIP
C01582,2026-05-22,24,Female,Ahmedabad,Organic Search,Budget
C01583,2023-10-27,49,Male,Jaipur,Instagram,VIP
C01584,2024-01-11,26,Male,Bangalore,Referral,Regular
C01585,2024-02-11,48,Male,Jaipur,Organic Search,Premium
C01586,2024-02-24,23,Female,Chennai,Referral,Premium
C01587,2024-08-15,50,Male,Chennai,Direct,Regular
C01588,2025-10-13,31,Female,Pune,Google,Regular
C01589,2024-09-10,51,Male,Delhi,Referral,Regular
C01590,2026-06-24,26,Female,Chennai,Direct,Regular
C01591,2026-05-04,45,Male,Bangalore,Google,Premium
C01592,2026-03-12,36,Male,Ahmedabad,YouTube,Regular
C01593,2024-05-28,46,Male,Hyderabad,Google,VIP
C01594,2025-07-24,64,Male,Jaipur,YouTube,Regular
C01595,2025-04-22,52,Male,Delhi,YouTube,Budget
C01596,2024-01-12,56,Female,Hyderabad,Instagram,Premium
C01597,2024-07-24,25,Male,Bangalore,Google,Budget
C01598,2025-04-03,27,Male,Mumbai,Direct,Budget
C01599,2025-02-28,48,Male,Hyderabad,Organic Search,Regular
C01600,2024-02-28,40,Male,Ahmedabad,Direct,Premium
C01601,2026-06-25,44,Female,Jaipur,Instagram,Budget
C01602,2024-02-12,64,Female,Lucknow,Direct,VIP
C01603,2025-08-18,26,Female,Mumbai,Direct,Regular
C01604,2025-10-25,33,Male,Kolkata,Instagram,Regular
C01605,2025-06-21,48,Male,Jaipur,Referral,Premium
C01606,2026-03-08,42,Male,Ahmedabad,Organic Search,Budget
C01607,2025-05-06,53,Female,Chennai,Instagram,Regular
C01608,2026-02-17,32,Male,Ahmedabad,Google,Regular
C01609,2023-09-28,60,Male,Pune,Referral,Regular
C01610,2023-10-16,34,Male,Lucknow,Organic Search,Regular
C01611,2025-07-31,28,Male,Mumbai,Referral,Budget
C01612,2025-05-21,48,Male,Delhi,YouTube,Regular
C01613,2025-08-10,22,Male,Delhi,Instagram,Budget
C01614,2025-12-15,27,Female,Chennai,Instagram,Premium
C01615,2024-11-26,64,Female,Jaipur,Instagram,Budget
C01616,2025-07-28,50,Female,Jaipur,YouTube,Regular
C01617,2025-02-23,25,Female,Ahmedabad,Organic Search,Premium
C01618,2025-07-15,23,Male,Jaipur,Referral,Regular
C01619,2024-07-10,20,Male,Delhi,Referral,Budget
C01620,2026-07-11,63,Male,Mumbai,Referral,Budget
C01621,2025-02-07,20,Female,Delhi,Organic Search,Budget
C01622,2026-01-25,63,Male,Mumbai,Google,Regular
C01623,2025-09-16,55,Female,Pune,Referral,Budget
C01624,2024-07-18,41,Female,Pune,Google,Regular
C01625,2023-11-15,45,Female,Bangalore,Instagram,Budget
C01626,2023-11-01,48,Male,Jaipur,Instagram,Budget
C01627,2024-12-21,63,Other,Kolkata,Direct,Budget
C01628,2025-02-08,42,Female,Hyderabad,Google,Regular
C01629,2024-04-07,34,Female,Bangalore,YouTube,Regular
C01630,2025-06-22,60,Female,Chennai,Referral,Budget
C01631,2024-08-04,33,Female,Lucknow,Instagram,Regular
C01632,2025-10-23,34,Female,Pune,Organic Search,Budget
C01633,2025-11-09,45,Male,Hyderabad,Google,Budget
C01634,2026-03-28,57,Male,Jaipur,Referral,Budget
C01635,2026-08-01,33,Female,Lucknow,Referral,Budget
C01636,2024-01-18,59,Male,Mumbai,Instagram,Regular
C01637,2024-10-07,30,Female,Jaipur,Organic Search,Regular
C01638,2025-05-04,39,Other,Kolkata,Referral,Regular
C01639,2024-08-11,48,Male,Mumbai,Google,Premium
C01640,2025-01-20,48,Male,Chennai,Instagram,Budget
C01641,2024-06-16,43,Female,Mumbai,Google,Regular
C01642,2024-05-25,29,Female,Pune,YouTube,Regular
C01643,2023-12-12,53,Female,Ahmedabad,Instagram,Regular
C01644,2024-07-11,43,Male,Mumbai,Organic Search,Regular
C01645,2024-10-22,35,Female,Bangalore,Instagram,Budget
C01646,2025-07-02,27,Female,Chennai,Instagram,Regular
C01647,2024-05-26,21,Female,Bangalore,Instagram,Premium
C01648,2026-04-02,40,Male,Bangalore,Instagram,Regular
C01649,2024-02-19,61,Female,Bangalore,Instagram,Budget
C01650,2024-08-20,50,Male,Lucknow,Organic Search,Regular
C01651,2025-05-22,44,Female,Bangalore,Organic Search,Premium
C01652,2024-08-04,21,Female,Chennai,Direct,Regular
C01653,2025-12-11,55,Female,Jaipur,Instagram,Regular
C01654,2025-02-24,20,Male,Pune,Google,Regular
C01655,2025-03-14,31,Female,Mumbai,Google,Premium
C01656,2025-02-24,55,Female,Mumbai,Organic Search,Budget
C01657,2024-07-31,33,Male,Mumbai,YouTube,Regular
C01658,2023-09-22,27,Female,Bangalore,Instagram,Budget
C01659,2026-06-28,45,Male,Mumbai,Direct,Premium
C01660,2025-03-03,20,Female,Kolkata,Instagram,Regular
C01661,2026-07-22,40,Female,Delhi,Instagram,Regular
C01662,2024-04-19,50,Female,Ahmedabad,Google,Regular
C01663,2024-09-17,22,Male,Chennai,Organic Search,Budget
C01664,2023-10-22,18,Male,Pune,Direct,Regular
C01665,2025-02-20,25,Female,Chennai,YouTube,VIP
C01666,2026-04-21,43,Female,Hyderabad,Referral,Premium
C01667,2025-08-14,26,Male,Bangalore,Organic Search,Regular
C01668,2025-01-24,33,Female,Bangalore,Organic Search,Regular
C01669,2025-04-07,26,Female,Kolkata,Google,Regular
C01670,2026-03-13,42,Male,Mumbai,Organic Search,Premium
C01671,2024-12-12,56,Male,Ahmedabad,Google,Regular
C01672,2026-04-21,42,Female,Bangalore,Referral,VIP
C01673,2025-11-02,59,Other,Mumbai,Organic Search,Regular
C01674,2025-12-12,47,Female,Kolkata,Direct,Regular
C01675,2024-10-02,53,Female,Mumbai,Referral,Regular
C01676,2024-11-09,50,Female,Hyderabad,Referral,Premium
C01677,2025-05-14,41,Male,Chennai,Instagram,Premium
C01678,2024-03-28,29,Male,Ahmedabad,Instagram,Premium
C01679,2025-04-25,39,Male,Hyderabad,Referral,Budget
C01680,2023-11-16,27,Male,Hyderabad,Referral,Premium
C01681,2025-03-02,33,Female,Mumbai,Organic Search,Regular
C01682,2025-12-12,26,Female,Mumbai,YouTube,Regular
C01683,2024-06-29,33,Female,Mumbai,Instagram,Budget
C01684,2026-08-16,22,Female,Delhi,Direct,Premium
C01685,2025-09-11,25,Male,Jaipur,Organic Search,Regular
C01686,2024-01-05,36,Male,Chennai,Google,Premium
C01687,2026-07-31,56,Male,Pune,Organic Search,Regular
C01688,2024-11-01,42,Female,Pune,Google,Regular
C01689,2026-01-15,33,Male,Chennai,Direct,Regular
C01690,2024-09-02,25,Female,Jaipur,Organic Search,Regular
C01691,2026-06-22,39,Female,Jaipur,YouTube,Premium
C01692,2025-12-02,56,Female,Mumbai,Referral,Premium
C01693,2024-04-02,22,Female,Kolkata,Direct,Budget
C01694,2025-03-07,40,Female,Lucknow,YouTube,Regular
C01695,2025-02-26,51,Male,Chennai,Instagram,Regular
C01696,2023-10-16,40,Male,Mumbai,Google,Regular
C01697,2024-01-25,39,Female,Ahmedabad,Organic Search,Premium
C01698,2024-08-27,21,Male,Jaipur,Referral,Budget
C01699,2025-01-28,41,Female,Chennai,YouTube,Regular
C01700,2025-01-09,42,Male,Chennai,Organic Search,Premium
C01701,2025-06-22,32,Female,Ahmedabad,Referral,Regular
C01702,2025-03-14,43,Female,Mumbai,Direct,Budget
C01703,2024-08-21,40,Female,Bangalore,Referral,Regular
C01704,2025-06-29,57,Female,Kolkata,Google,Budget
C01705,2024-02-22,55,Female,Lucknow,Organic Search,Budget
C01706,2026-08-17,20,Female,Mumbai,Organic Search,Regular
C01707,2025-11-15,43,Female,Mumbai,Google,VIP
C01708,2024-07-20,54,Male,Kolkata,Google,Budget
C01709,2024-08-30,36,Female,Hyderabad,YouTube,Budget
C01710,2026-02-20,26,Male,Kolkata,Google,Regular
C01711,2025-04-02,48,Female,Pune,Direct,Regular
C01712,2025-10-12,30,Male,Bangalore,Instagram,Budget
C01713,2024-07-21,46,Female,Pune,Instagram,Regular
C01714,2026-02-07,60,Female,Pune,Instagram,Budget
C01715,2024-10-04,43,Male,Pune,Referral,Regular
C01716,2025-09-04,36,Female,Ahmedabad,Referral,Budget
C01717,2026-08-05,43,Female,Bangalore,YouTube,Regular
C01718,2025-05-28,42,Male,Delhi,Direct,Budget
C01719,2026-01-17,29,Female,Jaipur,Direct,Regular
C01720,2025-10-30,59,Female,Pune,Direct,Regular
C01721,2025-09-20,35,Male,Ahmedabad,Referral,VIP
C01722,2023-09-26,24,Female,Pune,Google,Budget
C01723,2025-01-29,64,Male,Pune,Organic Search,Budget
C01724,2026-07-22,22,Male,Kolkata,Organic Search,Regular
C01725,2026-01-02,63,Female,Lucknow,YouTube,Budget
C01726,2025-12-25,42,Female,Ahmedabad,Google,Regular
C01727,2025-05-22,63,Female,Chennai,Referral,Regular
C01728,2025-10-26,50,Male,Bangalore,Direct,Budget
C01729,2025-05-28,45,Female,Kolkata,Organic Search,Budget
C01730,2024-03-01,50,Male,Ahmedabad,YouTube,Regular
C01731,2025-07-17,64,Male,Chennai,Direct,Budget
C01732,2025-07-07,35,Male,Bangalore,Google,Regular
C01733,2026-03-06,35,Male,Ahmedabad,Google,Regular
C01734,2024-02-05,19,Female,Delhi,Google,Regular
C01735,2025-09-12,59,Female,Bangalore,Direct,VIP
C01736,2023-10-01,61,Female,Jaipur,Google,Budget
C01737,2026-07-02,48,Male,Pune,Referral,Regular
C01738,2023-12-26,20,Female,Mumbai,YouTube,Regular
C01739,2023-09-17,52,Male,Bangalore,Instagram,Regular
C01740,2024-08-05,30,Female,Bangalore,Direct,Budget
C01741,2024-02-09,62,Male,Lucknow,Organic Search,Premium
C01742,2025-09-22,57,Female,Chennai,YouTube,Regular
C01743,2024-11-19,30,Female,Kolkata,Instagram,Budget
C01744,2025-12-24,61,Male,Lucknow,YouTube,VIP
C01745,2026-06-01,26,Male,Ahmedabad,Organic Search,Premium
C01746,2026-04-10,57,Female,Delhi,Direct,Budget
C01747,2025-11-11,39,Female,Hyderabad,Google,Premium
C01748,2023-11-04,43,Female,Bangalore,Instagram,Premium
C01749,2024-01-26,33,Male,Delhi,Google,Regular
C01750,2024-04-11,58,Male,Bangalore,YouTube,Regular
C01751,2024-08-18,45,Female,Pune,YouTube,Regular
C01752,2025-08-22,52,Female,Bangalore,Organic Search,Premium
C01753,2025-03-25,61,Male,Ahmedabad,Google,Premium
C01754,2024-08-05,45,Female,Ahmedabad,Google,Regular
C01755,2024-03-04,18,Female,Mumbai,Google,Regular
C01756,2026-05-23,40,Male,Hyderabad,Instagram,Regular
C01757,2024-09-06,48,Male,Hyderabad,Google,Regular
C01758,2024-09-19,20,Female,Chennai,Organic Search,Budget
C01759,2025-12-21,31,Female,Kolkata,Referral,Regular
C01760,2025-10-26,23,Male,Bangalore,YouTube,Regular
C01761,2025-08-02,23,Female,Ahmedabad,Google,Regular
C01762,2025-09-25,58,Male,Mumbai,Google,Budget
C01763,2025-06-26,47,Other,Lucknow,Direct,Regular
C01764,2024-03-25,53,Male,Lucknow,Referral,Budget
C01765,2024-05-24,20,Female,Delhi,Direct,VIP
C01766,2025-04-30,60,Male,Kolkata,Referral,Regular
C01767,2024-04-30,56,Male,Chennai,Instagram,Regular
C01768,2026-07-29,46,Male,Lucknow,Google,Budget
C01769,2024-07-19,47,Male,Lucknow,YouTube,Budget
C01770,2024-07-09,26,Female,Lucknow,Google,Premium
C01771,2024-04-11,22,Male,Ahmedabad,Google,Regular
C01772,2025-10-08,30,Female,Bangalore,Google,Regular
C01773,2024-08-09,48,Female,Pune,Direct,Regular
C01774,2024-09-13,58,Other,Bangalore,Instagram,Regular
C01775,2026-06-16,37,Female,Delhi,Organic Search,Budget
C01776,2026-01-15,43,Male,Kolkata,Google,Premium
C01777,2024-06-22,62,Male,Delhi,Organic Search,Regular
C01778,2024-01-08,30,Male,Pune,Google,Regular
C01779,2025-09-07,23,Female,Lucknow,Organic Search,Budget
C01780,2024-10-17,40,Female,Hyderabad,Referral,Regular
C01781,2026-08-06,63,Male,Hyderabad,Google,Regular
C01782,2026-02-09,23,Male,Delhi,Google,Premium
C01783,2026-07-09,42,Female,Bangalore,Google,Premium
C01784,2026-01-25,27,Female,Kolkata,Direct,Regular
C01785,2024-07-11,43,Female,Mumbai,Instagram,Premium
C01786,2024-07-08,52,Male,Pune,Instagram,Budget
C01787,2025-10-18,49,Female,Mumbai,Google,Budget
C01788,2024-09-10,22,Female,Kolkata,Referral,Regular
C01789,2024-12-24,64,Male,Chennai,Instagram,Budget
C01790,2024-06-04,24,Male,Mumbai,Instagram,Budget
C01791,2025-02-03,28,Male,Lucknow,Instagram,Regular
C01792,2024-04-05,58,Male,Delhi,Organic Search,Regular
C01793,2025-04-09,59,Female,Kolkata,Google,Premium
C01794,2026-06-15,53,Female,Hyderabad,Referral,VIP
C01795,2025-09-29,48,Female,Hyderabad,Google,Regular
C01796,2024-01-25,46,Other,Ahmedabad,Direct,Budget
C01797,2025-07-02,18,Male,Lucknow,Direct,Regular
C01798,2025-06-01,25,Female,Kolkata,Direct,Regular
C01799,2024-05-19,53,Female,Chennai,Organic Search,Budget
C01800,2025-08-31,60,Male,Pune,Google,Premium
C01801,2025-04-01,26,Male,Pune,Referral,Regular
C01802,2025-07-27,38,Male,Jaipur,Instagram,Regular
C01803,2023-10-24,47,Male,Lucknow,Organic Search,Budget
C01804,2024-11-22,51,Female,Delhi,Referral,Regular
C01805,2025-10-22,39,Male,Hyderabad,Referral,Regular
C01806,2023-12-16,44,Male,Lucknow,Google,Regular
C01807,2025-12-19,27,Male,Mumbai,Organic Search,Budget
C01808,2023-09-02,64,Male,Bangalore,Organic Search,Budget
C01809,2025-04-22,49,Female,Hyderabad,YouTube,Premium
C01810,2026-06-11,23,Male,Chennai,YouTube,Regular
C01811,2024-11-15,58,Female,Kolkata,Instagram,Premium
C01812,2026-06-17,52,Other,Mumbai,Organic Search,Premium
C01813,2026-04-16,57,Male,Kolkata,Referral,Regular
C01814,2025-02-01,25,Male,Chennai,Instagram,Premium
C01815,2024-04-02,60,Male,Chennai,Google,VIP
C01816,2026-07-19,24,Male,Lucknow,Google,Budget
C01817,2024-08-13,23,Male,Chennai,Instagram,Budget
C01818,2025-08-04,33,Female,Ahmedabad,Referral,Regular
C01819,2026-05-19,52,Female,Chennai,Google,Regular
C01820,2023-12-04,63,Male,Mumbai,Instagram,Regular
C01821,2025-05-18,27,Female,Kolkata,Organic Search,Budget
C01822,2025-04-05,29,Male,Hyderabad,Instagram,Regular
C01823,2025-10-28,64,Male,Lucknow,Direct,Premium
C01824,2026-06-19,51,Male,Bangalore,Google,Budget
C01825,2026-05-24,42,Male,Pune,YouTube,Budget
C01826,2024-03-06,41,Male,Jaipur,Google,Budget
C01827,2026-04-20,49,Female,Chennai,Instagram,Budget
C01828,2024-03-07,52,Female,Delhi,Referral,Premium
C01829,2026-05-31,32,Female,Chennai,Referral,Budget
C01830,2026-08-24,52,Female,Delhi,Instagram,Budget
C01831,2024-11-05,43,Male,Mumbai,Direct,Regular
C01832,2025-02-20,48,Male,Bangalore,Instagram,Regular
C01833,2026-06-19,37,Female,Jaipur,Organic Search,Regular
C01834,2026-07-17,31,Female,Lucknow,Direct,Regular
C01835,2026-06-07,27,Female,Mumbai,Google,Budget
C01836,2026-04-14,62,Male,Kolkata,Direct,Regular
C01837,2023-09-07,28,Male,Lucknow,Organic Search,Premium
C01838,2025-05-11,38,Other,Delhi,Organic Search,Budget
C01839,2023-12-23,54,Female,Lucknow,Referral,Regular
C01840,2026-08-09,19,Male,Kolkata,YouTube,Regular
C01841,2024-07-04,39,Male,Mumbai,Instagram,Budget
C01842,2026-08-16,36,Female,Bangalore,YouTube,Regular
C01843,2025-04-14,35,Female,Lucknow,Referral,Regular
C01844,2025-02-19,40,Male,Jaipur,Organic Search,Premium
C01845,2026-06-21,44,Male,Jaipur,Organic Search,Budget
C01846,2026-03-17,63,Female,Chennai,Organic Search,Budget
C01847,2025-01-21,61,Female,Ahmedabad,YouTube,Premium
C01848,2024-03-26,23,Male,Chennai,YouTube,Premium
C01849,2023-12-29,21,Female,Mumbai,YouTube,Premium
C01850,2024-02-22,60,Male,Kolkata,Instagram,Premium
C01851,2025-01-11,64,Female,Ahmedabad,YouTube,Regular
C01852,2024-06-04,31,Other,Hyderabad,Direct,Regular
C01853,2024-03-19,29,Female,Bangalore,Google,Regular
C01854,2025-11-12,23,Female,Jaipur,Organic Search,Budget
C01855,2026-01-10,33,Male,Chennai,Organic Search,Regular
C01856,2025-05-11,58,Female,Kolkata,Instagram,Budget
C01857,2025-12-04,48,Male,Delhi,Referral,Regular
C01858,2024-03-07,59,Male,Ahmedabad,Referral,Regular
C01859,2026-03-23,35,Male,Ahmedabad,Referral,Premium
C01860,2026-05-07,47,Female,Pune,Direct,Regular
C01861,2026-02-19,42,Male,Kolkata,Organic Search,VIP
C01862,2025-03-14,36,Female,Jaipur,Instagram,Regular
C01863,2023-12-01,57,Male,Ahmedabad,Organic Search,Regular
C01864,2025-08-30,59,Female,Lucknow,Google,Premium
C01865,2024-03-17,23,Male,Chennai,Instagram,Budget
C01866,2024-01-29,18,Male,Bangalore,YouTube,Budget
C01867,2024-08-16,25,Female,Jaipur,Instagram,Regular
C01868,2024-05-25,31,Female,Lucknow,Instagram,Budget
C01869,2024-06-08,53,Male,Chennai,Instagram,Premium
C01870,2024-05-12,30,Male,Chennai,Instagram,Premium
C01871,2025-12-01,41,Male,Bangalore,Google,Premium
C01872,2026-07-08,37,Male,Chennai,Instagram,Regular
C01873,2024-07-23,59,Male,Mumbai,Referral,Premium
C01874,2025-10-28,31,Male,Delhi,Organic Search,Budget
C01875,2023-09-09,30,Female,Ahmedabad,Organic Search,Budget
C01876,2025-08-13,41,Female,Ahmedabad,Organic Search,Regular
C01877,2025-09-25,57,Male,Kolkata,Referral,VIP
C01878,2023-11-04,56,Male,Bangalore,Instagram,Budget
C01879,2024-01-04,35,Male,Hyderabad,Instagram,Premium
C01880,2024-07-29,46,Female,Pune,Referral,Regular
C01881,2024-11-14,64,Male,Jaipur,Google,Regular
C01882,2025-02-28,44,Female,Kolkata,Organic Search,Budget
C01883,2026-05-05,29,Male,Ahmedabad,Direct,VIP
C01884,2025-10-07,44,Male,Delhi,Direct,Regular
C01885,2024-08-02,24,Male,Bangalore,YouTube,Regular
C01886,2024-01-03,33,Other,Pune,Instagram,Regular
C01887,2026-05-28,39,Other,Mumbai,Instagram,Regular
C01888,2024-07-16,24,Female,Chennai,Instagram,Regular
C01889,2025-07-01,38,Female,Hyderabad,Google,Budget
C01890,2024-04-24,29,Male,Chennai,Referral,Budget
C01891,2024-01-21,59,Male,Jaipur,Referral,Regular
C01892,2024-02-11,38,Female,Kolkata,Instagram,Regular
C01893,2025-11-24,60,Female,Jaipur,Instagram,Budget
C01894,2025-06-21,31,Female,Hyderabad,Organic Search,Regular
C01895,2024-11-25,37,Female,Ahmedabad,Referral,Regular
C01896,2025-04-20,55,Female,Kolkata,Google,Budget
C01897,2025-01-25,32,Female,Mumbai,Google,Regular
C01898,2025-04-08,61,Female,Lucknow,Referral,Premium
C01899,2025-08-24,46,Female,Hyderabad,Direct,Regular
C01900,2024-04-23,60,Male,Chennai,Direct,Premium
C01901,2024-05-25,28,Male,Jaipur,Google,Regular
C01902,2025-12-02,19,Male,Delhi,Instagram,Regular
C01903,2026-04-10,35,Female,Jaipur,Instagram,Regular
C01904,2023-11-25,36,Male,Hyderabad,Google,Regular
C01905,2024-12-29,40,Female,Jaipur,YouTube,Regular
C01906,2025-10-07,36,Male,Pune,Google,Premium
C01907,2023-11-21,62,Female,Chennai,Instagram,Regular
C01908,2025-05-07,18,Female,Lucknow,YouTube,Premium
C01909,2023-11-03,47,Male,Jaipur,Google,Regular
C01910,2025-04-19,58,Female,Lucknow,Direct,Regular
C01911,2025-03-04,18,Female,Bangalore,Google,VIP
C01912,2025-05-16,29,Female,Chennai,Instagram,Premium
C01913,2024-02-08,45,Female,Bangalore,Referral,Premium
C01914,2024-08-21,49,Male,Lucknow,Google,Regular
C01915,2025-03-20,64,Male,Mumbai,Referral,VIP
C01916,2024-01-02,52,Female,Bangalore,Direct,Regular
C01917,2024-04-09,28,Female,Ahmedabad,YouTube,Regular
C01918,2025-05-28,30,Female,Mumbai,YouTube,Regular
C01919,2023-12-05,24,Female,Lucknow,Instagram,Budget
C01920,2025-03-09,61,Female,Delhi,Google,Regular
C01921,2026-01-30,43,Male,Delhi,YouTube,Regular
C01922,2025-01-05,25,Other,Bangalore,Organic Search,Budget
C01923,2025-03-12,40,Male,Bangalore,Direct,Budget
C01924,2025-01-09,21,Female,Bangalore,Instagram,Regular
C01925,2023-10-30,27,Female,Mumbai,Referral,Budget
C01926,2025-01-15,37,Other,Mumbai,Google,Regular
C01927,2026-01-28,21,Female,Kolkata,Google,Budget
C01928,2025-10-28,61,Male,Mumbai,Google,Budget
C01929,2024-11-03,27,Male,Lucknow,Direct,Regular
C01930,2026-02-07,37,Male,Mumbai,Direct,Premium
C01931,2025-11-22,55,Male,Pune,Organic Search,Premium
C01932,2025-05-22,32,Female,Ahmedabad,Referral,Regular
C01933,2023-10-16,51,Female,Chennai,Organic Search,Premium
C01934,2024-09-08,56,Female,Chennai,Direct,Premium
C01935,2023-11-05,41,Female,Mumbai,Direct,Premium
C01936,2026-08-21,41,Male,Ahmedabad,Organic Search,Regular
C01937,2026-06-17,37,Male,Kolkata,YouTube,Regular
C01938,2023-11-11,60,Male,Chennai,Google,Budget
C01939,2026-06-16,63,Male,Delhi,Organic Search,Budget
C01940,2023-10-01,53,Male,Bangalore,Direct,Premium
C01941,2024-11-18,61,Male,Pune,Organic Search,Premium
C01942,2025-12-17,27,Male,Pune,Google,Budget
C01943,2025-12-14,56,Male,Chennai,Organic Search,Regular
C01944,2026-08-04,43,Female,Chennai,Organic Search,Budget
C01945,2025-08-04,63,Female,Chennai,Organic Search,Regular
C01946,2024-11-30,39,Male,Kolkata,Organic Search,Regular
C01947,2026-08-20,22,Male,Ahmedabad,Organic Search,Regular
C01948,2024-10-20,47,Female,Lucknow,Instagram,Regular
C01949,2026-04-07,64,Male,Chennai,Instagram,Budget
C01950,2026-05-17,52,Female,Chennai,Direct,Regular
C01951,2024-10-12,49,Male,Hyderabad,Google,Budget
C01952,2025-09-14,64,Female,Lucknow,YouTube,Premium
C01953,2025-08-22,57,Male,Kolkata,Direct,Regular
C01954,2025-04-10,41,Male,Chennai,Referral,Budget
C01955,2025-08-13,33,Male,Kolkata,Organic Search,Regular
C01956,2024-09-12,50,Male,Hyderabad,Referral,Regular
C01957,2024-03-10,49,Male,Kolkata,Instagram,VIP
C01958,2025-04-07,41,Male,Pune,Instagram,Regular
C01959,2025-03-29,49,Male,Pune,Organic Search,Regular
C01960,2025-11-02,29,Female,Pune,YouTube,VIP
C01961,2024-04-28,56,Male,Chennai,Organic Search,Premium
C01962,2023-08-31,58,Female,Delhi,Referral,Budget
C01963,2023-09-21,19,Male,Delhi,Instagram,Regular
C01964,2024-07-20,49,Male,Chennai,Referral,Regular
C01965,2025-09-04,34,Female,Ahmedabad,Instagram,Budget
C01966,2025-04-15,45,Male,Kolkata,Google,Premium
C01967,2025-04-01,63,Female,Chennai,Google,Regular
C01968,2026-02-15,46,Male,Bangalore,Organic Search,Budget
C01969,2024-05-25,22,Female,Lucknow,Instagram,Budget
C01970,2024-09-10,59,Female,Mumbai,Direct,VIP
C01971,2024-06-25,50,Male,Lucknow,Instagram,Budget
C01972,2026-06-20,42,Male,Ahmedabad,Instagram,Regular
C01973,2025-10-30,44,Other,Kolkata,Referral,Regular
C01974,2023-12-29,25,Female,Kolkata,Referral,Regular
C01975,2026-01-31,19,Female,Hyderabad,Organic Search,Regular
C01976,2024-11-29,31,Female,Ahmedabad,Instagram,Budget
C01977,2025-12-14,19,Male,Ahmedabad,Direct,Budget
C01978,2026-04-22,57,Female,Mumbai,YouTube,Premium
C01979,2023-09-14,30,Female,Jaipur,Instagram,Regular
C01980,2024-04-09,33,Female,Mumbai,Instagram,Regular
C01981,2023-12-16,42,Male,Hyderabad,Organic Search,Budget
C01982,2023-10-03,55,Female,Hyderabad,Instagram,Premium
C01983,2025-06-13,57,Male,Hyderabad,Google,Premium
C01984,2025-10-06,39,Female,Kolkata,Instagram,Premium
C01985,2023-10-20,30,Male,Hyderabad,Google,Regular
C01986,2025-11-16,40,Male,Kolkata,Organic Search,Premium
C01987,2024-11-10,51,Female,Chennai,Instagram,Regular
C01988,2024-05-10,32,Female,Jaipur,Referral,VIP
C01989,2024-04-22,42,Female,Chennai,Referral,Budget
C01990,2026-03-31,39,Male,Mumbai,Organic Search,Regular
C01991,2023-10-28,47,Male,Mumbai,Referral,Regular
C01992,2025-03-02,39,Female,Ahmedabad,Google,Premium
C01993,2024-07-10,42,Female,Lucknow,Referral,Budget
C01994,2026-02-07,48,Male,Delhi,YouTube,Regular
C01995,2025-11-06,46,Male,Hyderabad,YouTube,Regular
C01996,2024-08-11,29,Female,Mumbai,Google,Regular
C01997,2025-06-13,49,Female,Mumbai,YouTube,Regular
C01998,2025-09-03,34,Female,Jaipur,Referral,Regular
C01999,2024-08-13,40,Female,Ahmedabad,Google,Budget
C02000,2024-07-23,50,Female,Pune,Instagram,Premium
C02001,2024-02-01,63,Male,Lucknow,Google,Premium
C02002,2025-08-20,40,Female,Bangalore,YouTube,Regular
C02003,2024-04-26,21,Female,Kolkata,Instagram,Budget
C02004,2024-07-22,43,Male,Bangalore,Organic Search,Regular
C02005,2023-11-02,62,Male,Pune,Organic Search,Premium
C02006,2026-07-02,27,Other,Ahmedabad,YouTube,Regular
C02007,2026-04-18,61,Female,Pune,Google,Regular
C02008,2026-05-23,53,Other,Ahmedabad,Organic Search,Regular
C02009,2025-07-14,31,Other,Mumbai,Google,VIP
C02010,2024-12-08,40,Male,Kolkata,Referral,VIP
C02011,2025-02-21,41,Female,Ahmedabad,YouTube,Regular
C02012,2026-07-28,30,Female,Jaipur,Direct,Regular
C02013,2026-06-24,46,Male,Pune,Referral,Premium
C02014,2025-09-01,51,Female,Kolkata,Instagram,VIP
C02015,2026-01-05,30,Male,Delhi,Organic Search,Regular
C02016,2024-08-11,62,Male,Pune,Direct,Budget
C02017,2024-11-26,38,Male,Delhi,Instagram,Regular
C02018,2024-02-07,57,Female,Jaipur,YouTube,Premium
C02019,2024-10-13,40,Female,Delhi,Referral,Premium
C02020,2025-12-01,52,Male,Kolkata,Instagram,Regular
C02021,2025-01-27,34,Female,Pune,Google,Premium
C02022,2026-03-15,46,Female,Bangalore,Instagram,Regular
C02023,2024-07-22,41,Female,Bangalore,Referral,Regular
C02024,2025-10-11,64,Female,Mumbai,Direct,VIP
C02025,2026-01-27,55,Other,Lucknow,Referral,Regular
C02026,2026-05-26,37,Male,Hyderabad,Organic Search,Regular
C02027,2025-05-05,27,Female,Mumbai,Organic Search,Regular
C02028,2026-07-23,46,Male,Ahmedabad,Google,Budget
C02029,2025-04-29,22,Male,Chennai,Organic Search,Regular
C02030,2024-01-21,48,Female,Chennai,Google,Regular
C02031,2024-05-20,59,Female,Lucknow,Organic Search,Regular
C02032,2024-04-06,61,Male,Lucknow,Instagram,Regular
C02033,2025-08-05,54,Female,Pune,Referral,Premium
C02034,2026-06-03,57,Male,Bangalore,Organic Search,Premium
C02035,2026-03-13,60,Male,Chennai,Google,Regular
C02036,2023-12-07,41,Male,Mumbai,Google,Budget
C02037,2025-10-30,43,Female,Ahmedabad,Instagram,Budget
C02038,2024-03-23,26,Male,Pune,Instagram,Regular
C02039,2024-06-17,26,Female,Bangalore,Google,Regular
C02040,2025-09-04,18,Female,Hyderabad,Instagram,VIP
C02041,2025-06-18,45,Female,Pune,Instagram,Premium
C02042,2026-04-11,20,Female,Lucknow,Direct,Regular
C02043,2024-03-21,31,Female,Bangalore,Google,Budget
C02044,2025-12-09,20,Female,Bangalore,Google,Budget
C02045,2025-10-29,27,Female,Bangalore,Referral,Regular
C02046,2025-05-01,55,Female,Bangalore,Google,Premium
C02047,2025-02-03,61,Male,Bangalore,Google,Regular
C02048,2026-04-06,53,Female,Bangalore,YouTube,Regular
C02049,2024-08-26,29,Male,Jaipur,YouTube,Budget
C02050,2026-07-11,45,Male,Bangalore,Organic Search,Regular
C02051,2023-09-13,23,Female,Chennai,Google,Budget
C02052,2026-06-20,39,Female,Pune,Instagram,Budget
C02053,2026-07-17,48,Female,Chennai,Instagram,Regular
C02054,2024-01-03,57,Male,Kolkata,Google,Regular
C02055,2026-08-27,64,Female,Lucknow,Google,Budget
C02056,2025-02-02,42,Male,Hyderabad,YouTube,Regular
C02057,2024-05-19,20,Male,Ahmedabad,Organic Search,Budget
C02058,2025-06-20,28,Female,Chennai,Instagram,Regular
C02059,2024-04-08,43,Female,Kolkata,Referral,Regular
C02060,2026-05-26,54,Female,Hyderabad,Google,Regular
C02061,2025-04-24,64,Other,Hyderabad,Direct,Premium
C02062,2025-12-24,27,Female,Hyderabad,Organic Search,Regular
C02063,2024-10-18,53,Female,Delhi,Referral,Regular
C02064,2025-04-03,22,Female,Pune,Referral,Budget
C02065,2024-09-24,50,Male,Chennai,Organic Search,Regular
C02066,2024-06-09,54,Male,Lucknow,YouTube,Premium
C02067,2025-03-12,24,Male,Chennai,Google,Premium
C02068,2025-02-23,42,Female,Ahmedabad,Instagram,Premium
C02069,2023-12-14,34,Female,Hyderabad,Instagram,Premium
C02070,2026-08-07,19,Other,Bangalore,Instagram,VIP
C02071,2025-01-23,23,Female,Delhi,Google,Premium
C02072,2026-03-05,64,Male,Mumbai,YouTube,Premium
C02073,2026-05-26,54,Male,Chennai,Referral,Regular
C02074,2024-10-07,60,Female,Jaipur,YouTube,Regular
C02075,2024-11-23,60,Female,Mumbai,Google,Regular
C02076,2025-05-05,28,Male,Kolkata,Instagram,Budget
C02077,2024-04-26,26,Female,Pune,Direct,Regular
C02078,2024-02-03,44,Male,Jaipur,Google,Budget
C02079,2024-06-08,36,Female,Delhi,Organic Search,Premium
C02080,2026-06-17,49,Male,Kolkata,Instagram,Budget
C02081,2025-05-23,30,Female,Lucknow,Referral,Regular
C02082,2024-11-27,44,Female,Hyderabad,Instagram,Budget
C02083,2024-02-11,26,Female,Mumbai,Referral,Budget
C02084,2024-08-23,24,Female,Bangalore,Referral,Regular
C02085,2024-10-17,38,Female,Chennai,Organic Search,Budget
C02086,2026-02-26,39,Male,Pune,YouTube,Regular
C02087,2025-02-25,36,Female,Bangalore,Referral,Regular
C02088,2025-08-14,27,Male,Mumbai,Referral,Budget
C02089,2025-09-16,55,Male,Pune,Organic Search,Premium
C02090,2024-06-05,59,Male,Bangalore,Organic Search,Budget
C02091,2026-02-13,23,Female,Chennai,Instagram,Regular
C02092,2026-07-22,49,Male,Jaipur,Organic Search,Regular
C02093,2025-07-31,45,Female,Hyderabad,Organic Search,Premium
C02094,2025-02-15,56,Male,Jaipur,Google,Regular
C02095,2024-02-28,62,Female,Hyderabad,Google,Budget
C02096,2026-01-15,63,Male,Kolkata,Direct,Budget
C02097,2024-02-29,61,Other,Lucknow,Instagram,Budget
C02098,2025-10-25,53,Female,Pune,Instagram,Budget
C02099,2025-02-13,27,Male,Chennai,Google,VIP
C02100,2026-05-28,59,Female,Hyderabad,Organic Search,Regular
C02101,2025-04-13,21,Male,Bangalore,Organic Search,Regular
C02102,2025-07-31,62,Male,Pune,Organic Search,Budget
C02103,2023-10-31,50,Male,Pune,Referral,Regular
C02104,2023-10-04,24,Female,Jaipur,Google,Regular
C02105,2026-03-12,20,Male,Lucknow,Instagram,Premium
C02106,2026-06-28,40,Male,Kolkata,YouTube,Regular
C02107,2025-08-29,53,Female,Ahmedabad,Organic Search,Budget
C02108,2025-12-12,45,Female,Chennai,Referral,Budget
C02109,2024-11-21,60,Female,Chennai,Referral,Budget
C02110,2026-03-08,63,Female,Chennai,Direct,Budget
C02111,2024-05-07,31,Female,Pune,Referral,Budget
C02112,2025-10-11,60,Female,Delhi,Organic Search,Regular
C02113,2023-09-07,28,Male,Delhi,Referral,Regular
C02114,2025-03-04,59,Female,Kolkata,Organic Search,Regular
C02115,2024-10-10,43,Male,Delhi,Direct,VIP
C02116,2025-07-05,40,Other,Hyderabad,Google,Premium
C02117,2025-08-27,50,Male,Jaipur,Organic Search,Regular
C02118,2025-07-03,20,Male,Hyderabad,Google,Regular
C02119,2025-02-07,61,Male,Chennai,Instagram,Budget
C02120,2025-02-12,59,Female,Bangalore,Instagram,VIP
C02121,2023-09-04,35,Male,Delhi,Google,Regular
C02122,2025-04-23,37,Female,Chennai,Organic Search,Premium
C02123,2023-09-09,37,Male,Chennai,Referral,Premium
C02124,2025-03-30,43,Female,Lucknow,Organic Search,Regular
C02125,2024-06-24,32,Male,Kolkata,Instagram,Budget
C02126,2026-08-03,33,Male,Lucknow,Organic Search,Premium
C02127,2023-09-15,27,Male,Chennai,Google,Regular
C02128,2026-02-04,60,Male,Delhi,YouTube,Budget
C02129,2025-09-04,44,Male,Pune,Organic Search,Regular
C02130,2026-01-27,19,Male,Delhi,Google,Regular
C02131,2026-05-21,63,Female,Chennai,Google,Budget
C02132,2023-12-23,30,Female,Hyderabad,Organic Search,Budget
C02133,2023-12-11,51,Female,Jaipur,Organic Search,Premium
C02134,2024-02-07,56,Female,Mumbai,YouTube,Regular
C02135,2024-03-25,60,Other,Delhi,Direct,Regular
C02136,2025-03-26,55,Male,Ahmedabad,Instagram,Regular
C02137,2026-02-06,64,Male,Jaipur,Organic Search,Regular
C02138,2024-06-15,52,Female,Pune,Google,VIP
C02139,2024-11-04,57,Male,Chennai,Organic Search,Regular
C02140,2024-10-09,62,Male,Bangalore,Organic Search,Premium
C02141,2024-11-15,59,Male,Delhi,Organic Search,Budget
C02142,2025-05-08,57,Male,Kolkata,Google,Regular
C02143,2026-08-17,52,Female,Kolkata,Google,Regular
C02144,2024-05-01,50,Male,Lucknow,Organic Search,VIP
C02145,2025-09-15,64,Female,Kolkata,Referral,Premium
C02146,2026-03-14,38,Male,Hyderabad,Google,Budget
C02147,2025-08-13,39,Male,Lucknow,Instagram,Budget
C02148,2026-03-25,39,Female,Bangalore,YouTube,Regular
C02149,2025-12-07,43,Male,Hyderabad,Referral,VIP
C02150,2023-12-08,47,Female,Hyderabad,Google,Regular
C02151,2024-10-16,34,Male,Hyderabad,Instagram,VIP
C02152,2025-04-24,43,Male,Bangalore,Instagram,Regular
C02153,2023-10-28,52,Male,Delhi,Organic Search,Budget
C02154,2023-09-07,57,Female,Bangalore,Referral,Premium
C02155,2024-03-02,50,Male,Hyderabad,Organic Search,Premium
C02156,2025-02-25,31,Male,Mumbai,Direct,Regular
C02157,2024-12-15,63,Male,Jaipur,Referral,Regular
C02158,2026-01-03,30,Male,Pune,Instagram,Regular
C02159,2025-05-09,53,Female,Lucknow,Organic Search,Premium
C02160,2026-03-25,63,Male,Ahmedabad,Referral,Regular
C02161,2023-12-10,33,Male,Bangalore,Organic Search,Regular
C02162,2025-03-28,54,Female,Delhi,Organic Search,Regular
C02163,2023-10-13,26,Male,Ahmedabad,YouTube,Regular
C02164,2024-04-15,48,Female,Lucknow,Google,Regular
C02165,2026-04-05,30,Female,Chennai,Referral,Regular
C02166,2026-04-26,61,Female,Pune,Google,Budget
C02167,2025-01-30,18,Male,Jaipur,Referral,VIP
C02168,2023-10-18,26,Other,Jaipur,Organic Search,Regular
C02169,2023-11-17,25,Female,Pune,Organic Search,Regular
C02170,2026-06-07,25,Female,Delhi,Instagram,Regular
C02171,2026-05-09,36,Female,Delhi,Referral,VIP
C02172,2025-05-06,53,Male,Jaipur,Organic Search,VIP
C02173,2023-10-03,45,Male,Jaipur,Instagram,Budget
C02174,2026-06-10,49,Male,Jaipur,Google,Regular
C02175,2024-08-06,19,Male,Jaipur,YouTube,Regular
C02176,2026-07-16,18,Female,Chennai,Google,VIP
C02177,2025-06-01,31,Female,Ahmedabad,Instagram,Regular
C02178,2025-11-29,21,Male,Bangalore,Organic Search,Regular
C02179,2025-10-17,21,Male,Jaipur,Instagram,Premium
C02180,2024-11-06,25,Male,Lucknow,Direct,Premium
C02181,2023-11-20,42,Male,Hyderabad,Google,Regular
C02182,2024-02-22,46,Female,Pune,Instagram,Regular
C02183,2024-05-17,35,Female,Jaipur,Organic Search,Regular
C02184,2026-02-27,32,Female,Mumbai,Referral,Premium
C02185,2024-10-27,53,Male,Mumbai,Organic Search,Regular
C02186,2026-05-06,49,Other,Lucknow,Google,Premium
C02187,2024-08-25,29,Female,Chennai,Organic Search,Regular
C02188,2025-12-03,45,Female,Pune,Referral,Premium
C02189,2024-01-28,63,Female,Pune,Direct,Regular
C02190,2026-08-15,62,Male,Chennai,Organic Search,Regular
C02191,2025-10-29,58,Female,Lucknow,Organic Search,Budget
C02192,2025-02-26,31,Male,Kolkata,Direct,Budget
C02193,2026-07-30,45,Male,Jaipur,Google,Budget
C02194,2023-10-25,19,Male,Kolkata,Instagram,Regular
C02195,2024-12-19,50,Female,Mumbai,Organic Search,Regular
C02196,2026-03-04,39,Female,Ahmedabad,Organic Search,Regular
C02197,2024-09-04,48,Female,Kolkata,Instagram,Budget
C02198,2025-12-17,35,Female,Delhi,Organic Search,Budget
C02199,2026-07-09,46,Female,Jaipur,Instagram,Budget
C02200,2024-11-04,64,Male,Chennai,Direct,Regular
C02201,2025-12-22,20,Female,Pune,Referral,Regular
C02202,2023-09-29,49,Male,Mumbai,Instagram,Premium
C02203,2024-06-22,47,Male,Delhi,Google,VIP
C02204,2026-08-19,32,Male,Chennai,Instagram,Regular
C02205,2025-02-15,44,Male,Delhi,Direct,Premium
C02206,2024-09-20,48,Male,Mumbai,Instagram,Budget
C02207,2026-06-24,40,Female,Kolkata,Instagram,Regular
C02208,2024-12-13,62,Male,Mumbai,Instagram,Budget
C02209,2025-09-10,41,Female,Ahmedabad,Instagram,Regular
C02210,2025-08-21,21,Male,Delhi,YouTube,Regular
C02211,2023-11-29,43,Female,Lucknow,Google,Budget
C02212,2025-07-06,37,Male,Lucknow,Organic Search,Regular
C02213,2026-01-18,36,Female,Mumbai,Organic Search,Premium
C02214,2025-10-17,41,Female,Chennai,Organic Search,Budget
C02215,2023-11-25,63,Male,Lucknow,Direct,VIP
C02216,2024-02-13,56,Female,Kolkata,Instagram,Regular
C02217,2025-10-15,39,Female,Kolkata,Instagram,Regular
C02218,2025-07-22,56,Male,Kolkata,Direct,Regular
C02219,2025-11-15,52,Male,Kolkata,YouTube,Regular
C02220,2024-08-09,59,Female,Pune,Instagram,Premium
C02221,2023-12-22,41,Female,Jaipur,Google,Budget
C02222,2023-09-02,49,Male,Chennai,Direct,Premium
C02223,2024-07-30,36,Female,Jaipur,Direct,Regular
C02224,2024-09-25,21,Female,Pune,Organic Search,VIP
C02225,2024-06-18,51,Female,Ahmedabad,Instagram,Budget
C02226,2024-01-20,38,Other,Lucknow,Instagram,Budget
C02227,2024-03-20,25,Female,Kolkata,Organic Search,Budget
C02228,2024-12-31,58,Male,Pune,Google,Regular
C02229,2025-04-26,44,Female,Mumbai,Direct,Budget
C02230,2024-11-17,22,Male,Ahmedabad,YouTube,VIP
C02231,2023-09-25,18,Male,Lucknow,Referral,Regular
C02232,2024-09-18,63,Male,Bangalore,Instagram,Regular
C02233,2023-12-07,33,Female,Bangalore,Direct,Regular
C02234,2025-06-13,41,Male,Lucknow,YouTube,Premium
C02235,2024-08-17,51,Female,Chennai,Google,Budget
C02236,2024-10-23,25,Female,Pune,Direct,Premium
C02237,2024-07-12,52,Female,Bangalore,Direct,Budget
C02238,2024-10-26,23,Male,Pune,Instagram,Regular
C02239,2023-11-28,51,Male,Bangalore,Google,Premium
C02240,2026-05-11,33,Female,Ahmedabad,YouTube,Budget
C02241,2026-05-16,31,Male,Mumbai,Google,Premium
C02242,2026-08-04,34,Female,Kolkata,Instagram,Regular
C02243,2025-05-15,26,Other,Hyderabad,Google,Regular
C02244,2024-02-29,34,Male,Hyderabad,Instagram,VIP
C02245,2024-10-18,51,Female,Kolkata,Google,Premium
C02246,2024-01-27,39,Male,Kolkata,YouTube,Regular
C02247,2024-07-23,50,Male,Bangalore,Google,Budget
C02248,2025-02-18,31,Male,Mumbai,Instagram,Regular
C02249,2023-11-05,49,Female,Delhi,Google,Premium
C02250,2024-12-16,60,Male,Ahmedabad,Organic Search,Budget
C02251,2024-12-01,58,Female,Kolkata,Instagram,Budget
C02252,2025-02-08,53,Male,Hyderabad,Referral,Premium
C02253,2023-11-20,63,Female,Ahmedabad,Google,Regular
C02254,2024-05-29,25,Female,Hyderabad,Organic Search,Premium
C02255,2024-05-24,44,Female,Hyderabad,Google,Premium
C02256,2025-07-13,32,Male,Hyderabad,YouTube,Regular
C02257,2025-06-08,33,Male,Bangalore,Direct,Premium
C02258,2024-03-29,46,Female,Bangalore,Google,Premium
C02259,2023-12-23,32,Male,Ahmedabad,YouTube,Regular
C02260,2024-07-26,26,Female,Pune,YouTube,Premium
C02261,2026-07-02,32,Female,Lucknow,YouTube,Regular
C02262,2024-08-26,19,Female,Kolkata,Referral,Regular
C02263,2025-07-07,57,Male,Bangalore,Organic Search,Premium
C02264,2026-01-25,48,Male,Delhi,Instagram,Regular
C02265,2024-08-23,25,Male,Chennai,Direct,Premium
C02266,2024-08-28,38,Female,Kolkata,Google,Regular
C02267,2026-02-06,52,Male,Bangalore,Google,Budget
C02268,2026-03-27,58,Female,Kolkata,Organic Search,Regular
C02269,2026-07-30,40,Female,Ahmedabad,Direct,Premium
C02270,2024-01-24,40,Female,Chennai,Instagram,Premium
C02271,2024-08-13,32,Female,Bangalore,Google,Premium
C02272,2026-07-01,25,Male,Delhi,Organic Search,Premium
C02273,2024-04-04,62,Male,Hyderabad,YouTube,Regular
C02274,2024-08-06,44,Female,Bangalore,Organic Search,Regular
C02275,2026-07-20,36,Male,Ahmedabad,Organic Search,Regular
C02276,2026-07-24,61,Male,Hyderabad,Organic Search,Regular
C02277,2024-07-12,26,Male,Chennai,Instagram,Premium
C02278,2025-09-27,19,Female,Mumbai,Direct,Premium
C02279,2025-02-16,51,Female,Delhi,Google,Premium
C02280,2025-05-20,63,Female,Mumbai,Organic Search,Regular
C02281,2024-05-19,50,Female,Pune,Instagram,VIP
C02282,2024-10-13,54,Male,Lucknow,Google,Premium
C02283,2026-02-07,44,Male,Chennai,Organic Search,Regular
C02284,2024-10-31,45,Female,Hyderabad,Instagram,Regular
C02285,2023-12-30,45,Female,Lucknow,Google,VIP
C02286,2025-05-06,37,Female,Mumbai,Instagram,Regular
C02287,2025-06-07,40,Female,Pune,Instagram,Regular
C02288,2025-04-17,28,Male,Pune,YouTube,VIP
C02289,2025-09-13,53,Female,Pune,Google,Premium
C02290,2025-04-21,28,Female,Bangalore,Google,Budget
C02291,2026-07-07,31,Male,Bangalore,Google,Premium
C02292,2025-01-14,43,Male,Delhi,Google,VIP
C02293,2025-10-12,57,Female,Delhi,Referral,Budget
C02294,2024-12-20,50,Male,Pune,Organic Search,Regular
C02295,2024-07-12,33,Male,Lucknow,Direct,Budget
C02296,2025-09-25,18,Male,Hyderabad,Direct,Premium
C02297,2026-02-10,30,Male,Delhi,Instagram,Budget
C02298,2026-01-16,42,Male,Pune,Organic Search,Regular
C02299,2024-11-18,47,Male,Jaipur,Instagram,Premium
C02300,2025-02-25,51,Female,Lucknow,Instagram,Regular
C02301,2025-07-22,21,Male,Hyderabad,Instagram,Premium
C02302,2024-05-19,42,Male,Pune,Referral,Premium
C02303,2025-08-18,55,Female,Ahmedabad,Instagram,Premium
C02304,2025-10-19,50,Male,Pune,YouTube,Regular
C02305,2026-01-08,53,Female,Chennai,Google,Premium
C02306,2023-11-17,58,Male,Bangalore,Referral,Regular
C02307,2026-08-17,19,Female,Lucknow,Organic Search,Budget
C02308,2025-02-03,52,Female,Pune,Direct,Premium
C02309,2024-11-09,52,Female,Chennai,Direct,Premium
C02310,2025-03-05,49,Male,Kolkata,Referral,Regular
C02311,2026-06-01,25,Female,Delhi,Organic Search,Regular
C02312,2025-09-24,41,Male,Ahmedabad,YouTube,Budget
C02313,2025-04-14,61,Female,Bangalore,Instagram,VIP
C02314,2026-01-10,48,Female,Pune,Instagram,Budget
C02315,2024-09-25,58,Female,Hyderabad,Direct,Budget
C02316,2026-05-05,21,Female,Hyderabad,Referral,Regular
C02317,2025-04-07,40,Male,Pune,Instagram,Regular
C02318,2025-07-27,53,Female,Chennai,Organic Search,Premium
C02319,2023-11-29,60,Female,Hyderabad,Organic Search,Budget
C02320,2025-12-17,62,Other,Delhi,Referral,Premium
C02321,2025-08-17,56,Male,Hyderabad,Google,Regular
C02322,2024-09-20,55,Female,Pune,Direct,Regular
C02323,2025-08-06,44,Male,Jaipur,Organic Search,Regular
C02324,2023-10-15,42,Male,Kolkata,Google,Premium
C02325,2026-08-10,27,Female,Delhi,Google,Budget
C02326,2025-09-08,55,Male,Jaipur,YouTube,Regular
C02327,2024-11-07,54,Other,Kolkata,Referral,Regular
C02328,2025-11-29,64,Male,Kolkata,Instagram,Regular
C02329,2026-07-21,64,Female,Jaipur,Instagram,Premium
C02330,2024-12-11,43,Male,Bangalore,YouTube,Regular
C02331,2023-09-08,36,Female,Kolkata,Organic Search,Budget
C02332,2024-06-06,47,Female,Ahmedabad,Instagram,VIP
C02333,2025-03-09,59,Female,Delhi,Google,Budget
C02334,2025-03-18,37,Female,Bangalore,Referral,Budget
C02335,2025-05-25,51,Female,Ahmedabad,Referral,Premium
C02336,2025-05-19,21,Male,Jaipur,Referral,Budget
C02337,2024-12-28,26,Male,Jaipur,Direct,Regular
C02338,2024-10-29,42,Female,Jaipur,Organic Search,Regular
C02339,2025-12-21,22,Female,Pune,Organic Search,Premium
C02340,2025-06-03,57,Female,Pune,Instagram,Budget
C02341,2025-02-26,47,Female,Bangalore,YouTube,Premium
C02342,2024-09-09,47,Male,Chennai,Referral,Premium
C02343,2023-09-23,35,Male,Pune,YouTube,Regular
C02344,2023-12-20,35,Female,Chennai,Organic Search,Premium
C02345,2024-11-25,37,Male,Lucknow,Google,VIP
C02346,2026-07-17,40,Female,Bangalore,Instagram,Regular
C02347,2024-01-02,36,Female,Kolkata,Instagram,Regular
C02348,2026-06-23,63,Female,Delhi,Instagram,VIP
C02349,2024-01-30,48,Male,Jaipur,Organic Search,Premium
C02350,2024-08-03,32,Male,Pune,Referral,Regular
C02351,2025-01-08,31,Male,Delhi,Google,Premium
C02352,2024-04-10,63,Male,Pune,Organic Search,Regular
C02353,2025-02-07,24,Female,Delhi,Referral,Regular
C02354,2025-01-30,59,Male,Chennai,Direct,Premium
C02355,2024-12-20,56,Female,Hyderabad,Referral,Regular
C02356,2025-09-29,26,Female,Pune,Referral,Regular
C02357,2024-08-11,19,Male,Ahmedabad,Instagram,Budget
C02358,2024-07-22,18,Female,Delhi,Google,VIP
C02359,2026-01-31,64,Male,Kolkata,Referral,Premium
C02360,2024-01-01,44,Female,Chennai,Google,Regular
C02361,2026-03-15,41,Male,Hyderabad,Instagram,Budget
C02362,2025-08-07,21,Male,Lucknow,Referral,Premium
C02363,2025-09-08,32,Male,Mumbai,Organic Search,Regular
C02364,2024-02-24,29,Female,Chennai,Google,Regular
C02365,2026-08-10,45,Female,Pune,Organic Search,Premium
C02366,2024-05-21,64,Male,Delhi,Direct,Regular
C02367,2024-03-06,33,Female,Pune,Instagram,Premium
C02368,2024-02-19,36,Male,Chennai,Google,Regular
C02369,2025-05-02,27,Female,Kolkata,YouTube,Regular
C02370,2026-07-13,32,Female,Lucknow,Organic Search,Premium
C02371,2024-05-08,27,Female,Delhi,Organic Search,Regular
C02372,2024-11-13,24,Male,Ahmedabad,Instagram,Regular
C02373,2024-03-17,24,Female,Ahmedabad,Instagram,Budget
C02374,2025-07-29,60,Female,Bangalore,Organic Search,Regular
C02375,2024-12-13,57,Male,Jaipur,Instagram,Regular
C02376,2023-09-28,57,Female,Mumbai,Instagram,Regular
C02377,2025-07-01,25,Male,Delhi,Google,VIP
C02378,2024-03-31,59,Male,Kolkata,Direct,Budget
C02379,2025-06-07,49,Male,Jaipur,Instagram,Budget
C02380,2024-10-27,20,Male,Kolkata,Instagram,Regular
C02381,2025-10-08,36,Female,Delhi,Organic Search,Budget
C02382,2024-04-09,64,Male,Jaipur,Direct,Premium
C02383,2025-11-29,43,Male,Jaipur,Instagram,Budget
C02384,2026-01-30,49,Female,Lucknow,Google,Regular
C02385,2023-11-04,27,Male,Ahmedabad,Google,Regular
C02386,2023-12-17,57,Female,Mumbai,Referral,Regular
C02387,2026-04-09,22,Female,Kolkata,Referral,Regular
C02388,2024-03-19,30,Female,Hyderabad,Google,Budget
C02389,2024-08-19,44,Female,Lucknow,Organic Search,Budget
C02390,2025-01-10,57,Female,Kolkata,Instagram,Regular
C02391,2024-06-10,39,Female,Lucknow,Referral,Regular
C02392,2026-03-30,18,Female,Lucknow,Instagram,Premium
C02393,2025-03-28,38,Female,Ahmedabad,Direct,VIP
C02394,2025-07-28,62,Male,Kolkata,Referral,Budget
C02395,2025-06-12,23,Female,Jaipur,YouTube,Premium
C02396,2025-06-27,48,Male,Pune,Referral,Premium
C02397,2025-06-01,37,Female,Lucknow,YouTube,Regular
C02398,2024-09-12,46,Female,Jaipur,Referral,Regular
C02399,2026-03-11,26,Male,Chennai,Direct,Regular
C02400,2025-07-04,26,Male,Chennai,Organic Search,Regular
C02401,2026-02-04,59,Male,Pune,Google,Premium
C02402,2025-10-09,39,Male,Pune,Referral,VIP
C02403,2024-07-18,64,Other,Delhi,Instagram,Budget
C02404,2025-07-01,33,Female,Delhi,Organic Search,Regular
C02405,2023-11-28,42,Male,Pune,Google,VIP
C02406,2024-01-21,49,Female,Chennai,Instagram,Regular
C02407,2024-01-04,51,Male,Bangalore,Direct,Budget
C02408,2024-07-27,33,Female,Jaipur,Instagram,VIP
C02409,2024-03-15,58,Male,Bangalore,Google,Budget
C02410,2025-09-26,20,Other,Delhi,YouTube,VIP
C02411,2025-03-09,64,Female,Pune,Referral,Regular
C02412,2024-11-28,51,Male,Lucknow,Referral,Regular
C02413,2024-01-26,39,Female,Kolkata,Organic Search,Regular
C02414,2024-10-21,64,Male,Delhi,YouTube,Premium
C02415,2024-03-18,28,Female,Chennai,Organic Search,Budget
C02416,2025-07-24,32,Female,Pune,Direct,Regular
C02417,2025-09-26,42,Female,Lucknow,Instagram,VIP
C02418,2025-08-04,35,Female,Ahmedabad,Google,Budget
C02419,2026-08-27,33,Other,Kolkata,Google,Premium
C02420,2025-04-27,38,Male,Bangalore,Instagram,VIP
C02421,2025-02-14,35,Male,Hyderabad,Google,Budget
C02422,2024-01-28,52,Female,Bangalore,Referral,Budget
C02423,2024-08-06,30,Male,Delhi,Organic Search,Regular
C02424,2025-01-03,61,Male,Mumbai,YouTube,Budget
C02425,2023-10-25,24,Male,Ahmedabad,Referral,Regular
C02426,2024-09-24,21,Female,Chennai,Instagram,Regular
C02427,2023-09-07,54,Male,Kolkata,Instagram,Regular
C02428,2024-01-24,25,Male,Delhi,Referral,Regular
C02429,2026-02-06,27,Female,Delhi,Referral,Regular
C02430,2026-07-19,19,Female,Delhi,Instagram,Regular
C02431,2025-03-03,37,Male,Bangalore,Direct,Premium
C02432,2025-02-20,52,Female,Hyderabad,Google,Budget
C02433,2025-09-16,49,Other,Delhi,Direct,Budget
C02434,2024-11-25,59,Female,Lucknow,Google,Regular
C02435,2026-03-05,40,Male,Mumbai,Direct,Premium
C02436,2025-02-13,52,Female,Jaipur,Instagram,Budget
C02437,2023-11-26,36,Female,Chennai,Organic Search,Regular
C02438,2023-09-30,53,Female,Bangalore,Organic Search,Premium
C02439,2025-12-09,28,Female,Lucknow,Direct,Budget
C02440,2024-07-13,45,Male,Kolkata,Google,Regular
C02441,2024-06-24,34,Female,Lucknow,YouTube,VIP
C02442,2025-04-08,53,Male,Lucknow,Google,Premium
C02443,2024-02-28,38,Female,Lucknow,Google,Budget
C02444,2025-01-10,21,Male,Lucknow,Direct,Regular
C02445,2025-11-18,22,Male,Ahmedabad,Organic Search,Regular
C02446,2025-12-14,58,Female,Ahmedabad,Direct,Regular
C02447,2025-04-21,36,Female,Bangalore,Direct,Regular
C02448,2023-12-30,36,Male,Lucknow,Referral,Premium
C02449,2023-12-31,20,Other,Hyderabad,Google,Premium
C02450,2025-12-24,32,Male,Chennai,Direct,Regular
C02451,2026-02-15,49,Female,Kolkata,Organic Search,Budget
C02452,2024-10-03,20,Male,Delhi,Organic Search,Regular
C02453,2026-02-14,50,Female,Bangalore,YouTube,Budget
C02454,2023-10-12,36,Male,Pune,Instagram,Regular
C02455,2025-10-24,47,Male,Hyderabad,Instagram,VIP
C02456,2025-04-17,59,Female,Ahmedabad,Direct,Regular
C02457,2026-08-16,61,Female,Pune,Google,Budget
C02458,2023-12-18,35,Female,Mumbai,Direct,Budget
C02459,2026-02-22,27,Male,Mumbai,Direct,Budget
C02460,2025-11-28,41,Male,Kolkata,Instagram,Premium
C02461,2024-07-19,39,Male,Delhi,Google,Budget
C02462,2026-08-27,55,Male,Mumbai,Google,Premium
C02463,2025-01-01,36,Other,Delhi,Google,Regular
C02464,2024-09-13,53,Female,Kolkata,Instagram,Premium
C02465,2026-02-08,61,Male,Ahmedabad,Referral,Premium
C02466,2024-12-21,53,Male,Bangalore,Referral,Regular
C02467,2026-08-21,57,Female,Kolkata,Organic Search,Budget
C02468,2025-12-25,63,Male,Bangalore,Direct,Regular
C02469,2024-05-13,22,Female,Hyderabad,Google,Premium
C02470,2026-02-01,23,Male,Pune,Google,Regular
C02471,2025-06-02,28,Female,Lucknow,Direct,Regular
C02472,2024-09-15,27,Female,Bangalore,YouTube,Regular
C02473,2025-10-14,30,Female,Jaipur,Referral,Premium
C02474,2025-07-21,54,Male,Chennai,Instagram,Regular
C02475,2024-02-25,38,Female,Chennai,Organic Search,Regular
C02476,2024-01-27,31,Female,Pune,Direct,Premium
C02477,2024-04-10,59,Female,Pune,Google,Regular
C02478,2024-04-10,43,Female,Ahmedabad,Google,Premium
C02479,2023-11-01,23,Female,Mumbai,Instagram,Budget
C02480,2024-09-15,49,Male,Jaipur,Google,Premium
C02481,2024-07-01,24,Female,Hyderabad,Organic Search,Regular
C02482,2025-04-09,36,Female,Chennai,Direct,Budget
C02483,2024-08-16,62,Female,Hyderabad,Google,Regular
C02484,2025-10-07,61,Male,Lucknow,Google,Regular
C02485,2024-07-10,34,Male,Lucknow,Organic Search,Premium
C02486,2024-06-16,29,Female,Lucknow,Referral,Regular
C02487,2026-03-25,28,Other,Jaipur,Instagram,Premium
C02488,2026-08-12,26,Female,Kolkata,Referral,Regular
C02489,2025-09-10,25,Male,Lucknow,Google,Regular
C02490,2023-12-10,61,Male,Hyderabad,Referral,Budget
C02491,2026-07-18,23,Female,Chennai,Google,Regular
C02492,2026-01-05,64,Female,Chennai,Referral,Premium
C02493,2026-05-30,63,Male,Pune,Organic Search,Budget
C02494,2026-08-19,45,Male,Chennai,Instagram,Budget
C02495,2026-04-04,40,Male,Mumbai,YouTube,Regular
C02496,2024-01-14,57,Female,Bangalore,Instagram,Regular
C02497,2026-04-03,43,Female,Ahmedabad,Google,Regular
C02498,2024-05-27,25,Female,Kolkata,YouTube,Premium
C02499,2025-10-15,18,Male,Bangalore,Instagram,Regular
C02500,2026-02-21,28,Female,Bangalore,Instagram,Regular
C02501,2025-12-09,26,Male,Bangalore,Referral,Budget
C02502,2025-09-07,55,Male,Chennai,Google,Regular
C02503,2025-02-14,55,Female,Jaipur,Direct,Premium
C02504,2025-05-21,24,Female,Chennai,Instagram,Regular
C02505,2024-06-17,25,Male,Bangalore,Organic Search,Regular
C02506,2024-11-23,47,Female,Kolkata,Instagram,Regular
C02507,2025-01-04,54,Female,Kolkata,Instagram,Budget
C02508,2025-07-22,61,Female,Kolkata,Instagram,Regular
C02509,2026-04-18,52,Female,Bangalore,Organic Search,Budget
C02510,2023-12-08,63,Other,Pune,Referral,Budget
C02511,2025-03-15,56,Female,Delhi,YouTube,Premium
C02512,2024-06-27,39,Female,Delhi,Referral,Premium
C02513,2026-06-19,40,Male,Jaipur,Organic Search,Regular
C02514,2024-10-05,18,Male,Hyderabad,Referral,Budget
C02515,2026-07-04,31,Male,Lucknow,Direct,VIP
C02516,2024-08-20,63,Male,Ahmedabad,YouTube,Regular
C02517,2023-08-30,59,Male,Jaipur,Organic Search,Regular
C02518,2025-12-23,32,Male,Mumbai,Organic Search,Premium
C02519,2025-11-08,48,Male,Chennai,Instagram,Premium
C02520,2025-11-06,20,Female,Pune,Organic Search,Budget
C02521,2025-01-11,46,Female,Mumbai,Instagram,Regular
C02522,2025-08-24,25,Male,Delhi,Direct,Regular
C02523,2024-09-23,27,Male,Pune,Organic Search,Premium
C02524,2023-11-05,18,Male,Jaipur,Instagram,Premium
C02525,2025-04-04,18,Male,Hyderabad,Google,Regular
C02526,2024-04-22,25,Male,Kolkata,Instagram,VIP
C02527,2024-12-10,64,Male,Lucknow,Organic Search,Regular
C02528,2024-04-16,64,Male,Bangalore,Google,Premium
C02529,2024-06-17,50,Female,Mumbai,Google,VIP
C02530,2026-02-20,33,Male,Lucknow,YouTube,Budget
C02531,2024-09-01,37,Male,Bangalore,YouTube,Budget
C02532,2025-05-22,61,Male,Mumbai,Google,Budget
C02533,2025-05-09,18,Female,Hyderabad,Referral,Regular
C02534,2025-02-09,48,Male,Bangalore,Referral,Regular
C02535,2024-09-07,62,Female,Pune,Referral,Budget
C02536,2025-09-14,43,Female,Hyderabad,YouTube,Premium
C02537,2023-10-20,56,Male,Delhi,Organic Search,Budget
C02538,2023-12-15,32,Female,Chennai,YouTube,Premium
C02539,2026-01-03,58,Male,Lucknow,Google,Budget
C02540,2025-01-12,58,Female,Ahmedabad,Organic Search,Regular
C02541,2024-01-11,52,Female,Chennai,Google,Premium
C02542,2026-03-24,50,Female,Hyderabad,Organic Search,Budget
C02543,2024-12-23,57,Male,Hyderabad,Organic Search,Regular
C02544,2023-08-28,37,Female,Delhi,Direct,Regular
C02545,2026-07-13,32,Male,Hyderabad,Direct,Budget
C02546,2024-04-05,39,Female,Delhi,Direct,Regular
C02547,2025-09-20,41,Female,Kolkata,Google,Budget
C02548,2024-01-19,46,Female,Lucknow,Referral,Budget
C02549,2025-08-09,54,Male,Hyderabad,Google,Budget
C02550,2024-02-18,61,Female,Mumbai,Google,Budget
C02551,2026-06-15,42,Male,Lucknow,Direct,Regular
C02552,2024-06-23,30,Female,Pune,Direct,Budget
C02553,2025-08-14,20,Male,Jaipur,YouTube,Premium
C02554,2024-05-28,62,Other,Pune,Referral,Budget
C02555,2024-10-08,53,Male,Chennai,Referral,Budget
C02556,2026-05-14,52,Female,Lucknow,Referral,VIP
C02557,2024-02-25,46,Male,Delhi,Organic Search,Budget
C02558,2024-11-04,58,Female,Bangalore,Google,Regular
C02559,2024-07-27,38,Male,Hyderabad,Organic Search,Regular
C02560,2025-10-02,39,Female,Pune,Instagram,Regular
C02561,2024-05-10,56,Female,Kolkata,Referral,Premium
C02562,2025-08-15,46,Female,Bangalore,Google,Budget
C02563,2025-10-07,54,Female,Hyderabad,Organic Search,Regular
C02564,2023-08-29,48,Male,Mumbai,Google,Regular
C02565,2025-01-31,60,Female,Mumbai,Instagram,Budget
C02566,2024-01-20,23,Female,Delhi,Google,Budget
C02567,2024-05-01,59,Female,Delhi,Referral,Premium
C02568,2025-09-11,43,Male,Kolkata,Organic Search,Regular
C02569,2023-09-07,18,Male,Jaipur,YouTube,VIP
C02570,2025-09-28,23,Female,Kolkata,Instagram,Premium
C02571,2026-02-08,62,Male,Kolkata,Referral,Budget
C02572,2026-08-15,37,Male,Chennai,Google,Regular
C02573,2024-12-02,48,Male,Hyderabad,Instagram,Regular
C02574,2024-01-19,18,Female,Chennai,Organic Search,Regular
C02575,2023-11-13,34,Male,Kolkata,Instagram,Premium
C02576,2024-10-20,46,Female,Hyderabad,Google,Regular
C02577,2025-11-05,47,Male,Kolkata,Organic Search,Regular
C02578,2023-12-18,64,Male,Hyderabad,Referral,Regular
C02579,2024-08-05,62,Male,Mumbai,Organic Search,Premium
C02580,2026-04-19,28,Female,Mumbai,Organic Search,Regular
C02581,2024-01-25,33,Male,Jaipur,Direct,Premium
C02582,2025-12-22,30,Female,Jaipur,Google,Budget
C02583,2025-11-30,20,Male,Bangalore,Direct,Budget
C02584,2024-01-20,54,Female,Bangalore,Instagram,VIP
C02585,2026-08-20,47,Male,Kolkata,Referral,Regular
C02586,2024-01-31,53,Female,Lucknow,Instagram,Budget
C02587,2025-03-31,40,Male,Mumbai,Google,Regular
C02588,2023-09-06,35,Male,Kolkata,Instagram,Regular
C02589,2025-08-09,29,Female,Lucknow,Google,VIP
C02590,2024-12-22,57,Male,Ahmedabad,Instagram,Regular
C02591,2025-10-27,27,Male,Delhi,Organic Search,Regular
C02592,2025-07-16,63,Female,Delhi,Organic Search,Regular
C02593,2024-02-09,46,Female,Lucknow,YouTube,Premium
C02594,2024-11-21,61,Female,Lucknow,Organic Search,Premium
C02595,2025-09-18,43,Male,Hyderabad,Organic Search,Regular
C02596,2026-03-27,31,Male,Jaipur,Organic Search,VIP
C02597,2023-12-01,51,Male,Kolkata,Instagram,Regular
C02598,2023-12-16,57,Male,Delhi,Direct,Budget
C02599,2025-11-29,47,Male,Jaipur,Instagram,Premium
C02600,2025-06-04,26,Male,Lucknow,Google,Regular
C02601,2024-10-21,29,Female,Hyderabad,Google,Regular
C02602,2026-07-18,48,Male,Kolkata,Direct,Budget
C02603,2024-08-06,61,Male,Kolkata,Instagram,Regular
C02604,2024-01-28,32,Male,Hyderabad,Direct,Regular
C02605,2024-06-26,51,Male,Bangalore,Instagram,Regular
C02606,2023-11-28,28,Male,Mumbai,Referral,Budget
C02607,2025-04-25,46,Female,Lucknow,Organic Search,Premium
C02608,2025-06-15,37,Female,Delhi,Direct,Budget
C02609,2025-06-23,44,Female,Lucknow,Google,Budget
C02610,2025-12-28,56,Male,Chennai,Organic Search,Premium
C02611,2025-09-22,36,Female,Delhi,Direct,Premium
C02612,2026-03-14,30,Male,Bangalore,Referral,Regular
C02613,2025-08-18,18,Male,Chennai,Instagram,Budget
C02614,2024-07-23,56,Male,Hyderabad,Instagram,Regular
C02615,2025-03-17,18,Female,Jaipur,YouTube,Premium
C02616,2025-03-08,64,Female,Jaipur,YouTube,Budget
C02617,2025-11-24,60,Female,Bangalore,Referral,Regular
C02618,2024-07-16,52,Male,Mumbai,YouTube,Premium
C02619,2023-10-26,59,Male,Bangalore,Direct,Regular
C02620,2026-05-08,22,Male,Chennai,Direct,Regular
C02621,2026-07-09,30,Female,Hyderabad,Organic Search,Premium
C02622,2025-02-20,54,Female,Mumbai,Organic Search,Regular
C02623,2023-12-29,47,Female,Mumbai,Instagram,VIP
C02624,2025-02-25,24,Female,Mumbai,Direct,Budget
C02625,2025-06-08,59,Female,Hyderabad,Organic Search,Regular
C02626,2025-03-29,57,Male,Ahmedabad,Direct,Regular
C02627,2026-08-03,46,Female,Ahmedabad,Instagram,Budget
C02628,2026-08-13,40,Female,Hyderabad,Google,Regular
C02629,2026-06-16,57,Male,Hyderabad,Referral,Budget
C02630,2024-01-19,55,Female,Kolkata,Instagram,Premium
C02631,2026-03-28,64,Male,Kolkata,Google,Premium
C02632,2025-05-11,40,Male,Delhi,YouTube,VIP
C02633,2024-10-01,27,Female,Lucknow,Direct,Regular
C02634,2025-09-14,63,Male,Jaipur,Instagram,Regular
C02635,2025-12-10,34,Female,Jaipur,Direct,Budget
C02636,2026-07-09,37,Male,Pune,Google,VIP
C02637,2025-12-19,48,Male,Lucknow,Direct,Premium
C02638,2023-09-15,41,Female,Pune,Google,Regular
C02639,2023-11-10,18,Male,Mumbai,Organic Search,Budget
C02640,2024-06-10,21,Female,Delhi,Organic Search,Premium
C02641,2023-10-10,33,Male,Chennai,YouTube,Budget
C02642,2023-11-02,40,Female,Mumbai,Direct,Regular
C02643,2026-01-09,51,Female,Lucknow,Organic Search,Budget
C02644,2025-03-05,21,Male,Jaipur,Instagram,Budget
C02645,2025-07-16,21,Male,Lucknow,Google,Regular
C02646,2025-02-27,32,Male,Jaipur,YouTube,Regular
C02647,2024-11-25,30,Male,Hyderabad,Referral,Premium
C02648,2025-10-05,28,Male,Lucknow,Referral,Budget
C02649,2023-11-26,59,Female,Bangalore,Direct,Premium
C02650,2025-04-07,64,Male,Chennai,Organic Search,Premium
C02651,2025-07-03,35,Other,Chennai,Direct,Budget
C02652,2024-06-27,51,Female,Pune,Google,Budget
C02653,2024-08-01,21,Male,Lucknow,YouTube,Regular
C02654,2025-03-10,64,Male,Ahmedabad,YouTube,Premium
C02655,2024-04-06,49,Male,Kolkata,YouTube,Regular
C02656,2026-01-29,22,Female,Lucknow,Organic Search,Premium
C02657,2025-04-06,43,Male,Mumbai,Google,Premium
C02658,2024-10-29,37,Female,Ahmedabad,Instagram,Regular
C02659,2025-07-23,57,Female,Delhi,Organic Search,Budget
C02660,2026-02-27,63,Female,Delhi,Organic Search,Regular
C02661,2025-09-12,27,Female,Delhi,Instagram,Budget
C02662,2023-11-08,44,Male,Hyderabad,Direct,Premium
C02663,2025-10-01,61,Female,Ahmedabad,Google,Premium
C02664,2025-11-05,19,Female,Jaipur,Referral,Budget
C02665,2026-03-12,61,Male,Jaipur,Direct,Regular
C02666,2023-10-30,26,Female,Kolkata,Instagram,Regular
C02667,2023-11-30,25,Male,Kolkata,Google,Budget
C02668,2024-12-16,24,Male,Kolkata,Instagram,Budget
C02669,2025-01-05,51,Male,Kolkata,Instagram,Premium
C02670,2025-06-25,56,Female,Pune,Google,Regular
C02671,2024-07-31,56,Female,Mumbai,Organic Search,Regular
C02672,2025-11-17,58,Male,Delhi,Referral,Premium
C02673,2025-11-16,30,Female,Pune,Organic Search,Budget
C02674,2024-01-05,26,Male,Jaipur,Instagram,Premium
C02675,2025-10-11,19,Male,Ahmedabad,Organic Search,Regular
C02676,2025-10-04,46,Male,Pune,Instagram,Premium
C02677,2024-02-23,49,Male,Pune,Google,Regular
C02678,2026-07-07,41,Female,Chennai,Direct,Regular
C02679,2025-03-23,61,Female,Kolkata,Instagram,Regular
C02680,2026-01-02,56,Female,Bangalore,Referral,Premium
C02681,2025-10-25,34,Other,Jaipur,Google,Budget
C02682,2024-02-26,57,Male,Kolkata,Direct,Premium
C02683,2024-01-14,63,Female,Mumbai,Google,Budget
C02684,2025-12-31,39,Female,Chennai,Instagram,Budget
C02685,2024-06-17,35,Female,Bangalore,Direct,Premium
C02686,2026-04-25,50,Other,Pune,Instagram,VIP
C02687,2025-12-20,52,Female,Hyderabad,Instagram,Regular
C02688,2023-09-29,26,Female,Pune,Referral,Regular
C02689,2026-01-28,41,Male,Bangalore,Instagram,Regular
C02690,2024-06-21,63,Female,Pune,Google,Budget
C02691,2023-11-06,52,Female,Bangalore,Google,Regular
C02692,2025-10-16,34,Female,Chennai,Instagram,Budget
C02693,2025-05-21,31,Female,Bangalore,Organic Search,Regular
C02694,2023-11-20,18,Male,Lucknow,Instagram,Budget
C02695,2025-01-07,64,Female,Kolkata,Direct,Budget
C02696,2024-09-25,27,Male,Lucknow,Organic Search,Premium
C02697,2025-02-25,28,Male,Mumbai,Direct,Regular
C02698,2025-05-10,52,Male,Chennai,Referral,Budget
C02699,2024-10-03,51,Female,Jaipur,Google,Budget
C02700,2024-06-02,55,Male,Lucknow,Organic Search,Regular
C02701,2023-12-18,26,Female,Lucknow,YouTube,Premium
C02702,2025-05-18,38,Male,Chennai,Instagram,VIP
C02703,2025-10-28,25,Male,Pune,YouTube,Regular
C02704,2024-05-04,24,Male,Pune,Referral,Regular
C02705,2025-03-07,32,Female,Delhi,Organic Search,Regular
C02706,2023-10-15,50,Female,Hyderabad,Referral,Premium
C02707,2026-03-30,22,Male,Pune,Google,Regular
C02708,2024-05-22,58,Female,Bangalore,Google,Regular
C02709,2025-01-26,18,Male,Hyderabad,Organic Search,Regular
C02710,2024-10-20,54,Male,Bangalore,Direct,Regular
C02711,2024-02-08,58,Male,Kolkata,Instagram,Regular
C02712,2026-06-13,39,Female,Hyderabad,YouTube,Premium
C02713,2026-03-24,48,Male,Lucknow,Direct,Regular
C02714,2025-04-24,62,Male,Chennai,Instagram,Budget
C02715,2026-05-25,62,Female,Bangalore,Google,Regular
C02716,2025-11-16,47,Female,Bangalore,Direct,Regular
C02717,2024-11-29,63,Female,Lucknow,Instagram,Regular
C02718,2024-08-14,32,Male,Delhi,Instagram,Regular
C02719,2024-11-26,34,Female,Ahmedabad,YouTube,Regular
C02720,2025-10-25,42,Male,Jaipur,Instagram,Regular
C02721,2024-06-20,42,Male,Hyderabad,Organic Search,Premium
C02722,2023-11-21,34,Female,Hyderabad,Instagram,Budget
C02723,2024-10-09,31,Female,Jaipur,Instagram,Budget
C02724,2025-02-28,23,Male,Kolkata,Instagram,VIP
C02725,2026-05-12,20,Female,Kolkata,Google,Budget
C02726,2024-03-11,50,Female,Pune,Referral,Regular
C02727,2026-01-25,61,Other,Mumbai,Google,Premium
C02728,2026-08-07,46,Male,Mumbai,Instagram,Premium
C02729,2026-07-08,25,Female,Lucknow,Instagram,VIP
C02730,2023-11-11,60,Male,Mumbai,Organic Search,Regular
C02731,2025-01-18,40,Female,Delhi,Direct,Budget
C02732,2024-07-02,45,Male,Hyderabad,Referral,Premium
C02733,2026-03-10,47,Male,Bangalore,Direct,Regular
C02734,2024-08-20,49,Male,Bangalore,Direct,Premium
C02735,2025-04-25,44,Female,Bangalore,Direct,Budget
C02736,2023-09-05,44,Female,Pune,Direct,Regular
C02737,2024-04-03,37,Male,Hyderabad,Referral,Budget
C02738,2025-05-06,39,Female,Pune,Direct,Regular
C02739,2024-07-26,33,Male,Bangalore,Google,Regular
C02740,2025-07-10,40,Other,Jaipur,Direct,Premium
C02741,2025-01-17,39,Female,Ahmedabad,Organic Search,Premium
C02742,2025-06-06,40,Female,Chennai,Instagram,Budget
C02743,2025-02-18,64,Female,Mumbai,Google,Budget
C02744,2025-12-21,56,Female,Bangalore,Instagram,Regular
C02745,2024-03-29,22,Female,Mumbai,Referral,Regular
C02746,2026-05-10,50,Male,Chennai,Instagram,Budget
C02747,2025-12-08,28,Female,Pune,Referral,VIP
C02748,2024-05-22,48,Male,Bangalore,YouTube,Premium
C02749,2023-09-03,25,Female,Jaipur,Google,Regular
C02750,2024-11-19,26,Female,Delhi,Organic Search,Regular
C02751,2024-05-09,62,Female,Chennai,Organic Search,VIP
C02752,2024-09-10,21,Male,Jaipur,Organic Search,Budget
C02753,2026-03-05,52,Female,Chennai,Direct,Regular
C02754,2026-04-15,59,Male,Pune,Referral,Regular
C02755,2026-07-05,45,Female,Hyderabad,Direct,Regular
C02756,2023-08-29,43,Other,Mumbai,Referral,Premium
C02757,2025-08-17,24,Male,Ahmedabad,Instagram,Regular
C02758,2026-03-15,51,Female,Mumbai,Referral,Regular
C02759,2025-11-02,53,Male,Bangalore,Instagram,Budget
C02760,2023-12-19,60,Male,Hyderabad,Referral,Premium
C02761,2025-03-30,53,Male,Delhi,Instagram,Budget
C02762,2024-05-15,51,Female,Mumbai,Organic Search,Regular
C02763,2025-02-17,46,Male,Jaipur,Referral,Regular
C02764,2023-11-01,55,Female,Chennai,Referral,Regular
C02765,2026-08-24,28,Female,Kolkata,Instagram,Premium
C02766,2025-10-15,27,Male,Hyderabad,Direct,Regular
C02767,2023-12-07,57,Other,Pune,Google,Budget
C02768,2026-06-02,21,Female,Mumbai,Referral,Budget
C02769,2026-05-07,45,Female,Chennai,Organic Search,Regular
C02770,2025-03-19,19,Female,Pune,Instagram,Premium
C02771,2025-10-04,49,Female,Hyderabad,Google,Regular
C02772,2024-10-09,63,Male,Chennai,Organic Search,Regular
C02773,2026-07-31,52,Male,Pune,Referral,Regular
C02774,2023-11-29,24,Female,Hyderabad,YouTube,Budget
C02775,2023-12-10,46,Female,Jaipur,Organic Search,Regular
C02776,2024-01-21,58,Male,Pune,Google,Budget
C02777,2026-02-11,56,Female,Delhi,Instagram,Premium
C02778,2023-11-18,47,Male,Bangalore,Organic Search,Regular
C02779,2025-05-11,19,Female,Hyderabad,Organic Search,Budget
C02780,2024-12-16,37,Other,Hyderabad,Referral,Premium
C02781,2026-07-19,64,Female,Kolkata,Google,Regular
C02782,2024-05-13,19,Male,Kolkata,Google,Regular
C02783,2024-06-09,55,Male,Bangalore,Google,Regular
C02784,2024-08-07,54,Male,Chennai,Google,VIP
C02785,2026-01-21,40,Male,Delhi,Direct,Regular
C02786,2025-10-03,50,Male,Bangalore,Direct,Regular
C02787,2025-11-10,62,Female,Kolkata,Instagram,Regular
C02788,2024-08-10,58,Male,Jaipur,Google,Regular
C02789,2024-06-21,47,Male,Chennai,Instagram,Regular
C02790,2023-11-17,62,Male,Hyderabad,Direct,Regular
C02791,2024-04-06,49,Male,Lucknow,Instagram,Regular
C02792,2025-12-29,42,Male,Hyderabad,Organic Search,Regular
C02793,2025-05-29,38,Male,Hyderabad,Referral,Regular
C02794,2024-02-14,28,Female,Bangalore,Organic Search,Budget
C02795,2024-02-24,18,Female,Hyderabad,Direct,Regular
C02796,2025-01-19,32,Male,Jaipur,Referral,Regular
C02797,2024-11-15,25,Male,Jaipur,Google,Budget
C02798,2025-04-06,36,Male,Bangalore,Organic Search,Premium
C02799,2026-07-20,45,Female,Pune,Instagram,Regular
C02800,2024-04-11,25,Female,Bangalore,Direct,Premium
C02801,2024-07-30,25,Female,Lucknow,Referral,Regular
C02802,2024-06-13,24,Female,Kolkata,Organic Search,Regular
C02803,2024-01-06,20,Male,Hyderabad,Instagram,Regular
C02804,2024-02-16,34,Female,Hyderabad,Direct,Premium
C02805,2025-09-17,60,Male,Ahmedabad,Organic Search,Premium
C02806,2026-02-18,46,Female,Mumbai,Instagram,Budget
C02807,2025-09-29,26,Female,Pune,Direct,VIP
C02808,2023-10-11,52,Male,Hyderabad,Google,Regular
C02809,2026-03-01,18,Female,Chennai,Organic Search,Regular
C02810,2024-08-21,60,Female,Hyderabad,Referral,Premium
C02811,2023-12-05,47,Male,Jaipur,Organic Search,Regular
C02812,2024-05-26,58,Female,Lucknow,Organic Search,Premium
C02813,2024-09-20,31,Male,Chennai,Instagram,Budget
C02814,2025-03-12,57,Female,Jaipur,Instagram,Budget
C02815,2025-09-08,48,Female,Bangalore,Direct,Regular
C02816,2024-06-08,64,Female,Bangalore,Organic Search,Premium
C02817,2026-08-17,49,Female,Pune,Google,Premium
C02818,2023-10-01,46,Male,Mumbai,Instagram,Regular
C02819,2024-11-13,55,Male,Hyderabad,Google,Premium
C02820,2025-01-04,23,Male,Ahmedabad,Organic Search,Budget
C02821,2025-11-24,52,Female,Kolkata,Direct,Regular
C02822,2024-05-27,34,Female,Pune,Organic Search,Budget
C02823,2025-01-15,61,Female,Lucknow,YouTube,Premium
C02824,2026-01-25,51,Male,Hyderabad,Google,Regular
C02825,2024-01-28,36,Female,Lucknow,Organic Search,Premium
C02826,2023-09-10,35,Female,Delhi,YouTube,Budget
C02827,2026-02-23,45,Male,Pune,Google,Regular
C02828,2026-08-08,32,Female,Lucknow,Direct,Premium
C02829,2024-01-18,46,Female,Lucknow,Organic Search,Regular
C02830,2026-02-15,22,Female,Jaipur,Organic Search,VIP
C02831,2024-10-08,20,Male,Mumbai,Referral,Regular
C02832,2025-07-18,28,Male,Kolkata,Referral,Budget
C02833,2025-08-03,36,Female,Bangalore,Google,Regular
C02834,2025-05-27,52,Male,Ahmedabad,Instagram,Regular
C02835,2024-06-06,50,Male,Mumbai,Referral,Regular
C02836,2026-02-03,57,Female,Pune,Instagram,Budget
C02837,2023-09-20,42,Male,Hyderabad,Organic Search,Premium
C02838,2023-11-06,53,Female,Hyderabad,Referral,Regular
C02839,2026-05-13,51,Male,Hyderabad,Referral,Regular
C02840,2024-12-26,49,Female,Ahmedabad,Direct,Regular
C02841,2024-01-16,24,Male,Delhi,Organic Search,Regular
C02842,2026-05-15,20,Male,Pune,Google,Budget
C02843,2026-02-21,59,Female,Kolkata,Instagram,Budget
C02844,2024-08-25,64,Female,Kolkata,Google,Regular
C02845,2023-10-13,32,Female,Bangalore,Organic Search,Regular
C02846,2025-01-14,62,Male,Chennai,Referral,Regular
C02847,2024-02-28,30,Female,Mumbai,Google,Regular
C02848,2025-05-17,20,Male,Mumbai,Instagram,Regular
C02849,2026-02-13,54,Female,Pune,Organic Search,Budget
C02850,2024-11-02,55,Male,Pune,Organic Search,Regular
C02851,2023-09-29,40,Male,Mumbai,YouTube,VIP
C02852,2025-09-14,22,Other,Hyderabad,YouTube,Regular
C02853,2024-03-04,49,Female,Mumbai,Google,Premium
C02854,2024-04-19,32,Male,Lucknow,Instagram,Premium
C02855,2024-03-20,21,Male,Kolkata,Direct,Budget
C02856,2024-06-29,62,Male,Hyderabad,Referral,Premium
C02857,2026-04-22,35,Female,Lucknow,Google,Premium
C02858,2023-10-04,21,Male,Ahmedabad,Google,VIP
C02859,2025-07-06,48,Male,Mumbai,Organic Search,Regular
C02860,2024-05-23,20,Male,Pune,Instagram,Premium
C02861,2024-07-16,60,Male,Mumbai,Instagram,Regular
C02862,2024-11-21,43,Male,Ahmedabad,Direct,Regular
C02863,2025-04-22,46,Male,Bangalore,Organic Search,Regular
C02864,2023-11-02,44,Female,Mumbai,Instagram,VIP
C02865,2024-06-29,60,Male,Mumbai,Direct,Regular
C02866,2024-01-25,51,Male,Hyderabad,YouTube,Premium
C02867,2024-04-02,32,Female,Delhi,Instagram,Regular
C02868,2026-04-23,26,Male,Ahmedabad,Instagram,Budget
C02869,2025-03-26,27,Male,Pune,YouTube,Regular
C02870,2025-07-19,18,Female,Hyderabad,Instagram,Premium
C02871,2026-01-23,40,Female,Lucknow,Organic Search,Premium
C02872,2026-01-15,22,Female,Lucknow,Organic Search,Premium
C02873,2026-08-16,39,Male,Jaipur,Direct,Budget
C02874,2025-12-31,43,Female,Bangalore,Referral,VIP
C02875,2024-09-24,46,Female,Pune,Organic Search,Premium
C02876,2025-04-15,40,Female,Bangalore,Instagram,Budget
C02877,2025-02-09,41,Female,Kolkata,Referral,Regular
C02878,2026-05-24,45,Female,Chennai,Instagram,Budget
C02879,2025-02-28,55,Male,Jaipur,Organic Search,Budget
C02880,2024-10-26,61,Male,Chennai,Organic Search,Regular
C02881,2024-03-12,25,Male,Hyderabad,Instagram,Budget
C02882,2024-08-11,61,Male,Kolkata,Organic Search,VIP
C02883,2024-04-24,59,Female,Pune,Direct,Budget
C02884,2026-05-05,57,Male,Chennai,Instagram,Budget
C02885,2025-12-28,40,Male,Bangalore,Direct,Premium
C02886,2023-10-31,18,Male,Chennai,Direct,Premium
C02887,2026-08-18,18,Female,Hyderabad,Instagram,Premium
C02888,2025-03-30,51,Male,Kolkata,Instagram,VIP
C02889,2025-12-15,42,Male,Kolkata,Direct,Budget
C02890,2026-08-27,32,Male,Bangalore,Direct,Regular
C02891,2026-07-30,31,Male,Hyderabad,Direct,Budget
C02892,2023-12-15,59,Female,Lucknow,Instagram,VIP
C02893,2025-08-16,20,Female,Lucknow,Instagram,Budget
C02894,2024-06-15,39,Other,Jaipur,Instagram,Budget
C02895,2026-02-07,32,Male,Bangalore,Organic Search,Budget
C02896,2026-05-29,38,Male,Bangalore,Direct,Regular
C02897,2023-10-28,37,Other,Lucknow,Organic Search,Regular
C02898,2026-08-24,37,Female,Pune,YouTube,Regular
C02899,2024-04-24,51,Male,Kolkata,Google,Regular
C02900,2026-03-12,55,Male,Jaipur,Instagram,Regular
C02901,2026-01-17,54,Male,Mumbai,Referral,Regular
C02902,2024-09-19,26,Female,Ahmedabad,Instagram,Premium
C02903,2026-03-04,18,Male,Delhi,Instagram,Regular
C02904,2026-03-11,43,Female,Ahmedabad,Direct,Regular
C02905,2024-03-08,43,Male,Kolkata,Google,Regular
C02906,2025-06-07,43,Male,Hyderabad,Organic Search,VIP
C02907,2026-01-27,38,Female,Pune,Referral,Premium
C02908,2025-09-30,46,Male,Ahmedabad,Direct,Budget
C02909,2026-05-25,53,Male,Delhi,Google,Regular
C02910,2023-09-27,25,Female,Lucknow,Instagram,Regular
C02911,2025-10-03,32,Male,Bangalore,Instagram,Premium
C02912,2026-07-01,23,Male,Hyderabad,Instagram,Budget
C02913,2025-05-06,62,Male,Delhi,Instagram,Budget
C02914,2025-05-06,41,Male,Hyderabad,YouTube,Premium
C02915,2024-03-21,32,Male,Lucknow,Organic Search,Budget
C02916,2026-08-14,24,Female,Mumbai,Google,Regular
C02917,2026-04-20,20,Male,Mumbai,Referral,Regular
C02918,2025-02-17,26,Male,Lucknow,Direct,Budget
C02919,2024-07-31,24,Male,Delhi,Direct,Regular
C02920,2025-02-15,56,Male,Delhi,Google,VIP
C02921,2023-12-04,38,Female,Lucknow,Referral,Budget
C02922,2024-05-08,22,Female,Pune,Organic Search,Regular
C02923,2024-04-23,36,Female,Ahmedabad,Direct,Regular
C02924,2025-03-26,24,Female,Hyderabad,Organic Search,VIP
C02925,2023-08-28,40,Female,Ahmedabad,Google,Budget
C02926,2026-05-30,54,Male,Pune,Google,Budget
C02927,2024-04-04,59,Female,Pune,Direct,Budget
C02928,2024-01-18,57,Female,Lucknow,Referral,Premium
C02929,2025-10-21,64,Male,Delhi,Referral,Regular
C02930,2026-05-30,47,Female,Bangalore,Organic Search,Premium
C02931,2026-03-10,46,Female,Chennai,Referral,Regular
C02932,2024-08-16,22,Male,Pune,Google,Regular
C02933,2023-09-21,57,Male,Chennai,Organic Search,Budget
C02934,2025-05-31,20,Male,Jaipur,Google,Regular
C02935,2026-05-29,23,Male,Hyderabad,Direct,Budget
C02936,2025-12-23,20,Male,Kolkata,Referral,Budget
C02937,2026-03-12,18,Female,Kolkata,Referral,Budget
C02938,2026-03-28,60,Male,Hyderabad,Organic Search,Budget
C02939,2026-07-15,58,Female,Lucknow,Instagram,Regular
C02940,2024-10-10,58,Female,Delhi,Organic Search,Regular
C02941,2026-06-25,38,Other,Lucknow,Direct,Budget
C02942,2024-11-03,41,Male,Hyderabad,Referral,Regular
C02943,2023-12-16,35,Male,Pune,Referral,Budget
C02944,2024-07-23,47,Male,Lucknow,YouTube,Regular
C02945,2024-01-24,34,Female,Delhi,Organic Search,VIP
C02946,2024-02-16,36,Male,Mumbai,Google,Regular
C02947,2026-07-02,56,Male,Mumbai,Google,Regular
C02948,2026-01-11,25,Male,Delhi,Instagram,Regular
C02949,2026-07-15,45,Male,Delhi,Instagram,Budget
C02950,2025-08-08,25,Male,Bangalore,Referral,Premium
C02951,2024-03-05,48,Male,Bangalore,Instagram,Premium
C02952,2026-07-24,29,Other,Delhi,Google,Budget
C02953,2025-09-26,41,Male,Bangalore,Google,Regular
C02954,2026-06-11,53,Male,Pune,Organic Search,Budget
C02955,2026-01-06,43,Male,Hyderabad,Referral,VIP
C02956,2024-04-28,30,Male,Bangalore,Organic Search,Regular
C02957,2025-06-03,57,Female,Kolkata,Instagram,Regular
C02958,2024-03-07,25,Other,Kolkata,Organic Search,Regular
C02959,2024-07-29,27,Female,Ahmedabad,Organic Search,Premium
C02960,2025-09-20,64,Male,Hyderabad,Referral,VIP
C02961,2024-01-14,60,Male,Chennai,Google,Regular
C02962,2025-11-03,38,Female,Lucknow,Instagram,Budget
C02963,2026-07-02,62,Female,Jaipur,Google,Regular
C02964,2026-07-02,43,Male,Hyderabad,Google,Regular
C02965,2024-10-30,58,Female,Ahmedabad,Direct,Budget
C02966,2026-08-21,24,Female,Lucknow,Direct,Regular
C02967,2026-07-20,30,Female,Jaipur,Google,Regular
C02968,2023-10-02,28,Male,Ahmedabad,Google,Regular
C02969,2025-06-18,57,Male,Bangalore,Google,Budget
C02970,2026-06-02,53,Female,Delhi,Google,Premium
C02971,2026-07-23,34,Male,Jaipur,Organic Search,Budget
C02972,2024-04-26,35,Female,Delhi,Google,Regular
C02973,2025-05-08,45,Female,Hyderabad,Google,Regular
C02974,2026-06-19,55,Male,Kolkata,Direct,Budget
C02975,2024-01-29,58,Female,Ahmedabad,Google,Premium
C02976,2025-11-21,40,Other,Chennai,Google,Regular
C02977,2024-05-14,59,Male,Mumbai,Google,Regular
C02978,2026-08-08,59,Female,Chennai,Organic Search,Regular
C02979,2024-02-28,24,Male,Mumbai,Direct,Premium
C02980,2026-04-24,26,Female,Delhi,Google,Premium
C02981,2023-12-03,29,Other,Hyderabad,Organic Search,Regular
C02982,2025-10-13,61,Male,Mumbai,Direct,Budget
C02983,2025-07-28,50,Female,Lucknow,Instagram,Budget
C02984,2026-04-25,18,Male,Chennai,YouTube,Budget
C02985,2024-12-29,22,Female,Bangalore,Google,Regular
C02986,2024-06-13,22,Female,Hyderabad,Organic Search,Regular
C02987,2024-05-27,27,Male,Delhi,Instagram,Regular
C02988,2023-11-10,27,Male,Jaipur,Direct,Regular
C02989,2024-06-04,38,Male,Mumbai,Google,Regular
C02990,2023-12-24,39,Female,Jaipur,Google,Premium
C02991,2023-08-29,22,Female,Pune,Instagram,Premium
C02992,2024-10-23,56,Male,Lucknow,Organic Search,Regular
C02993,2025-11-07,56,Female,Kolkata,YouTube,Regular
C02994,2026-07-25,35,Female,Kolkata,Referral,Regular
C02995,2026-04-23,50,Male,Bangalore,Instagram,Budget
C02996,2025-02-18,64,Female,Ahmedabad,Referral,Regular
C02997,2024-10-16,33,Male,Delhi,YouTube,Budget
C02998,2025-04-17,30,Other,Jaipur,Google,Regular
C02999,2023-12-17,42,Female,Delhi,YouTube,Premium
C03000,2025-02-03,25,Male,Bangalore,Referral,Budget
C03001,2026-03-31,18,Other,Bangalore,Google,Regular
C03002,2025-08-10,24,Male,Delhi,Google,Regular
C03003,2025-09-19,26,Male,Mumbai,Direct,Budget
C03004,2024-02-22,38,Female,Bangalore,Google,Regular
C03005,2023-11-16,57,Male,Delhi,Referral,Regular
C03006,2026-03-11,44,Female,Kolkata,Referral,Regular
C03007,2024-07-16,36,Male,Hyderabad,Organic Search,Budget
C03008,2024-08-11,48,Male,Ahmedabad,Direct,Regular
C03009,2026-07-06,21,Male,Bangalore,Direct,VIP
C03010,2023-11-17,62,Female,Hyderabad,Instagram,Premium
C03011,2024-03-01,36,Male,Jaipur,Google,Regular
C03012,2024-10-12,59,Other,Chennai,Direct,Regular
C03013,2025-11-07,38,Female,Delhi,Instagram,Regular
C03014,2025-04-18,33,Male,Mumbai,Referral,Premium
C03015,2026-05-08,54,Male,Mumbai,Direct,Budget
C03016,2023-12-08,54,Female,Delhi,Organic Search,Premium
C03017,2025-06-09,44,Male,Bangalore,Instagram,Regular
C03018,2025-06-30,37,Female,Pune,Google,Regular
C03019,2025-02-07,24,Female,Kolkata,YouTube,VIP
C03020,2023-09-30,28,Male,Bangalore,Referral,Regular
C03021,2026-06-25,33,Female,Ahmedabad,YouTube,VIP
C03022,2024-02-24,41,Female,Delhi,Organic Search,VIP
C03023,2026-04-29,19,Male,Delhi,Direct,Budget
C03024,2024-02-16,44,Male,Bangalore,YouTube,VIP
C03025,2023-12-16,40,Male,Hyderabad,Google,Regular
C03026,2024-04-09,21,Male,Lucknow,Direct,Budget
C03027,2024-03-23,57,Male,Pune,YouTube,Budget
C03028,2025-09-30,32,Female,Chennai,Organic Search,Budget
C03029,2025-10-27,58,Female,Ahmedabad,Direct,Regular
C03030,2025-11-05,38,Other,Mumbai,Instagram,Regular
C03031,2024-06-13,56,Female,Lucknow,Organic Search,Regular
C03032,2024-07-01,24,Female,Lucknow,Referral,Budget
C03033,2024-05-14,29,Other,Pune,Referral,Budget
C03034,2023-10-21,48,Female,Ahmedabad,Referral,Regular
C03035,2025-05-15,33,Male,Lucknow,Google,Regular
C03036,2026-03-05,62,Male,Hyderabad,Referral,Regular
C03037,2024-02-12,19,Male,Bangalore,YouTube,Regular
C03038,2024-09-26,45,Male,Chennai,Instagram,Regular
C03039,2024-12-08,26,Female,Ahmedabad,Google,Regular
C03040,2024-07-15,40,Male,Kolkata,Google,Regular
C03041,2025-08-22,31,Male,Lucknow,Direct,Regular
C03042,2025-06-15,40,Male,Chennai,Direct,Budget
C03043,2024-04-02,24,Female,Mumbai,Organic Search,Regular
C03044,2023-09-25,43,Male,Jaipur,Direct,Regular
C03045,2024-03-02,34,Female,Bangalore,Referral,Regular
C03046,2024-07-12,40,Male,Ahmedabad,Direct,Regular
C03047,2023-11-25,43,Female,Mumbai,Instagram,Premium
C03048,2026-03-09,63,Female,Delhi,Instagram,VIP
C03049,2024-07-30,22,Male,Hyderabad,Instagram,Premium
C03050,2024-11-05,28,Female,Kolkata,Organic Search,Regular
C03051,2025-02-14,32,Male,Jaipur,YouTube,VIP
C03052,2025-08-21,63,Female,Jaipur,Instagram,Budget
C03053,2023-12-05,25,Male,Hyderabad,Google,Budget
C03054,2025-04-15,49,Female,Pune,Instagram,Regular
C03055,2024-03-17,49,Other,Jaipur,Google,Regular
C03056,2026-04-24,52,Male,Lucknow,Instagram,Premium
C03057,2024-10-05,64,Male,Ahmedabad,Direct,Regular
C03058,2024-12-28,48,Female,Mumbai,Direct,Regular
C03059,2024-06-11,55,Other,Ahmedabad,Instagram,Regular
C03060,2025-01-18,51,Male,Bangalore,Organic Search,Regular
C03061,2024-05-01,59,Female,Mumbai,Instagram,Regular
C03062,2024-06-17,32,Male,Kolkata,Direct,Budget
C03063,2023-11-03,42,Female,Pune,Direct,Regular
C03064,2025-11-29,47,Female,Kolkata,Google,Regular
C03065,2025-08-28,59,Male,Mumbai,Direct,VIP
C03066,2023-11-29,34,Male,Hyderabad,Organic Search,Regular
C03067,2024-09-07,52,Male,Ahmedabad,Google,Regular
C03068,2025-04-12,56,Male,Kolkata,Organic Search,VIP
C03069,2026-07-26,38,Female,Lucknow,Organic Search,VIP
C03070,2025-06-04,19,Male,Delhi,Google,Premium
C03071,2025-04-25,19,Female,Chennai,Instagram,VIP
C03072,2026-03-06,32,Female,Jaipur,Instagram,Regular
C03073,2026-02-09,60,Female,Ahmedabad,Direct,Regular
C03074,2024-11-28,36,Male,Pune,Organic Search,Budget
C03075,2025-04-05,62,Female,Hyderabad,Google,VIP
C03076,2026-04-04,45,Male,Ahmedabad,Referral,Budget
C03077,2025-01-29,52,Male,Kolkata,Instagram,Premium
C03078,2026-04-20,40,Female,Mumbai,Organic Search,Regular
C03079,2025-01-30,40,Other,Jaipur,Organic Search,Budget
C03080,2023-11-22,20,Male,Bangalore,Direct,Regular
C03081,2026-05-13,24,Male,Chennai,Organic Search,Regular
C03082,2025-10-18,64,Male,Kolkata,Instagram,Regular
C03083,2025-02-28,58,Female,Mumbai,Google,Regular
C03084,2026-05-10,53,Male,Chennai,Google,Regular
C03085,2026-01-21,57,Female,Chennai,Instagram,Premium
C03086,2025-09-08,30,Female,Mumbai,Referral,Regular
C03087,2025-07-07,62,Male,Mumbai,Direct,Regular
C03088,2024-01-06,57,Female,Bangalore,YouTube,Regular
C03089,2025-12-04,25,Male,Pune,Instagram,Regular
C03090,2024-03-04,26,Male,Lucknow,Google,Regular
C03091,2026-08-10,42,Female,Delhi,Organic Search,Budget
C03092,2026-07-28,28,Male,Delhi,Instagram,Regular
C03093,2026-01-30,22,Female,Lucknow,Google,VIP
C03094,2024-01-13,36,Female,Bangalore,Organic Search,Regular
C03095,2024-12-04,62,Female,Hyderabad,Instagram,Regular
C03096,2026-08-15,55,Female,Chennai,Direct,Regular
C03097,2024-12-17,39,Male,Mumbai,Organic Search,Regular
C03098,2026-08-25,55,Male,Chennai,Instagram,Premium
C03099,2025-07-15,31,Male,Jaipur,Instagram,VIP
C03100,2026-02-27,56,Female,Ahmedabad,Organic Search,Premium
C03101,2024-06-05,33,Female,Chennai,Google,Budget
C03102,2026-05-22,30,Female,Delhi,Direct,Budget
C03103,2026-05-25,25,Male,Hyderabad,Direct,VIP
C03104,2023-11-09,44,Other,Chennai,Organic Search,Budget
C03105,2024-10-26,58,Female,Jaipur,Referral,Regular
C03106,2024-11-05,40,Male,Hyderabad,Direct,Budget
C03107,2024-08-19,29,Male,Lucknow,Direct,VIP
C03108,2024-06-25,44,Female,Delhi,Instagram,Regular
C03109,2025-01-11,51,Female,Delhi,Organic Search,Budget
C03110,2026-04-11,39,Female,Lucknow,Google,Budget
C03111,2026-01-06,25,Male,Delhi,Organic Search,Regular
C03112,2025-07-10,24,Male,Mumbai,Instagram,Budget
C03113,2025-03-22,45,Male,Hyderabad,Instagram,Regular
C03114,2024-11-29,21,Female,Lucknow,Instagram,Regular
C03115,2024-11-24,20,Female,Kolkata,Instagram,Budget
C03116,2024-02-06,40,Female,Jaipur,Organic Search,VIP
C03117,2025-06-02,62,Female,Mumbai,Organic Search,Regular
C03118,2025-12-06,64,Male,Kolkata,Direct,Regular
C03119,2026-06-22,51,Female,Chennai,Instagram,Regular
C03120,2026-06-06,55,Female,Lucknow,Referral,Budget
C03121,2025-05-05,20,Female,Lucknow,Google,Premium
C03122,2023-12-16,59,Male,Jaipur,Referral,Premium
C03123,2024-07-06,22,Male,Lucknow,Instagram,Regular
C03124,2025-04-06,59,Male,Jaipur,Organic Search,Premium
C03125,2024-09-07,20,Male,Pune,Instagram,Premium
C03126,2024-11-20,64,Female,Chennai,Google,Regular
C03127,2024-10-20,24,Male,Chennai,Referral,Regular
C03128,2025-02-10,42,Male,Delhi,Organic Search,Budget
C03129,2025-06-25,36,Male,Ahmedabad,Direct,Regular
C03130,2023-10-08,28,Male,Mumbai,Instagram,Regular
C03131,2024-06-24,61,Female,Chennai,Instagram,Premium
C03132,2024-02-01,26,Male,Bangalore,Referral,Regular
C03133,2025-06-25,18,Female,Bangalore,Instagram,Budget
C03134,2025-09-26,55,Female,Hyderabad,Instagram,Budget
C03135,2023-10-09,22,Female,Ahmedabad,Referral,Regular
C03136,2026-04-28,57,Female,Bangalore,Referral,Premium
C03137,2024-08-25,25,Female,Delhi,Organic Search,Premium
C03138,2024-05-14,21,Male,Lucknow,Organic Search,Regular
C03139,2025-11-22,22,Male,Lucknow,Organic Search,Budget
C03140,2026-06-02,60,Female,Hyderabad,Instagram,VIP
C03141,2026-05-07,39,Male,Pune,Instagram,Regular
C03142,2023-09-19,55,Male,Bangalore,Referral,Regular
C03143,2026-02-08,40,Other,Kolkata,Organic Search,Budget
C03144,2024-07-25,54,Female,Pune,Instagram,Regular
C03145,2024-06-30,31,Male,Delhi,Organic Search,Regular
C03146,2025-02-16,33,Male,Pune,Organic Search,Regular
C03147,2025-09-29,23,Female,Pune,Referral,Regular
C03148,2023-12-13,28,Female,Bangalore,Instagram,VIP
C03149,2026-04-06,58,Female,Bangalore,Direct,Regular
C03150,2024-01-22,26,Female,Lucknow,Organic Search,Premium
C03151,2026-07-30,51,Female,Bangalore,Organic Search,Regular
C03152,2024-12-25,38,Female,Mumbai,Direct,Regular
C03153,2026-02-18,18,Male,Lucknow,Google,Budget
C03154,2024-06-18,29,Male,Kolkata,Organic Search,VIP
C03155,2024-11-26,43,Female,Jaipur,Referral,Budget
C03156,2025-08-04,21,Male,Pune,Google,Regular
C03157,2024-03-20,56,Male,Bangalore,Google,VIP
C03158,2024-04-15,37,Female,Kolkata,Instagram,Regular
C03159,2026-02-16,60,Female,Bangalore,Referral,Regular
C03160,2025-11-17,50,Female,Ahmedabad,YouTube,Premium
C03161,2025-12-07,39,Female,Lucknow,Google,Regular
C03162,2026-04-04,63,Male,Jaipur,Instagram,VIP
C03163,2026-02-12,45,Male,Bangalore,Google,Budget
C03164,2025-03-14,63,Female,Hyderabad,Google,Regular
C03165,2024-02-18,34,Male,Mumbai,Direct,Regular
C03166,2024-08-02,56,Female,Bangalore,Organic Search,Regular
C03167,2025-03-05,39,Male,Chennai,Organic Search,Budget
C03168,2024-01-23,19,Male,Jaipur,Direct,VIP
C03169,2026-03-18,27,Female,Pune,Instagram,Premium
C03170,2026-04-17,32,Female,Pune,YouTube,Premium
C03171,2023-09-28,24,Male,Bangalore,Instagram,Regular
C03172,2024-03-26,61,Male,Lucknow,YouTube,Premium
C03173,2026-02-25,64,Female,Hyderabad,Organic Search,Regular
C03174,2026-03-02,62,Male,Ahmedabad,Organic Search,Regular
C03175,2024-05-27,53,Female,Bangalore,Instagram,VIP
C03176,2025-01-09,44,Male,Mumbai,Google,Regular
C03177,2026-05-30,39,Female,Kolkata,Organic Search,Regular
C03178,2025-10-08,31,Male,Ahmedabad,Google,Budget
C03179,2024-06-23,56,Female,Ahmedabad,YouTube,Regular
C03180,2026-02-15,32,Female,Kolkata,Organic Search,Premium
C03181,2025-03-03,40,Male,Kolkata,Google,Budget
C03182,2025-07-24,49,Female,Lucknow,Referral,Regular
C03183,2024-01-10,44,Male,Jaipur,Instagram,Budget
C03184,2023-09-30,64,Female,Ahmedabad,Organic Search,Regular
C03185,2024-10-09,50,Female,Jaipur,Google,Regular
C03186,2025-06-09,47,Female,Kolkata,Organic Search,Budget
C03187,2024-03-09,53,Female,Lucknow,Instagram,Budget
C03188,2026-04-08,63,Female,Hyderabad,Organic Search,Premium
C03189,2025-06-01,34,Male,Ahmedabad,Google,Regular
C03190,2024-09-14,44,Female,Kolkata,YouTube,Premium
C03191,2024-02-23,20,Other,Kolkata,YouTube,Budget
C03192,2026-05-04,25,Male,Hyderabad,Direct,Premium
C03193,2025-11-25,50,Female,Lucknow,Instagram,Regular
C03194,2025-09-20,64,Female,Delhi,YouTube,Regular
C03195,2024-07-05,60,Male,Ahmedabad,YouTube,VIP
C03196,2024-10-24,29,Male,Lucknow,Instagram,Premium
C03197,2024-02-22,53,Female,Jaipur,Google,Premium
C03198,2025-05-16,48,Other,Kolkata,Direct,VIP
C03199,2026-07-20,60,Female,Kolkata,Organic Search,Regular
C03200,2026-03-24,62,Female,Hyderabad,YouTube,Budget
C03201,2025-08-06,36,Female,Kolkata,Instagram,Regular
C03202,2025-09-08,58,Female,Jaipur,Referral,Regular
C03203,2024-06-17,39,Female,Hyderabad,Organic Search,Budget
C03204,2024-11-18,24,Female,Bangalore,Instagram,Regular
C03205,2023-09-18,56,Male,Mumbai,YouTube,Budget
C03206,2025-12-30,23,Male,Chennai,YouTube,Budget
C03207,2025-12-16,56,Female,Jaipur,Referral,Budget
C03208,2023-09-06,33,Male,Jaipur,Instagram,Premium
C03209,2026-05-23,27,Female,Jaipur,Referral,Regular
C03210,2025-08-06,63,Female,Kolkata,Organic Search,Premium
C03211,2025-06-16,55,Female,Ahmedabad,Direct,Premium
C03212,2023-09-06,29,Male,Jaipur,Google,Premium
C03213,2024-05-30,48,Male,Jaipur,Organic Search,Premium
C03214,2026-01-26,53,Male,Lucknow,Google,Regular
C03215,2024-07-27,33,Female,Ahmedabad,Referral,VIP
C03216,2026-07-22,49,Female,Mumbai,YouTube,VIP
C03217,2025-08-01,48,Female,Hyderabad,Instagram,Budget
C03218,2024-12-04,63,Male,Pune,Google,Budget
C03219,2024-10-13,47,Male,Chennai,Direct,Regular
C03220,2024-09-13,54,Female,Pune,Organic Search,Regular
C03221,2024-05-30,41,Male,Pune,YouTube,Regular
C03222,2025-01-20,62,Female,Chennai,Google,Budget
C03223,2025-09-08,34,Female,Delhi,Instagram,Regular
C03224,2026-02-16,54,Male,Chennai,Organic Search,Budget
C03225,2024-11-05,54,Male,Pune,Instagram,Budget
C03226,2023-12-18,26,Male,Jaipur,Organic Search,Regular
C03227,2025-03-10,33,Female,Delhi,Direct,Budget
C03228,2025-08-22,20,Male,Chennai,YouTube,Premium
C03229,2026-03-09,24,Male,Mumbai,Referral,VIP
C03230,2024-10-11,28,Male,Delhi,Google,Premium
C03231,2025-08-06,45,Female,Bangalore,Direct,VIP
C03232,2025-06-25,38,Female,Chennai,Google,Regular
C03233,2024-07-20,58,Female,Pune,YouTube,Regular
C03234,2023-12-24,45,Female,Chennai,Referral,VIP
C03235,2023-11-05,31,Female,Mumbai,Referral,Regular
C03236,2026-08-15,26,Male,Chennai,Google,Premium
C03237,2025-07-30,64,Female,Pune,Google,Regular
C03238,2026-03-29,53,Female,Pune,Instagram,Regular
C03239,2024-06-09,49,Male,Jaipur,Direct,Regular
C03240,2025-10-15,61,Female,Kolkata,Referral,Budget
C03241,2026-05-02,38,Female,Lucknow,Organic Search,Regular
C03242,2024-07-20,51,Male,Bangalore,Direct,Premium
C03243,2024-02-08,23,Male,Hyderabad,Organic Search,Regular
C03244,2025-12-13,39,Male,Mumbai,Instagram,Budget
C03245,2026-05-10,30,Male,Kolkata,Google,Premium
C03246,2026-01-26,34,Male,Lucknow,Direct,Budget
C03247,2026-01-23,21,Female,Ahmedabad,Organic Search,Regular
C03248,2025-06-15,52,Female,Hyderabad,Direct,VIP
C03249,2025-08-20,46,Male,Ahmedabad,Instagram,Regular
C03250,2025-09-12,33,Male,Mumbai,Organic Search,Premium
C03251,2025-10-26,40,Female,Kolkata,Referral,Regular
C03252,2025-08-15,59,Female,Delhi,Organic Search,Budget
C03253,2026-08-25,62,Male,Lucknow,Google,Premium
C03254,2024-06-07,46,Female,Bangalore,YouTube,Regular
C03255,2024-11-28,58,Male,Ahmedabad,Referral,Regular
C03256,2024-10-26,55,Female,Kolkata,Referral,Regular
C03257,2023-10-05,29,Male,Kolkata,Direct,Regular
C03258,2025-10-12,45,Female,Ahmedabad,Instagram,Regular
C03259,2025-05-15,39,Female,Ahmedabad,Organic Search,Regular
C03260,2024-03-23,30,Female,Chennai,Instagram,Regular
C03261,2025-11-01,39,Male,Ahmedabad,Organic Search,Budget
C03262,2024-04-27,60,Female,Ahmedabad,YouTube,Regular
C03263,2025-04-04,52,Male,Kolkata,Instagram,Regular
C03264,2026-01-04,50,Female,Pune,Direct,Budget
C03265,2026-05-17,59,Female,Hyderabad,Referral,Budget
C03266,2025-09-02,33,Male,Delhi,Organic Search,Budget
C03267,2025-03-06,40,Female,Lucknow,Organic Search,Regular
C03268,2026-03-11,27,Female,Kolkata,Google,Budget
C03269,2026-03-06,53,Female,Delhi,Direct,Budget
C03270,2026-04-14,24,Female,Chennai,Google,Budget
C03271,2024-03-13,24,Male,Ahmedabad,Direct,Budget
C03272,2023-12-12,31,Male,Chennai,Referral,Regular
C03273,2024-01-15,37,Male,Lucknow,Organic Search,VIP
C03274,2024-06-06,60,Male,Ahmedabad,Google,Regular
C03275,2026-01-29,63,Male,Mumbai,Direct,Budget
C03276,2025-12-11,22,Female,Lucknow,Google,Regular
C03277,2024-03-15,25,Female,Jaipur,Referral,VIP
C03278,2025-09-10,47,Female,Delhi,Instagram,Budget
C03279,2024-08-29,19,Male,Kolkata,Instagram,Budget
C03280,2023-12-03,35,Male,Delhi,Direct,Regular
C03281,2024-09-20,38,Female,Hyderabad,Instagram,Regular
C03282,2025-11-20,36,Male,Ahmedabad,Referral,Regular
C03283,2024-07-29,34,Female,Hyderabad,Organic Search,Regular
C03284,2026-01-07,33,Female,Chennai,Instagram,Regular
C03285,2024-08-25,44,Male,Chennai,Direct,Regular
C03286,2024-06-08,31,Other,Delhi,Instagram,Premium
C03287,2024-07-15,31,Female,Kolkata,Organic Search,VIP
C03288,2026-03-17,45,Female,Mumbai,YouTube,Premium
C03289,2025-01-24,35,Other,Chennai,Direct,Regular
C03290,2026-04-03,52,Male,Pune,Direct,Regular
C03291,2025-05-28,60,Female,Jaipur,Google,Regular
C03292,2026-06-27,40,Male,Kolkata,Organic Search,Regular
C03293,2023-11-14,24,Male,Lucknow,Organic Search,VIP
C03294,2026-04-28,23,Female,Delhi,Google,Budget
C03295,2025-02-26,24,Female,Pune,Direct,Regular
C03296,2026-04-04,31,Male,Kolkata,Google,Regular
C03297,2024-10-19,56,Female,Ahmedabad,Google,Budget
C03298,2024-07-19,45,Female,Jaipur,Instagram,Regular
C03299,2023-10-26,53,Male,Lucknow,YouTube,Regular
C03300,2026-03-21,26,Female,Mumbai,YouTube,Regular
C03301,2024-01-25,24,Male,Hyderabad,YouTube,Regular
C03302,2024-04-03,20,Male,Bangalore,Google,Regular
C03303,2024-11-18,24,Female,Delhi,Organic Search,Premium
C03304,2025-05-13,33,Other,Jaipur,Organic Search,Premium
C03305,2026-05-17,58,Female,Bangalore,Direct,Regular
C03306,2025-01-10,31,Male,Mumbai,Google,Regular
C03307,2024-08-08,46,Male,Bangalore,Instagram,Regular
C03308,2025-10-20,24,Male,Kolkata,Google,Budget
C03309,2025-12-28,38,Male,Kolkata,Organic Search,Regular
C03310,2025-02-12,37,Male,Lucknow,Organic Search,Budget
C03311,2025-07-19,42,Male,Hyderabad,Instagram,VIP
C03312,2024-03-08,43,Female,Kolkata,Instagram,VIP
C03313,2025-07-23,49,Female,Ahmedabad,Instagram,Premium
C03314,2023-09-02,36,Male,Lucknow,Google,Regular
C03315,2024-06-22,41,Male,Pune,Instagram,Budget
C03316,2025-12-09,57,Male,Delhi,YouTube,Regular
C03317,2024-02-28,47,Female,Hyderabad,Direct,Regular
C03318,2025-12-12,46,Male,Hyderabad,Instagram,Premium
C03319,2025-02-14,37,Female,Ahmedabad,Referral,Regular
C03320,2025-12-11,24,Female,Hyderabad,Google,VIP
C03321,2023-12-02,39,Male,Pune,Referral,Premium
C03322,2025-07-01,31,Male,Bangalore,Direct,Premium
C03323,2025-07-22,38,Female,Hyderabad,YouTube,Budget
C03324,2024-11-12,18,Female,Pune,Direct,Premium
C03325,2026-07-20,22,Male,Lucknow,Google,Regular
C03326,2024-10-21,47,Male,Kolkata,Organic Search,Regular
C03327,2023-10-08,23,Female,Chennai,Instagram,Premium
C03328,2024-04-02,29,Male,Ahmedabad,Google,VIP
C03329,2024-10-09,57,Male,Chennai,YouTube,Premium
C03330,2023-09-12,50,Male,Chennai,Google,Premium
C03331,2024-08-15,34,Male,Lucknow,Direct,Regular
C03332,2026-02-26,61,Male,Pune,Instagram,Regular
C03333,2024-03-23,39,Male,Hyderabad,Organic Search,Regular
C03334,2025-09-07,49,Male,Ahmedabad,Referral,Premium
C03335,2025-07-14,18,Male,Mumbai,Google,Premium
C03336,2024-05-26,44,Female,Lucknow,Instagram,Regular
C03337,2025-09-26,41,Male,Pune,Organic Search,Regular
C03338,2024-09-08,53,Male,Kolkata,Instagram,Regular
C03339,2024-01-16,36,Female,Mumbai,Instagram,Budget
C03340,2024-10-21,36,Other,Pune,YouTube,Premium
C03341,2025-06-03,50,Female,Mumbai,Organic Search,Budget
C03342,2024-02-27,58,Female,Ahmedabad,Organic Search,Budget
C03343,2026-02-15,35,Male,Hyderabad,Direct,Regular
C03344,2024-07-19,47,Female,Lucknow,Google,Regular
C03345,2024-07-11,28,Male,Hyderabad,Organic Search,Premium
C03346,2025-11-02,55,Male,Ahmedabad,Instagram,Premium
C03347,2025-06-11,36,Female,Bangalore,Instagram,Regular
C03348,2024-09-01,39,Female,Jaipur,Instagram,Regular
C03349,2026-04-27,37,Female,Pune,Direct,Premium
C03350,2026-08-23,38,Male,Bangalore,YouTube,Premium
C03351,2024-09-06,60,Male,Kolkata,Google,Regular
C03352,2026-05-11,18,Male,Kolkata,Instagram,Budget
C03353,2024-09-24,35,Female,Mumbai,Referral,Budget
C03354,2024-03-21,50,Male,Kolkata,Instagram,Regular
C03355,2026-07-02,63,Female,Kolkata,Instagram,Regular
C03356,2026-05-30,33,Male,Jaipur,Referral,Regular
C03357,2024-11-12,41,Male,Hyderabad,Instagram,Regular
C03358,2024-05-04,53,Male,Delhi,Referral,Regular
C03359,2025-11-01,40,Female,Pune,Referral,Regular
C03360,2024-01-18,41,Female,Chennai,Referral,Budget
C03361,2025-11-09,44,Other,Jaipur,Instagram,Premium
C03362,2025-06-04,43,Female,Delhi,Instagram,Regular
C03363,2024-02-29,23,Male,Pune,Organic Search,Premium
C03364,2024-10-02,63,Male,Pune,Organic Search,Premium
C03365,2025-08-09,26,Female,Lucknow,Instagram,Regular
C03366,2023-10-07,63,Male,Mumbai,Referral,VIP
C03367,2026-04-14,56,Female,Ahmedabad,Organic Search,Regular
C03368,2024-06-03,63,Female,Ahmedabad,Google,Regular
C03369,2025-04-05,38,Male,Lucknow,Direct,Premium
C03370,2023-10-20,61,Male,Jaipur,Instagram,Regular
C03371,2026-08-22,34,Female,Pune,Instagram,Regular
C03372,2025-08-22,54,Female,Lucknow,Direct,Budget
C03373,2025-08-13,29,Female,Mumbai,Google,Regular
C03374,2023-09-18,62,Male,Ahmedabad,Organic Search,Regular
C03375,2025-09-21,62,Male,Bangalore,Instagram,Budget
C03376,2024-11-26,42,Female,Jaipur,Direct,Regular
C03377,2024-10-17,56,Male,Kolkata,Direct,Budget
C03378,2025-04-18,22,Female,Hyderabad,Referral,Budget
C03379,2025-01-28,45,Female,Lucknow,Instagram,Regular
C03380,2024-02-11,56,Male,Delhi,Instagram,Regular
C03381,2025-09-27,38,Male,Pune,Organic Search,Premium
C03382,2025-07-18,20,Female,Hyderabad,Referral,Budget
C03383,2024-07-23,21,Male,Hyderabad,Google,Premium
C03384,2025-08-22,38,Male,Jaipur,Instagram,Premium
C03385,2025-08-23,28,Female,Lucknow,Referral,Regular
C03386,2024-06-18,27,Male,Hyderabad,Google,Premium
C03387,2025-06-21,61,Female,Jaipur,Direct,Budget
C03388,2024-01-25,37,Male,Pune,Instagram,Regular
C03389,2026-02-23,52,Female,Kolkata,Direct,Regular
C03390,2023-12-20,37,Other,Bangalore,Google,Regular
C03391,2025-10-23,64,Other,Chennai,Direct,Regular
C03392,2024-01-04,50,Female,Kolkata,Instagram,Premium
C03393,2023-12-30,43,Female,Hyderabad,Instagram,Regular
C03394,2023-12-22,40,Male,Chennai,Direct,Regular
C03395,2024-04-01,32,Male,Jaipur,Referral,Budget
C03396,2024-04-02,22,Female,Hyderabad,Organic Search,VIP
C03397,2024-06-11,42,Male,Pune,Organic Search,Premium
C03398,2025-03-23,55,Male,Bangalore,Direct,Premium
C03399,2024-04-05,51,Male,Pune,Referral,Budget
C03400,2025-10-06,53,Male,Lucknow,Google,Regular
C03401,2024-07-16,46,Female,Mumbai,Referral,Premium
C03402,2023-10-10,18,Male,Kolkata,Direct,Regular
C03403,2025-02-22,38,Female,Hyderabad,Direct,Premium
C03404,2024-04-11,32,Female,Hyderabad,Instagram,Regular
C03405,2026-06-15,64,Female,Hyderabad,Google,Regular
C03406,2024-08-24,58,Male,Hyderabad,Referral,VIP
C03407,2023-08-31,35,Male,Mumbai,Organic Search,Budget
C03408,2025-09-02,60,Male,Hyderabad,Organic Search,Budget
C03409,2026-05-17,50,Male,Jaipur,YouTube,Regular
C03410,2026-02-28,27,Male,Bangalore,Google,Regular
C03411,2025-08-30,24,Female,Jaipur,Google,Regular
C03412,2024-02-07,42,Female,Mumbai,Direct,Regular
C03413,2023-12-04,19,Female,Bangalore,Instagram,Regular
C03414,2025-03-10,46,Male,Ahmedabad,Google,Budget
C03415,2025-10-29,21,Male,Chennai,Organic Search,Regular
C03416,2023-12-17,25,Other,Bangalore,Referral,Budget
C03417,2024-06-03,55,Female,Lucknow,Direct,Regular
C03418,2024-05-07,23,Female,Kolkata,Referral,Regular
C03419,2026-08-15,32,Female,Ahmedabad,Organic Search,Regular
C03420,2024-07-17,18,Female,Mumbai,Direct,Regular
C03421,2025-01-17,63,Female,Ahmedabad,Instagram,Regular
C03422,2023-12-15,47,Female,Jaipur,Google,Regular
C03423,2024-03-06,20,Male,Jaipur,Organic Search,VIP
C03424,2023-10-10,33,Female,Pune,Referral,Budget
C03425,2024-07-11,29,Male,Chennai,Referral,Regular
C03426,2026-01-22,46,Male,Lucknow,Referral,Regular
C03427,2024-08-04,44,Male,Jaipur,Referral,Regular
C03428,2025-11-14,20,Male,Lucknow,Referral,Budget
C03429,2023-12-10,24,Female,Pune,Google,Premium
C03430,2025-12-05,18,Male,Ahmedabad,Instagram,Regular
C03431,2023-10-17,32,Male,Jaipur,Instagram,Regular
C03432,2026-03-18,55,Female,Delhi,YouTube,Budget
C03433,2025-08-24,29,Female,Ahmedabad,Referral,Premium
C03434,2024-03-01,31,Female,Bangalore,Direct,Budget
C03435,2024-09-22,38,Male,Mumbai,Google,Regular
C03436,2024-12-19,33,Male,Hyderabad,Organic Search,Regular
C03437,2025-07-09,55,Female,Jaipur,Google,VIP
C03438,2026-04-16,20,Male,Delhi,Instagram,VIP
C03439,2023-12-07,57,Other,Pune,Instagram,Premium
C03440,2026-02-06,35,Female,Jaipur,Google,Premium
C03441,2024-03-15,37,Male,Mumbai,Google,Premium
C03442,2024-11-09,64,Female,Lucknow,Direct,Regular
C03443,2026-07-17,34,Female,Chennai,Instagram,Premium
C03444,2024-06-20,55,Female,Lucknow,YouTube,Budget
C03445,2024-10-23,23,Female,Jaipur,YouTube,Budget
C03446,2026-03-17,19,Male,Jaipur,Google,Regular
C03447,2026-01-20,25,Female,Jaipur,Organic Search,Regular
C03448,2025-08-08,61,Female,Ahmedabad,Instagram,Regular
C03449,2026-01-17,62,Male,Mumbai,Google,Budget
C03450,2023-12-29,20,Female,Lucknow,Google,Regular
C03451,2025-09-29,29,Male,Jaipur,Direct,Budget
C03452,2023-10-31,42,Female,Mumbai,Instagram,Budget
C03453,2026-06-25,42,Female,Delhi,Direct,Premium
C03454,2024-02-18,25,Male,Delhi,Direct,Premium
C03455,2024-11-25,45,Male,Bangalore,Direct,Premium
C03456,2025-06-05,24,Female,Jaipur,YouTube,Budget
C03457,2026-01-23,39,Male,Chennai,Referral,Regular
C03458,2025-09-09,39,Male,Ahmedabad,Google,Budget
C03459,2024-03-13,45,Female,Mumbai,Organic Search,Regular
C03460,2024-10-17,19,Male,Lucknow,YouTube,Regular
C03461,2024-09-24,36,Female,Lucknow,Google,Premium
C03462,2023-09-28,46,Male,Kolkata,Organic Search,Budget
C03463,2025-09-16,23,Female,Kolkata,Instagram,Regular
C03464,2026-03-04,63,Male,Bangalore,Google,Budget
C03465,2026-07-29,55,Female,Ahmedabad,Direct,Budget
C03466,2024-01-18,51,Female,Ahmedabad,YouTube,Budget
C03467,2026-06-01,44,Male,Jaipur,Google,Budget
C03468,2023-12-29,42,Female,Kolkata,Google,Budget
C03469,2024-11-20,53,Male,Kolkata,Referral,Budget
C03470,2023-10-17,31,Female,Jaipur,Instagram,Regular
C03471,2024-06-09,61,Male,Delhi,Organic Search,Budget
C03472,2024-08-06,47,Female,Bangalore,Referral,Premium
C03473,2025-10-08,25,Female,Jaipur,YouTube,VIP
C03474,2025-09-09,55,Male,Pune,Direct,Regular
C03475,2025-12-16,44,Female,Lucknow,YouTube,Regular
C03476,2025-05-21,45,Female,Delhi,YouTube,Premium
C03477,2025-05-08,37,Female,Lucknow,Direct,Premium
C03478,2026-08-03,62,Male,Jaipur,Instagram,Regular
C03479,2025-08-31,31,Female,Hyderabad,Referral,Budget
C03480,2024-09-01,18,Female,Hyderabad,Direct,Regular
C03481,2025-03-23,64,Female,Jaipur,Organic Search,Budget
C03482,2025-10-03,29,Male,Mumbai,Google,Premium
C03483,2023-12-10,64,Male,Jaipur,Google,VIP
C03484,2025-08-22,46,Male,Ahmedabad,Google,Budget
C03485,2024-05-26,25,Female,Jaipur,Organic Search,Premium
C03486,2024-09-09,47,Male,Mumbai,Referral,Budget
C03487,2025-09-07,26,Male,Mumbai,Referral,Regular
C03488,2024-10-22,56,Male,Jaipur,Google,Premium
C03489,2026-03-04,41,Female,Bangalore,Referral,Budget
C03490,2025-04-30,23,Female,Bangalore,Instagram,Budget
C03491,2026-08-14,52,Female,Mumbai,Organic Search,Regular
C03492,2023-10-26,23,Male,Ahmedabad,Instagram,Regular
C03493,2025-08-02,58,Female,Bangalore,Instagram,Regular
C03494,2024-02-15,35,Male,Mumbai,Direct,Budget
C03495,2026-03-15,60,Female,Chennai,Google,Budget
C03496,2026-03-18,45,Female,Ahmedabad,YouTube,Budget
C03497,2026-04-06,34,Female,Lucknow,Organic Search,Regular
C03498,2023-11-18,47,Male,Jaipur,Referral,Premium
C03499,2025-02-16,24,Male,Mumbai,Referral,Budget
C03500,2024-05-18,53,Female,Delhi,Google,Regular
C03501,2026-07-26,27,Female,Chennai,Google,Premium
C03502,2023-10-22,48,Female,Lucknow,Referral,Premium
C03503,2024-04-28,32,Male,Chennai,Organic Search,Regular
C03504,2025-08-02,32,Male,Jaipur,Google,Regular
C03505,2024-11-11,25,Male,Jaipur,Organic Search,Regular
C03506,2024-05-11,53,Male,Kolkata,Instagram,Regular
C03507,2025-01-12,41,Female,Hyderabad,Instagram,Budget
C03508,2026-01-22,28,Female,Chennai,Referral,Regular
C03509,2024-12-31,32,Male,Jaipur,Direct,VIP
C03510,2026-03-23,26,Male,Hyderabad,Referral,Budget
C03511,2024-12-29,46,Male,Delhi,Google,Regular
C03512,2024-01-05,32,Female,Jaipur,Google,Regular
C03513,2025-02-23,43,Male,Kolkata,Organic Search,Regular
C03514,2025-08-13,49,Male,Ahmedabad,Google,Premium
C03515,2023-12-18,54,Female,Mumbai,Google,Regular
C03516,2024-11-21,60,Male,Kolkata,Instagram,Premium
C03517,2025-04-29,42,Male,Ahmedabad,Instagram,Budget
C03518,2023-08-28,64,Female,Mumbai,Organic Search,Premium
C03519,2023-12-05,50,Male,Bangalore,Instagram,Regular
C03520,2025-06-20,41,Female,Pune,Instagram,Premium
C03521,2025-07-06,53,Male,Hyderabad,Organic Search,Budget
C03522,2024-07-26,53,Female,Lucknow,YouTube,Budget
C03523,2025-03-07,56,Female,Mumbai,YouTube,VIP
C03524,2024-04-10,44,Male,Chennai,YouTube,Regular
C03525,2025-09-01,58,Female,Lucknow,Google,Regular
C03526,2026-07-04,30,Male,Delhi,Google,Regular
C03527,2024-09-29,48,Male,Bangalore,Instagram,Regular
C03528,2023-10-26,30,Male,Bangalore,Direct,Regular
C03529,2024-04-28,61,Female,Mumbai,Referral,Budget
C03530,2025-01-07,56,Male,Pune,Direct,Premium
C03531,2025-05-02,31,Female,Pune,YouTube,Premium
C03532,2025-07-07,33,Female,Ahmedabad,Instagram,Budget
C03533,2025-01-27,34,Female,Kolkata,Google,Budget
C03534,2025-08-17,46,Male,Delhi,Google,Regular
C03535,2025-10-20,46,Male,Bangalore,YouTube,Premium
C03536,2023-12-30,54,Female,Chennai,Google,Regular
C03537,2025-12-07,47,Female,Jaipur,Instagram,VIP
C03538,2024-04-27,35,Male,Delhi,YouTube,Budget
C03539,2024-09-05,46,Female,Delhi,Google,Budget
C03540,2026-02-22,21,Male,Chennai,Organic Search,Budget
C03541,2026-07-20,55,Male,Pune,Google,Regular
C03542,2024-07-13,53,Female,Ahmedabad,Instagram,Regular
C03543,2025-03-22,41,Male,Chennai,Google,VIP
C03544,2025-10-05,52,Male,Hyderabad,Direct,Budget
C03545,2023-10-17,26,Male,Delhi,Google,Budget
C03546,2024-02-23,58,Female,Bangalore,Google,Regular
C03547,2024-01-28,59,Male,Delhi,Referral,Budget
C03548,2025-10-21,55,Female,Chennai,Direct,Budget
C03549,2025-10-26,50,Male,Bangalore,Organic Search,Premium
C03550,2023-12-23,19,Male,Jaipur,Referral,Premium
C03551,2025-06-27,59,Male,Chennai,YouTube,Premium
C03552,2024-03-20,50,Female,Pune,Direct,Budget
C03553,2026-06-12,33,Male,Kolkata,Direct,Regular
C03554,2024-10-31,54,Female,Pune,Referral,Premium
C03555,2025-01-09,34,Female,Mumbai,Direct,Premium
C03556,2025-12-31,49,Male,Kolkata,Google,Premium
C03557,2025-10-21,31,Female,Jaipur,Google,VIP
C03558,2023-12-24,47,Female,Lucknow,Instagram,Regular
C03559,2024-11-24,20,Female,Kolkata,Direct,Budget
C03560,2026-06-08,21,Male,Chennai,Direct,Budget
C03561,2026-03-02,19,Male,Pune,Google,Premium
C03562,2025-06-03,36,Male,Lucknow,Google,Regular
C03563,2025-12-21,18,Female,Jaipur,Organic Search,VIP
C03564,2025-01-02,55,Female,Lucknow,Referral,Budget
C03565,2025-08-18,20,Female,Pune,Referral,Budget
C03566,2026-07-10,22,Male,Delhi,Instagram,Premium
C03567,2024-01-22,41,Female,Mumbai,Organic Search,VIP
C03568,2025-02-24,35,Female,Kolkata,Instagram,Premium
C03569,2025-03-31,21,Female,Jaipur,Instagram,Regular
C03570,2023-10-20,36,Male,Hyderabad,Organic Search,VIP
C03571,2026-06-18,55,Male,Delhi,Organic Search,Premium
C03572,2026-03-04,38,Male,Jaipur,Direct,Regular
C03573,2025-02-07,45,Male,Mumbai,Organic Search,VIP
C03574,2025-03-07,58,Female,Bangalore,Direct,Regular
C03575,2026-06-02,29,Male,Bangalore,Instagram,Regular
C03576,2024-03-09,28,Female,Ahmedabad,Instagram,Premium
C03577,2025-05-23,59,Male,Lucknow,Instagram,Premium
C03578,2025-11-05,22,Female,Chennai,Instagram,Regular
C03579,2024-01-15,23,Female,Lucknow,Organic Search,Premium
C03580,2024-10-25,28,Male,Bangalore,YouTube,Regular
C03581,2025-06-16,37,Female,Kolkata,Referral,Budget
C03582,2026-04-21,57,Female,Mumbai,Organic Search,Regular
C03583,2025-03-02,57,Female,Lucknow,Instagram,Budget
C03584,2024-10-22,53,Female,Bangalore,Google,VIP
C03585,2026-08-05,42,Male,Hyderabad,Direct,Budget
C03586,2026-05-27,42,Male,Jaipur,Organic Search,Budget
C03587,2025-12-10,21,Female,Jaipur,Google,Premium
C03588,2024-06-22,51,Male,Kolkata,Direct,Premium
C03589,2026-07-19,46,Male,Lucknow,Google,Budget
C03590,2026-07-26,50,Male,Delhi,Instagram,Premium
C03591,2025-01-05,32,Male,Pune,Organic Search,VIP
C03592,2024-01-21,49,Female,Delhi,Direct,Regular
C03593,2024-11-22,35,Female,Hyderabad,Instagram,Regular
C03594,2025-10-03,22,Male,Kolkata,Organic Search,Regular
C03595,2025-11-25,21,Female,Lucknow,YouTube,Premium
C03596,2024-07-20,19,Male,Pune,YouTube,Regular
C03597,2025-10-04,38,Female,Mumbai,Instagram,Premium
C03598,2026-03-28,45,Male,Kolkata,Direct,VIP
C03599,2025-10-16,34,Male,Pune,YouTube,Budget
C03600,2026-06-18,23,Female,Hyderabad,Organic Search,Regular
C03601,2025-07-21,25,Male,Jaipur,Referral,Regular
C03602,2024-04-04,26,Male,Jaipur,Organic Search,Premium
C03603,2025-07-12,50,Female,Mumbai,Google,Regular
C03604,2024-07-11,24,Male,Ahmedabad,Direct,VIP
C03605,2024-09-09,43,Female,Lucknow,Google,Regular
C03606,2025-09-02,58,Female,Jaipur,Google,Premium
C03607,2026-08-07,25,Male,Kolkata,Instagram,Premium
C03608,2025-08-09,47,Female,Chennai,Direct,Regular
C03609,2026-07-13,34,Male,Ahmedabad,Instagram,VIP
C03610,2025-03-02,51,Male,Lucknow,Instagram,Premium
C03611,2025-09-26,19,Other,Hyderabad,Organic Search,Regular
C03612,2024-08-15,23,Male,Lucknow,Referral,Premium
C03613,2024-01-01,27,Female,Jaipur,Google,Budget
C03614,2024-09-17,57,Other,Pune,Google,Regular
C03615,2025-02-04,62,Male,Pune,Google,Premium
C03616,2025-05-14,35,Male,Pune,Instagram,Regular
C03617,2025-08-28,57,Male,Bangalore,Google,Regular
C03618,2024-11-27,49,Female,Mumbai,Referral,Regular
C03619,2025-11-24,52,Female,Chennai,Instagram,Premium
C03620,2026-03-07,23,Male,Jaipur,Direct,Regular
C03621,2024-07-06,55,Male,Ahmedabad,Referral,Premium
C03622,2026-03-13,31,Female,Ahmedabad,Direct,Premium
C03623,2026-01-29,22,Female,Ahmedabad,Referral,VIP
C03624,2025-03-22,51,Female,Jaipur,Instagram,Premium
C03625,2023-09-24,64,Female,Mumbai,Instagram,Regular
C03626,2024-02-03,60,Female,Kolkata,Google,Regular
C03627,2025-08-31,37,Male,Jaipur,Referral,Regular
C03628,2024-04-03,56,Male,Chennai,Organic Search,Premium
C03629,2025-11-27,36,Male,Chennai,Google,Budget
C03630,2024-02-20,53,Female,Hyderabad,Google,VIP
C03631,2024-07-07,46,Male,Kolkata,YouTube,Premium
C03632,2024-05-28,38,Female,Delhi,Google,Regular
C03633,2026-03-04,53,Female,Jaipur,Referral,Regular
C03634,2025-09-22,19,Male,Chennai,Google,Budget
C03635,2024-07-16,60,Female,Ahmedabad,Organic Search,Regular
C03636,2025-11-30,34,Male,Hyderabad,Instagram,Budget
C03637,2023-10-02,18,Male,Pune,YouTube,Premium
C03638,2026-02-05,29,Female,Hyderabad,Google,Regular
C03639,2023-12-18,55,Male,Mumbai,Instagram,Regular
C03640,2026-04-05,35,Male,Delhi,Google,Premium
C03641,2025-11-15,33,Male,Hyderabad,Instagram,Regular
C03642,2026-04-01,43,Female,Lucknow,Google,Budget
C03643,2025-11-18,28,Female,Chennai,Google,Regular
C03644,2025-05-04,43,Female,Chennai,YouTube,Premium
C03645,2024-05-14,19,Female,Hyderabad,Google,Regular
C03646,2026-01-03,23,Male,Pune,Referral,Budget
C03647,2026-01-19,38,Male,Ahmedabad,YouTube,VIP
C03648,2024-07-08,53,Male,Pune,Organic Search,Budget
C03649,2025-08-25,57,Female,Bangalore,Google,Budget
C03650,2026-06-08,34,Female,Lucknow,Organic Search,Premium
C03651,2024-10-25,50,Female,Pune,Direct,Regular
C03652,2026-07-11,49,Male,Pune,YouTube,Regular
C03653,2026-08-01,39,Female,Jaipur,Google,Budget
C03654,2024-08-04,60,Female,Jaipur,Google,Premium
C03655,2025-04-24,26,Male,Ahmedabad,Referral,VIP
C03656,2023-09-11,39,Female,Pune,Google,Regular
C03657,2024-05-29,56,Male,Lucknow,Direct,Regular
C03658,2025-07-08,45,Female,Pune,Instagram,Regular
C03659,2025-12-30,28,Female,Delhi,Referral,Regular
C03660,2026-04-07,22,Male,Lucknow,Direct,Regular
C03661,2026-02-22,27,Male,Bangalore,Instagram,Premium
C03662,2026-05-22,57,Male,Kolkata,Instagram,Regular
C03663,2025-10-08,29,Female,Kolkata,Referral,Regular
C03664,2025-08-06,41,Male,Bangalore,Instagram,Budget
C03665,2025-12-02,64,Female,Lucknow,Google,Premium
C03666,2025-04-18,46,Male,Lucknow,Referral,VIP
C03667,2025-06-19,53,Female,Hyderabad,Google,Budget
C03668,2025-12-25,56,Female,Ahmedabad,Google,Budget
C03669,2026-07-19,46,Female,Chennai,Instagram,Regular
C03670,2024-07-15,56,Male,Pune,Referral,Regular
C03671,2024-03-09,62,Female,Hyderabad,Direct,Regular
C03672,2025-09-14,35,Male,Mumbai,Referral,Budget
C03673,2024-03-19,64,Female,Bangalore,Referral,Regular
C03674,2024-03-05,23,Female,Pune,YouTube,Budget
C03675,2025-03-13,41,Female,Hyderabad,Referral,Regular
C03676,2024-10-14,30,Female,Pune,Direct,VIP
C03677,2024-12-09,48,Male,Jaipur,Google,Budget
C03678,2025-04-29,34,Female,Kolkata,Google,Regular
C03679,2024-01-17,56,Male,Kolkata,Google,Regular
C03680,2025-05-29,47,Male,Lucknow,Instagram,Regular
C03681,2024-06-02,58,Female,Kolkata,Google,Budget
C03682,2024-08-24,54,Female,Bangalore,Instagram,Regular
C03683,2025-10-13,28,Female,Pune,Instagram,Premium
C03684,2024-02-13,49,Male,Pune,Instagram,Premium
C03685,2024-02-12,60,Female,Bangalore,Google,VIP
C03686,2024-08-15,55,Female,Lucknow,Organic Search,Budget
C03687,2023-10-22,51,Male,Chennai,Direct,Budget
C03688,2026-06-14,39,Female,Kolkata,Referral,Premium
C03689,2025-07-02,18,Male,Hyderabad,YouTube,Premium
C03690,2025-08-22,48,Male,Hyderabad,Referral,Regular
C03691,2025-02-15,33,Female,Ahmedabad,Instagram,Regular
C03692,2025-05-16,38,Female,Kolkata,Instagram,Budget
C03693,2024-09-23,39,Other,Lucknow,Referral,Regular
C03694,2026-01-03,30,Male,Lucknow,Referral,Regular
C03695,2024-08-10,50,Male,Hyderabad,Google,Regular
C03696,2024-04-25,33,Male,Jaipur,Organic Search,Regular
C03697,2024-03-16,42,Female,Kolkata,YouTube,Premium
C03698,2023-11-10,57,Female,Jaipur,YouTube,Premium
C03699,2025-03-03,53,Male,Jaipur,Google,Regular
C03700,2024-11-25,27,Male,Hyderabad,YouTube,Premium
C03701,2025-04-07,35,Female,Pune,Organic Search,Regular
C03702,2023-12-06,45,Female,Lucknow,Referral,Regular
C03703,2024-04-26,61,Male,Chennai,Google,Premium
C03704,2024-04-17,48,Female,Ahmedabad,Direct,Premium
C03705,2024-08-25,59,Male,Jaipur,Instagram,Budget
C03706,2024-09-26,52,Male,Bangalore,Instagram,Premium
C03707,2024-04-23,63,Female,Ahmedabad,Instagram,Regular
C03708,2025-11-29,19,Female,Pune,Organic Search,Regular
C03709,2025-03-31,35,Other,Kolkata,Referral,Regular
C03710,2026-08-24,51,Male,Kolkata,Direct,Regular
C03711,2026-02-15,24,Female,Mumbai,Google,Regular
C03712,2026-08-07,60,Female,Mumbai,Organic Search,Regular
C03713,2023-09-06,59,Male,Bangalore,Organic Search,Regular
C03714,2025-08-30,41,Female,Pune,Google,Regular
C03715,2024-12-28,42,Male,Jaipur,YouTube,Budget
C03716,2026-05-15,36,Male,Pune,Google,Regular
C03717,2025-06-30,33,Female,Delhi,Direct,VIP
C03718,2025-07-08,35,Male,Hyderabad,Google,Regular
C03719,2026-07-13,33,Female,Hyderabad,Google,Regular
C03720,2025-09-14,48,Male,Pune,Instagram,Budget
C03721,2024-08-13,51,Female,Jaipur,Referral,Budget
C03722,2026-05-27,46,Male,Pune,Direct,Premium
C03723,2026-06-28,62,Female,Lucknow,Organic Search,Regular
C03724,2024-10-23,19,Other,Hyderabad,Direct,Budget
C03725,2025-04-11,28,Male,Lucknow,Instagram,Premium
C03726,2024-07-02,62,Female,Bangalore,Instagram,Regular
C03727,2026-05-22,32,Male,Ahmedabad,YouTube,Premium
C03728,2026-02-14,62,Female,Pune,Direct,Budget
C03729,2024-10-11,34,Male,Jaipur,Instagram,Regular
C03730,2026-01-23,59,Female,Delhi,Google,Budget
C03731,2024-12-28,60,Female,Lucknow,Direct,VIP
C03732,2023-10-15,36,Female,Hyderabad,Direct,Regular
C03733,2026-05-08,20,Male,Kolkata,Instagram,Regular
C03734,2024-03-25,63,Female,Jaipur,Referral,Premium
C03735,2025-03-13,29,Female,Hyderabad,Instagram,Regular
C03736,2026-07-02,47,Male,Lucknow,Google,Budget
C03737,2024-02-27,35,Female,Delhi,Referral,Budget
C03738,2026-07-11,53,Female,Jaipur,Direct,Regular
C03739,2025-04-08,50,Male,Ahmedabad,Instagram,Regular
C03740,2023-09-05,23,Female,Jaipur,Referral,Regular
C03741,2023-11-07,61,Female,Mumbai,Instagram,Regular
C03742,2025-08-31,41,Male,Ahmedabad,YouTube,Budget
C03743,2025-12-22,45,Male,Hyderabad,Instagram,Premium
C03744,2026-04-01,32,Male,Pune,Organic Search,Budget
C03745,2024-12-04,45,Female,Jaipur,Direct,Premium
C03746,2023-12-19,61,Female,Lucknow,Organic Search,Regular
C03747,2025-04-08,40,Female,Ahmedabad,Direct,Regular
C03748,2025-10-06,34,Female,Mumbai,YouTube,Regular
C03749,2026-08-01,42,Female,Kolkata,Organic Search,Budget
C03750,2025-12-24,48,Male,Kolkata,Google,Premium
C03751,2025-08-05,47,Male,Ahmedabad,Direct,Regular
C03752,2026-06-22,44,Male,Chennai,Referral,Regular
C03753,2025-11-23,61,Male,Delhi,Referral,Regular
C03754,2024-02-12,32,Male,Kolkata,Organic Search,Premium
C03755,2025-01-12,60,Female,Chennai,Google,Regular
C03756,2024-08-25,43,Male,Lucknow,Referral,Regular
C03757,2023-12-01,59,Female,Mumbai,Organic Search,Regular
C03758,2023-10-26,64,Female,Kolkata,Direct,Premium
C03759,2026-01-14,46,Male,Delhi,Direct,Regular
C03760,2025-04-30,62,Male,Chennai,Organic Search,Regular
C03761,2025-05-19,53,Female,Lucknow,YouTube,Regular
C03762,2024-05-03,56,Female,Pune,Referral,Premium
C03763,2024-06-06,40,Female,Mumbai,YouTube,VIP
C03764,2024-10-26,43,Male,Hyderabad,Instagram,Regular
C03765,2025-07-18,52,Male,Hyderabad,Organic Search,Regular
C03766,2024-12-14,41,Male,Lucknow,Google,Premium
C03767,2023-09-15,44,Male,Pune,Instagram,Regular
C03768,2025-09-03,61,Male,Mumbai,Instagram,Premium
C03769,2025-04-05,49,Female,Chennai,Referral,Premium
C03770,2025-07-30,53,Female,Ahmedabad,Referral,Regular
C03771,2025-07-05,51,Male,Kolkata,Referral,Budget
C03772,2025-12-03,22,Female,Kolkata,YouTube,Budget
C03773,2025-05-30,19,Female,Ahmedabad,Google,Regular
C03774,2025-10-04,48,Male,Chennai,Instagram,Budget
C03775,2023-11-15,19,Female,Jaipur,Google,Premium
C03776,2026-06-10,28,Female,Lucknow,Instagram,Budget
C03777,2023-12-22,51,Female,Chennai,Instagram,Regular
C03778,2026-01-06,24,Male,Mumbai,Google,Premium
C03779,2024-07-23,56,Male,Ahmedabad,Direct,Regular
C03780,2023-11-30,32,Female,Delhi,Referral,Regular
C03781,2025-12-13,56,Male,Hyderabad,YouTube,Regular
C03782,2024-12-19,58,Male,Jaipur,YouTube,Budget
C03783,2024-11-03,24,Male,Lucknow,Organic Search,Regular
C03784,2025-08-21,21,Female,Hyderabad,Google,Regular
C03785,2025-01-28,62,Male,Hyderabad,Google,Budget
C03786,2025-04-03,53,Female,Lucknow,Referral,Premium
C03787,2024-01-24,47,Male,Mumbai,Organic Search,Budget
C03788,2024-10-29,25,Female,Lucknow,Referral,Regular
C03789,2026-01-18,39,Male,Chennai,Instagram,Regular
C03790,2025-04-17,62,Female,Pune,Google,Regular
C03791,2026-07-15,58,Male,Jaipur,YouTube,Regular
C03792,2024-02-01,50,Male,Lucknow,Organic Search,Budget
C03793,2025-09-08,61,Female,Jaipur,Instagram,VIP
C03794,2026-05-25,48,Female,Jaipur,Direct,Premium
C03795,2026-01-15,62,Male,Hyderabad,Instagram,Premium
C03796,2025-11-04,52,Female,Hyderabad,Google,Premium
C03797,2024-10-09,52,Female,Mumbai,YouTube,Regular
C03798,2026-07-03,27,Female,Hyderabad,Organic Search,Premium
C03799,2025-04-25,63,Female,Chennai,Direct,Budget
C03800,2025-04-27,36,Other,Mumbai,Referral,Premium
C03801,2024-01-10,57,Female,Bangalore,Google,Budget
C03802,2023-09-02,34,Male,Hyderabad,Referral,Regular
C03803,2025-06-11,37,Female,Lucknow,Organic Search,Regular
C03804,2025-04-07,60,Male,Jaipur,Organic Search,Regular
C03805,2026-06-30,47,Male,Bangalore,Instagram,Premium
C03806,2024-07-26,46,Male,Mumbai,Instagram,Premium
C03807,2025-11-25,24,Male,Hyderabad,Referral,Premium
C03808,2026-05-14,22,Male,Kolkata,Google,VIP
C03809,2024-09-07,50,Female,Pune,Organic Search,Premium
C03810,2024-11-22,54,Female,Pune,Direct,Regular
C03811,2025-08-04,23,Female,Chennai,Google,Budget
C03812,2025-03-11,55,Female,Bangalore,YouTube,VIP
C03813,2024-02-20,19,Female,Ahmedabad,Google,Budget
C03814,2024-04-25,29,Female,Kolkata,Instagram,Regular
C03815,2026-02-27,27,Female,Jaipur,Instagram,Budget
C03816,2024-03-27,55,Other,Bangalore,Organic Search,Regular
C03817,2024-03-13,27,Male,Kolkata,Google,Regular
C03818,2026-01-20,30,Female,Bangalore,Google,Premium
C03819,2026-03-19,55,Other,Lucknow,Organic Search,Budget
C03820,2026-03-18,32,Male,Bangalore,Google,Budget
C03821,2026-06-14,41,Male,Mumbai,Google,Regular
C03822,2026-08-21,46,Male,Lucknow,Instagram,Premium
C03823,2025-01-14,30,Female,Mumbai,Referral,Regular
C03824,2025-04-21,39,Female,Chennai,YouTube,Premium
C03825,2024-07-11,18,Female,Mumbai,Referral,Budget
C03826,2023-11-09,20,Male,Hyderabad,YouTube,Budget
C03827,2023-12-13,45,Male,Pune,Direct,Regular
C03828,2025-10-31,31,Female,Lucknow,Referral,Premium
C03829,2025-02-11,32,Female,Ahmedabad,Referral,Premium
C03830,2024-08-24,32,Male,Bangalore,Instagram,Budget
C03831,2024-01-15,53,Female,Delhi,Referral,Regular
C03832,2025-08-15,47,Male,Kolkata,YouTube,Regular
C03833,2023-12-15,36,Female,Bangalore,Direct,Budget
C03834,2025-07-06,39,Male,Kolkata,YouTube,Premium
C03835,2026-05-10,20,Male,Lucknow,Organic Search,Premium
C03836,2024-08-10,18,Female,Hyderabad,Organic Search,Regular
C03837,2025-01-02,40,Female,Bangalore,Google,Regular
C03838,2025-07-03,44,Male,Ahmedabad,Direct,Regular
C03839,2024-07-28,59,Male,Kolkata,Instagram,Budget
C03840,2025-05-29,58,Male,Jaipur,Google,Premium
C03841,2025-05-08,37,Female,Hyderabad,Google,Premium
C03842,2024-09-30,47,Male,Lucknow,Google,Regular
C03843,2024-08-08,22,Female,Chennai,Direct,Premium
C03844,2024-12-09,34,Male,Mumbai,YouTube,Regular
C03845,2023-09-02,32,Female,Lucknow,Google,Budget
C03846,2024-05-23,39,Female,Pune,Google,Regular
C03847,2024-04-26,24,Female,Kolkata,Google,Regular
C03848,2025-11-15,40,Female,Kolkata,Direct,Regular
C03849,2024-12-17,27,Male,Chennai,Instagram,Regular
C03850,2026-03-05,57,Female,Mumbai,Google,Premium
C03851,2024-01-22,41,Female,Hyderabad,Google,Premium
C03852,2025-11-08,61,Male,Chennai,Google,Budget
C03853,2026-04-16,63,Female,Bangalore,Organic Search,Budget
C03854,2025-01-16,29,Female,Jaipur,YouTube,Regular
C03855,2024-09-24,18,Female,Lucknow,Organic Search,Premium
C03856,2024-07-27,54,Male,Bangalore,Google,Regular
C03857,2025-04-23,54,Male,Mumbai,Instagram,Premium
C03858,2024-03-07,50,Female,Lucknow,Instagram,Budget
C03859,2025-06-22,46,Female,Mumbai,Instagram,Premium
C03860,2026-03-07,18,Male,Mumbai,Organic Search,Budget
C03861,2026-03-26,31,Male,Delhi,Google,Budget
C03862,2024-01-28,39,Male,Kolkata,Organic Search,Budget
C03863,2025-04-09,59,Male,Chennai,Organic Search,Regular
C03864,2024-06-11,19,Male,Mumbai,Google,Premium
C03865,2026-04-25,31,Male,Hyderabad,Organic Search,Regular
C03866,2023-11-19,39,Male,Mumbai,Referral,Budget
C03867,2023-11-18,55,Female,Kolkata,YouTube,Regular
C03868,2023-09-17,41,Female,Jaipur,Google,Regular
C03869,2025-03-05,45,Male,Ahmedabad,Google,Budget
C03870,2023-10-01,44,Female,Pune,Google,Regular
C03871,2025-05-26,49,Female,Hyderabad,Instagram,Budget
C03872,2024-11-14,29,Other,Mumbai,Google,Regular
C03873,2025-06-04,19,Male,Chennai,Google,VIP
C03874,2026-05-17,59,Male,Lucknow,Instagram,Budget
C03875,2025-04-23,37,Female,Bangalore,Organic Search,VIP
C03876,2025-04-14,41,Female,Ahmedabad,Organic Search,Regular
C03877,2026-08-26,40,Male,Delhi,Organic Search,Regular
C03878,2025-01-26,40,Male,Mumbai,Instagram,Budget
C03879,2025-12-24,37,Female,Ahmedabad,Organic Search,Regular
C03880,2024-10-01,18,Female,Chennai,Instagram,Regular
C03881,2024-04-28,26,Male,Hyderabad,Organic Search,Regular
C03882,2025-12-21,38,Male,Bangalore,Direct,Budget
C03883,2025-11-08,27,Male,Jaipur,Instagram,Budget
C03884,2024-07-11,19,Female,Hyderabad,Google,Premium
C03885,2025-01-18,20,Female,Hyderabad,YouTube,Regular
C03886,2025-03-09,26,Male,Hyderabad,YouTube,Premium
C03887,2024-11-04,57,Male,Delhi,Instagram,VIP
C03888,2025-02-28,53,Male,Pune,Organic Search,Regular
C03889,2025-08-23,40,Male,Mumbai,Google,VIP
C03890,2026-03-14,63,Male,Kolkata,Organic Search,Regular
C03891,2026-01-27,61,Female,Jaipur,Instagram,Premium
C03892,2025-06-30,46,Male,Chennai,Google,Regular
C03893,2024-02-25,22,Male,Bangalore,Direct,Regular
C03894,2025-03-13,61,Female,Delhi,Google,Premium
C03895,2024-12-29,64,Female,Mumbai,Organic Search,VIP
C03896,2024-03-11,48,Female,Hyderabad,Organic Search,Budget
C03897,2026-07-02,34,Female,Hyderabad,Direct,Budget
C03898,2025-08-19,50,Female,Jaipur,Google,Regular
C03899,2026-07-23,49,Female,Pune,Organic Search,Premium
C03900,2025-11-11,50,Male,Chennai,Google,Budget
C03901,2025-02-07,23,Male,Lucknow,Instagram,Premium
C03902,2024-09-24,38,Male,Ahmedabad,Referral,Regular
C03903,2024-04-23,33,Female,Chennai,Direct,Regular
C03904,2025-02-12,41,Female,Jaipur,Organic Search,Regular
C03905,2023-11-04,53,Female,Hyderabad,Instagram,Regular
C03906,2024-10-05,52,Male,Delhi,Instagram,Budget
C03907,2023-10-13,41,Other,Ahmedabad,Google,Premium
C03908,2024-04-10,33,Female,Chennai,Google,Regular
C03909,2026-05-18,24,Male,Pune,Direct,Regular
C03910,2024-09-26,61,Male,Jaipur,Referral,Premium
C03911,2025-01-23,45,Male,Chennai,Organic Search,Premium
C03912,2025-01-07,52,Female,Mumbai,Instagram,Premium
C03913,2023-10-17,29,Female,Mumbai,YouTube,Regular
C03914,2026-08-06,30,Female,Jaipur,Google,Premium
C03915,2024-08-17,62,Male,Bangalore,Organic Search,Budget
C03916,2025-10-07,44,Female,Delhi,Instagram,Regular
C03917,2025-03-21,27,Female,Pune,YouTube,Regular
C03918,2026-02-22,61,Female,Kolkata,Referral,Premium
C03919,2026-02-28,48,Male,Jaipur,Referral,Regular
C03920,2024-06-11,35,Male,Delhi,Instagram,Regular
C03921,2025-04-15,35,Male,Chennai,Referral,Regular
C03922,2024-03-05,62,Male,Delhi,Direct,Budget
C03923,2025-08-13,44,Male,Kolkata,Organic Search,Regular
C03924,2024-10-01,42,Female,Delhi,Google,Regular
C03925,2025-08-13,42,Male,Pune,Google,Budget
C03926,2026-02-28,27,Female,Ahmedabad,Instagram,Premium
C03927,2025-03-16,35,Female,Chennai,YouTube,Regular
C03928,2024-10-13,30,Female,Jaipur,Referral,Premium
C03929,2026-05-18,18,Female,Chennai,Organic Search,Budget
C03930,2025-03-15,23,Female,Bangalore,YouTube,Premium
C03931,2024-09-17,22,Male,Delhi,Direct,VIP
C03932,2026-04-05,56,Female,Ahmedabad,Organic Search,Regular
C03933,2025-02-11,42,Male,Pune,Instagram,Regular
C03934,2025-02-06,56,Female,Mumbai,Referral,Premium
C03935,2025-06-20,29,Female,Hyderabad,Google,Premium
C03936,2025-02-28,48,Male,Bangalore,Organic Search,Budget
C03937,2024-01-27,18,Male,Delhi,Instagram,Premium
C03938,2024-02-25,42,Female,Lucknow,Google,Regular
C03939,2023-11-20,20,Female,Ahmedabad,Referral,Premium
C03940,2025-08-02,27,Male,Chennai,Organic Search,VIP
C03941,2024-04-15,45,Female,Mumbai,Referral,Regular
C03942,2024-03-19,18,Male,Mumbai,Instagram,Regular
C03943,2024-09-27,31,Male,Pune,Organic Search,Regular
C03944,2025-10-22,37,Male,Pune,Organic Search,Regular
C03945,2024-01-04,47,Female,Mumbai,Direct,VIP
C03946,2024-05-06,63,Male,Ahmedabad,Google,Regular
C03947,2026-02-02,22,Female,Pune,Google,Regular
C03948,2025-10-25,26,Male,Jaipur,Instagram,Premium
C03949,2025-02-05,62,Female,Hyderabad,Referral,Budget
C03950,2025-02-02,36,Female,Hyderabad,Organic Search,Regular
C03951,2024-04-14,44,Male,Chennai,Organic Search,Regular
C03952,2024-02-20,64,Male,Mumbai,Organic Search,Premium
C03953,2026-02-26,52,Male,Jaipur,Instagram,Regular
C03954,2023-09-21,52,Male,Chennai,Organic Search,Premium
C03955,2023-10-14,57,Female,Hyderabad,Google,Regular
C03956,2025-05-17,31,Male,Chennai,Direct,Budget
C03957,2024-02-20,36,Male,Hyderabad,Referral,Premium
C03958,2025-07-17,28,Female,Lucknow,Referral,Budget
C03959,2023-10-09,19,Female,Ahmedabad,Referral,Budget
C03960,2025-05-16,62,Male,Pune,Direct,Budget
C03961,2023-10-28,41,Other,Bangalore,Referral,Budget
C03962,2024-06-06,50,Female,Hyderabad,Organic Search,Regular
C03963,2024-03-12,20,Male,Hyderabad,YouTube,Budget
C03964,2026-07-13,50,Male,Hyderabad,Instagram,Regular
C03965,2025-06-14,22,Male,Kolkata,Instagram,Budget
C03966,2025-05-06,43,Female,Pune,Instagram,Regular
C03967,2023-09-17,64,Male,Delhi,Google,Regular
C03968,2025-10-24,19,Female,Ahmedabad,Google,Regular
C03969,2025-08-22,21,Female,Mumbai,Organic Search,Premium
C03970,2024-07-03,39,Female,Hyderabad,Google,Regular
C03971,2023-11-29,31,Female,Pune,Referral,VIP
C03972,2025-01-01,49,Female,Bangalore,Organic Search,Premium
C03973,2026-08-20,46,Male,Bangalore,Google,Regular
C03974,2026-04-04,24,Female,Jaipur,Instagram,Budget
C03975,2024-03-01,44,Female,Lucknow,YouTube,Budget
C03976,2026-02-23,52,Male,Ahmedabad,Organic Search,Premium
C03977,2025-06-16,60,Male,Pune,Direct,Premium
C03978,2026-01-14,40,Female,Ahmedabad,Organic Search,VIP
C03979,2026-02-12,56,Female,Delhi,Direct,Regular
C03980,2024-03-14,59,Female,Lucknow,Referral,Regular
C03981,2025-08-19,62,Female,Pune,YouTube,VIP
C03982,2024-06-12,42,Male,Chennai,Instagram,Budget
C03983,2025-10-29,39,Male,Hyderabad,Direct,Budget
C03984,2024-09-06,29,Female,Delhi,Organic Search,Regular
C03985,2025-01-06,28,Male,Jaipur,Direct,Premium
C03986,2025-06-05,52,Male,Mumbai,Instagram,Budget
C03987,2024-05-05,64,Female,Lucknow,Organic Search,Regular
C03988,2024-10-23,43,Female,Ahmedabad,Instagram,Regular
C03989,2023-12-24,41,Male,Ahmedabad,Organic Search,Budget
C03990,2024-04-05,34,Male,Chennai,Instagram,Premium
C03991,2026-03-27,36,Male,Mumbai,Organic Search,VIP
C03992,2025-03-02,18,Male,Hyderabad,Referral,Premium
C03993,2024-11-30,21,Male,Jaipur,Organic Search,Regular
C03994,2024-02-07,19,Male,Lucknow,Google,Budget
C03995,2023-12-11,61,Male,Hyderabad,YouTube,Budget
C03996,2025-01-30,58,Male,Chennai,Google,Budget
C03997,2025-07-01,32,Male,Kolkata,Google,Regular
C03998,2023-10-09,56,Female,Mumbai,Organic Search,Budget
C03999,2026-01-03,41,Male,Ahmedabad,Referral,Budget
C04000,2025-03-01,48,Male,Jaipur,YouTube,Premium
C04001,2024-01-03,61,Male,Jaipur,Direct,Budget
C04002,2025-02-06,27,Female,Chennai,Referral,Premium
C04003,2024-01-17,57,Male,Delhi,Referral,Regular
C04004,2025-06-19,46,Female,Kolkata,Google,VIP
C04005,2026-02-19,22,Female,Lucknow,Google,Regular
C04006,2026-05-07,28,Other,Bangalore,Referral,Budget
C04007,2025-12-24,47,Female,Lucknow,Direct,Regular
C04008,2025-08-08,28,Male,Ahmedabad,Google,Premium
C04009,2025-03-22,46,Other,Kolkata,Direct,Regular
C04010,2024-10-06,43,Female,Hyderabad,Referral,Premium
C04011,2023-10-14,60,Female,Pune,YouTube,Premium
C04012,2025-03-30,46,Female,Ahmedabad,Referral,Premium
C04013,2024-05-05,29,Female,Chennai,Organic Search,Regular
C04014,2026-01-23,21,Male,Hyderabad,Direct,Budget
C04015,2026-01-09,27,Female,Kolkata,Organic Search,Premium
C04016,2024-10-18,55,Male,Ahmedabad,Google,Regular
C04017,2025-06-03,28,Male,Lucknow,Direct,VIP
C04018,2025-11-17,29,Female,Chennai,Referral,Regular
C04019,2025-12-09,18,Other,Pune,Direct,Premium
C04020,2025-09-29,31,Female,Ahmedabad,Organic Search,Regular
C04021,2023-12-13,54,Female,Mumbai,Google,Regular
C04022,2024-01-21,48,Female,Pune,Instagram,Regular
C04023,2025-01-31,57,Male,Hyderabad,Organic Search,Regular
C04024,2024-05-08,54,Other,Ahmedabad,Google,Premium
C04025,2026-03-26,21,Female,Mumbai,Instagram,VIP
C04026,2024-07-03,42,Male,Ahmedabad,Referral,Budget
C04027,2026-04-14,32,Female,Delhi,Referral,Budget
C04028,2024-11-17,57,Female,Kolkata,Instagram,Regular
C04029,2024-03-22,51,Male,Delhi,YouTube,Premium
C04030,2025-10-13,56,Female,Pune,Organic Search,Budget
C04031,2026-01-09,38,Female,Delhi,Direct,Regular
C04032,2025-05-22,53,Female,Delhi,Referral,Premium
C04033,2024-01-04,59,Female,Bangalore,Google,Regular
C04034,2023-09-04,38,Male,Jaipur,Direct,Premium
C04035,2025-08-14,57,Other,Bangalore,Google,Regular
C04036,2025-09-19,21,Female,Jaipur,Referral,Regular
C04037,2024-08-08,41,Male,Delhi,Instagram,Budget
C04038,2024-09-28,41,Female,Kolkata,Google,Budget
C04039,2024-02-13,34,Female,Mumbai,Direct,Premium
C04040,2025-08-11,55,Female,Kolkata,Organic Search,Regular
C04041,2024-05-31,50,Other,Hyderabad,Google,Regular
C04042,2026-03-22,57,Male,Hyderabad,Organic Search,Regular
C04043,2024-12-04,23,Female,Jaipur,Google,Regular
C04044,2024-10-01,55,Female,Pune,Instagram,Regular
C04045,2024-06-25,32,Male,Chennai,Instagram,Premium
C04046,2025-09-11,45,Female,Lucknow,Google,Budget
C04047,2025-12-02,57,Male,Jaipur,YouTube,Budget
C04048,2024-11-22,36,Male,Hyderabad,YouTube,Regular
C04049,2026-01-03,60,Male,Bangalore,Organic Search,Regular
C04050,2025-02-06,52,Female,Chennai,Instagram,Regular
C04051,2024-10-06,53,Male,Ahmedabad,Organic Search,Regular
C04052,2025-04-27,23,Male,Chennai,Organic Search,Regular
C04053,2024-06-01,45,Male,Chennai,Google,Budget
C04054,2024-07-29,30,Female,Kolkata,Instagram,Regular
C04055,2024-09-08,46,Male,Pune,Direct,Budget
C04056,2025-10-09,50,Male,Hyderabad,Instagram,Budget
C04057,2025-11-11,46,Male,Kolkata,Organic Search,VIP
C04058,2026-03-22,24,Female,Ahmedabad,Referral,Budget
C04059,2025-08-19,47,Male,Hyderabad,Organic Search,Premium
C04060,2025-11-24,19,Female,Delhi,Direct,Regular
C04061,2024-12-29,49,Female,Chennai,Referral,VIP
C04062,2025-10-02,41,Male,Chennai,Referral,Premium
C04063,2024-02-21,25,Female,Lucknow,Referral,Budget
C04064,2024-04-19,23,Female,Pune,Instagram,Budget
C04065,2024-11-09,52,Male,Bangalore,Google,Premium
C04066,2024-09-01,27,Female,Mumbai,YouTube,Budget
C04067,2025-04-22,19,Female,Bangalore,Google,Premium
C04068,2025-09-29,62,Female,Hyderabad,Instagram,Regular
C04069,2025-10-10,41,Male,Chennai,Direct,Budget
C04070,2024-02-20,24,Male,Bangalore,Referral,Premium
C04071,2026-07-20,44,Female,Jaipur,Referral,Premium
C04072,2023-09-02,22,Male,Kolkata,Google,Regular
C04073,2023-12-05,28,Male,Ahmedabad,Google,Premium
C04074,2024-02-03,50,Male,Jaipur,Organic Search,Regular
C04075,2026-06-07,46,Male,Chennai,Google,Budget
C04076,2024-12-17,46,Male,Pune,Google,Budget
C04077,2023-11-06,37,Female,Chennai,Google,Regular
C04078,2024-04-27,55,Male,Mumbai,Direct,Premium
C04079,2023-11-23,56,Male,Delhi,Referral,Regular
C04080,2023-10-08,41,Female,Mumbai,Organic Search,Regular
C04081,2024-10-22,58,Male,Jaipur,Organic Search,Regular
C04082,2026-08-10,50,Male,Lucknow,Instagram,Regular
C04083,2025-06-30,43,Male,Pune,Referral,VIP
C04084,2025-03-21,30,Male,Mumbai,Instagram,Regular
C04085,2025-10-15,34,Male,Jaipur,Instagram,VIP
C04086,2025-06-12,42,Female,Jaipur,Instagram,Regular
C04087,2026-06-29,59,Female,Hyderabad,YouTube,Regular
C04088,2026-02-11,61,Female,Lucknow,Organic Search,Regular
C04089,2025-07-29,24,Male,Jaipur,Instagram,Regular
C04090,2024-12-21,43,Female,Hyderabad,Instagram,Premium
C04091,2024-04-05,35,Female,Chennai,Google,Regular
C04092,2025-08-16,45,Male,Mumbai,Google,Regular
C04093,2026-01-25,51,Male,Pune,Referral,Budget
C04094,2024-07-06,34,Female,Bangalore,Referral,Regular
C04095,2023-10-03,30,Female,Hyderabad,Instagram,Premium
C04096,2025-06-15,19,Other,Jaipur,Direct,Premium
C04097,2025-03-15,18,Male,Chennai,Organic Search,Premium
C04098,2024-05-07,55,Female,Lucknow,Instagram,Regular
C04099,2024-02-29,41,Male,Bangalore,Referral,Regular
C04100,2023-10-06,45,Female,Chennai,Direct,Premium
C04101,2024-05-16,37,Female,Delhi,Instagram,Regular
C04102,2023-08-28,46,Male,Delhi,Organic Search,Regular
C04103,2024-02-16,24,Male,Delhi,Google,Premium
C04104,2026-08-24,28,Female,Kolkata,YouTube,Budget
C04105,2025-12-29,30,Male,Pune,Referral,Regular
C04106,2024-09-18,57,Female,Bangalore,Google,Regular
C04107,2024-11-03,28,Male,Lucknow,Instagram,Premium
C04108,2025-05-31,45,Other,Bangalore,Google,Premium
C04109,2025-03-17,35,Other,Jaipur,Google,Budget
C04110,2025-11-12,35,Female,Pune,Referral,Premium
C04111,2023-11-11,24,Female,Pune,Google,Regular
C04112,2023-12-04,34,Male,Kolkata,Direct,Premium
C04113,2024-07-04,38,Female,Delhi,Organic Search,Regular
C04114,2026-02-22,62,Female,Chennai,Direct,Regular
C04115,2026-05-26,21,Female,Pune,Referral,Budget
C04116,2024-09-12,57,Male,Delhi,Direct,Regular
C04117,2026-07-18,24,Male,Hyderabad,Organic Search,Premium
C04118,2024-06-26,34,Male,Hyderabad,Referral,Budget
C04119,2025-06-22,30,Male,Chennai,YouTube,Premium
C04120,2024-03-28,60,Female,Hyderabad,Google,Premium
C04121,2026-06-11,25,Male,Jaipur,Organic Search,Premium
C04122,2025-05-19,53,Female,Mumbai,Google,Premium
C04123,2024-06-09,64,Female,Mumbai,YouTube,Regular
C04124,2024-11-16,50,Other,Mumbai,YouTube,Regular
C04125,2023-12-22,37,Male,Pune,Instagram,Premium
C04126,2023-11-15,25,Male,Delhi,Organic Search,VIP
C04127,2024-07-15,51,Female,Mumbai,Google,Regular
C04128,2026-06-30,24,Female,Pune,Direct,Budget
C04129,2026-01-24,56,Male,Lucknow,YouTube,Regular
C04130,2026-07-11,20,Female,Bangalore,Instagram,Regular
C04131,2026-04-14,48,Male,Bangalore,Instagram,Regular
C04132,2026-02-04,58,Female,Kolkata,Organic Search,Premium
C04133,2025-05-19,57,Female,Mumbai,Direct,Regular
C04134,2025-09-26,62,Male,Chennai,YouTube,Regular
C04135,2026-07-21,30,Male,Jaipur,Referral,Premium
C04136,2025-05-06,34,Male,Chennai,Instagram,Regular
C04137,2025-12-18,57,Female,Chennai,Instagram,Budget
C04138,2025-12-05,33,Female,Bangalore,Google,Budget
C04139,2026-07-16,61,Female,Kolkata,Google,Regular
C04140,2025-01-11,31,Female,Mumbai,Google,Regular
C04141,2025-01-13,24,Male,Mumbai,Referral,VIP
C04142,2025-06-01,51,Female,Chennai,Google,Premium
C04143,2023-09-26,53,Female,Lucknow,Referral,Regular
C04144,2024-01-02,53,Female,Kolkata,YouTube,Budget
C04145,2023-11-10,34,Male,Ahmedabad,Instagram,Regular
C04146,2025-07-22,27,Female,Jaipur,Google,Regular
C04147,2026-08-21,43,Male,Bangalore,Organic Search,Regular
C04148,2025-09-07,48,Female,Ahmedabad,Instagram,Budget
C04149,2024-05-06,60,Male,Hyderabad,Direct,Budget
C04150,2024-08-08,57,Female,Kolkata,Organic Search,Premium
C04151,2026-07-10,30,Female,Bangalore,Organic Search,Regular
C04152,2025-03-16,45,Male,Bangalore,Direct,Budget
C04153,2023-09-07,47,Female,Delhi,Referral,Budget
C04154,2026-02-25,27,Other,Bangalore,Organic Search,Premium
C04155,2024-05-26,51,Male,Mumbai,Organic Search,Budget
C04156,2023-12-07,56,Female,Kolkata,Organic Search,Budget
C04157,2025-09-04,47,Female,Kolkata,Instagram,Budget
C04158,2026-02-12,37,Male,Kolkata,YouTube,Regular
C04159,2023-11-19,52,Female,Pune,YouTube,Regular
C04160,2026-06-13,62,Male,Kolkata,Google,Premium
C04161,2025-01-31,18,Male,Pune,Direct,Regular
C04162,2024-09-18,52,Male,Kolkata,Google,Premium
C04163,2026-05-04,48,Male,Mumbai,Instagram,Budget
C04164,2024-06-17,38,Female,Mumbai,Organic Search,Regular
C04165,2026-07-01,38,Male,Chennai,Direct,VIP
C04166,2025-09-14,25,Other,Bangalore,Instagram,Regular
C04167,2026-05-21,46,Male,Chennai,Instagram,Regular
C04168,2025-02-24,56,Female,Delhi,YouTube,Premium
C04169,2024-04-02,53,Female,Pune,Google,Premium
C04170,2025-11-11,26,Male,Hyderabad,Google,Regular
C04171,2026-04-10,37,Male,Jaipur,Direct,Budget
C04172,2024-04-10,22,Female,Bangalore,Organic Search,Budget
C04173,2024-04-06,18,Female,Pune,Instagram,Premium
C04174,2024-05-27,55,Female,Kolkata,Google,Regular
C04175,2025-07-05,39,Female,Mumbai,Google,Regular
C04176,2024-02-14,39,Female,Jaipur,Organic Search,Budget
C04177,2023-12-22,34,Female,Kolkata,Organic Search,Premium
C04178,2026-06-01,21,Female,Ahmedabad,YouTube,Premium
C04179,2025-09-06,64,Female,Chennai,Instagram,Budget
C04180,2025-08-24,48,Male,Ahmedabad,Direct,VIP
C04181,2025-06-30,33,Male,Ahmedabad,Organic Search,VIP
C04182,2025-12-12,59,Male,Delhi,Organic Search,Premium
C04183,2025-04-12,19,Male,Lucknow,YouTube,Premium
C04184,2023-10-13,31,Male,Ahmedabad,Direct,Regular
C04185,2025-02-06,28,Male,Pune,Instagram,Budget
C04186,2025-07-08,29,Female,Kolkata,Direct,Premium
C04187,2025-02-17,58,Male,Pune,Google,VIP
C04188,2026-08-11,29,Female,Ahmedabad,YouTube,Regular
C04189,2026-05-07,21,Female,Jaipur,Google,Regular
C04190,2026-04-06,59,Female,Hyderabad,Google,Premium
C04191,2025-02-15,46,Female,Pune,Direct,Budget
C04192,2026-08-10,63,Male,Lucknow,Google,VIP
C04193,2026-05-27,63,Female,Jaipur,Instagram,Premium
C04194,2024-06-30,30,Female,Chennai,Instagram,Regular
C04195,2024-04-27,41,Male,Mumbai,Google,Regular
C04196,2025-05-21,49,Female,Chennai,Organic Search,Regular
C04197,2023-10-26,24,Male,Hyderabad,Instagram,Regular
C04198,2026-01-19,19,Male,Ahmedabad,Instagram,Budget
C04199,2025-02-02,41,Male,Ahmedabad,YouTube,Budget
C04200,2025-04-11,51,Male,Pune,Instagram,Premium
C04201,2025-02-28,64,Male,Delhi,Direct,Regular
C04202,2024-11-01,60,Male,Kolkata,Direct,Regular
C04203,2025-09-18,24,Female,Ahmedabad,Instagram,Regular
C04204,2024-03-06,39,Male,Lucknow,Instagram,Premium
C04205,2026-08-02,59,Female,Mumbai,Google,Regular
C04206,2025-10-01,51,Female,Kolkata,Organic Search,Regular
C04207,2025-01-13,36,Female,Mumbai,Instagram,Regular
C04208,2025-09-21,32,Male,Lucknow,Google,Regular
C04209,2023-09-09,18,Other,Pune,Organic Search,Regular
C04210,2024-04-14,44,Male,Kolkata,YouTube,VIP
C04211,2025-05-25,40,Female,Kolkata,Organic Search,Budget
C04212,2024-08-18,64,Male,Lucknow,Organic Search,Budget
C04213,2025-06-29,20,Female,Chennai,Instagram,Regular
C04214,2024-06-07,33,Female,Mumbai,Organic Search,Premium
C04215,2025-04-20,35,Female,Bangalore,YouTube,Regular
C04216,2024-05-13,42,Male,Mumbai,Direct,Regular
C04217,2025-01-25,58,Male,Hyderabad,Referral,Budget
C04218,2025-06-29,19,Other,Ahmedabad,Instagram,Regular
C04219,2024-10-02,45,Male,Hyderabad,Instagram,Regular
C04220,2025-02-24,43,Male,Chennai,Referral,Budget
C04221,2024-04-14,38,Male,Pune,Google,Regular
C04222,2025-10-03,31,Male,Chennai,Google,VIP
C04223,2024-10-09,57,Male,Kolkata,Organic Search,Regular
C04224,2026-03-21,39,Female,Bangalore,YouTube,Regular
C04225,2024-06-29,45,Female,Kolkata,Google,Budget
C04226,2024-03-12,21,Female,Delhi,Direct,Budget
C04227,2024-01-18,40,Male,Delhi,Instagram,VIP
C04228,2025-05-20,46,Female,Pune,Google,Regular
C04229,2024-05-04,57,Female,Ahmedabad,Referral,Premium
C04230,2023-12-15,62,Male,Bangalore,Instagram,Premium
C04231,2024-06-18,21,Female,Kolkata,Instagram,Premium
C04232,2024-05-12,34,Male,Kolkata,Google,VIP
C04233,2024-12-13,41,Male,Ahmedabad,YouTube,Budget
C04234,2024-10-18,21,Female,Ahmedabad,Google,Regular
C04235,2024-02-03,21,Female,Bangalore,Google,Regular
C04236,2026-07-14,64,Female,Hyderabad,Google,Regular
C04237,2024-02-07,40,Male,Chennai,Referral,VIP
C04238,2026-01-27,59,Female,Bangalore,Instagram,Regular
C04239,2024-03-08,33,Male,Chennai,Google,Regular
C04240,2025-02-25,40,Female,Delhi,Direct,Budget
C04241,2026-08-23,18,Female,Mumbai,Google,Budget
C04242,2026-03-15,45,Female,Kolkata,YouTube,Budget
C04243,2025-03-16,45,Male,Mumbai,Instagram,Regular
C04244,2025-10-25,52,Male,Delhi,Organic Search,Budget
C04245,2026-01-04,33,Male,Lucknow,Google,VIP
C04246,2024-07-21,34,Male,Bangalore,Instagram,VIP
C04247,2025-05-05,31,Female,Lucknow,Direct,Regular
C04248,2025-05-11,55,Female,Hyderabad,Google,Budget
C04249,2024-11-06,60,Female,Delhi,Instagram,Regular
C04250,2025-09-22,30,Male,Hyderabad,Referral,VIP
C04251,2023-11-01,33,Male,Delhi,Instagram,Regular
C04252,2026-02-04,28,Male,Delhi,YouTube,Budget
C04253,2025-01-31,56,Female,Kolkata,Google,Regular
C04254,2025-07-18,48,Male,Delhi,Organic Search,Premium
C04255,2025-01-02,55,Male,Hyderabad,Instagram,Budget
C04256,2024-08-28,46,Other,Delhi,Organic Search,Premium
C04257,2024-09-26,21,Male,Lucknow,Google,Premium
C04258,2025-05-03,25,Male,Chennai,Direct,Regular
C04259,2026-06-14,29,Male,Lucknow,Direct,Premium
C04260,2024-06-05,34,Female,Mumbai,Google,Budget
C04261,2023-09-18,50,Female,Hyderabad,Direct,Regular
C04262,2024-01-07,47,Female,Mumbai,Organic Search,Premium
C04263,2026-04-04,32,Male,Delhi,Organic Search,Budget
C04264,2026-07-18,28,Female,Kolkata,Instagram,Budget
C04265,2024-04-02,53,Male,Jaipur,Direct,Budget
C04266,2025-05-20,53,Female,Kolkata,YouTube,Budget
C04267,2025-08-08,54,Female,Ahmedabad,YouTube,Premium
C04268,2024-03-06,34,Female,Delhi,Referral,Premium
C04269,2025-12-30,44,Female,Chennai,Instagram,Regular
C04270,2024-09-20,22,Female,Lucknow,Organic Search,Regular
C04271,2025-09-03,54,Other,Bangalore,Direct,Regular
C04272,2025-02-12,52,Male,Kolkata,Instagram,Premium
C04273,2025-11-12,23,Male,Chennai,Referral,Budget
C04274,2026-04-29,61,Female,Pune,Organic Search,Regular
C04275,2024-10-18,23,Female,Bangalore,Instagram,Premium
C04276,2024-07-07,33,Male,Jaipur,Direct,Premium
C04277,2025-07-20,33,Female,Hyderabad,Instagram,Regular
C04278,2024-02-02,21,Female,Delhi,Organic Search,Premium
C04279,2024-02-27,53,Female,Kolkata,YouTube,Regular
C04280,2026-01-29,61,Female,Bangalore,Google,Regular
C04281,2024-08-31,44,Female,Jaipur,Direct,Regular
C04282,2025-07-19,32,Male,Chennai,Google,Regular
C04283,2025-05-15,41,Male,Mumbai,Instagram,Premium
C04284,2026-03-15,64,Female,Kolkata,Instagram,Regular
C04285,2023-11-14,26,Male,Jaipur,Organic Search,Regular
C04286,2024-02-21,24,Female,Hyderabad,Google,Budget
C04287,2024-05-04,36,Female,Bangalore,YouTube,VIP
C04288,2024-08-09,64,Male,Ahmedabad,Google,Regular
C04289,2024-07-12,54,Male,Mumbai,Instagram,Regular
C04290,2024-06-16,28,Female,Kolkata,Instagram,Regular
C04291,2025-08-03,50,Female,Hyderabad,Organic Search,Premium
C04292,2024-06-20,47,Female,Jaipur,Direct,Premium
C04293,2024-12-27,64,Female,Chennai,Instagram,Regular
C04294,2026-03-30,27,Male,Chennai,Google,Regular
C04295,2024-09-29,51,Male,Jaipur,Google,Premium
C04296,2025-06-01,37,Male,Jaipur,Referral,Premium
C04297,2026-07-21,38,Female,Jaipur,Google,Regular
C04298,2024-11-23,41,Male,Pune,Direct,VIP
C04299,2024-03-16,49,Male,Lucknow,Instagram,Regular
C04300,2023-09-22,46,Male,Mumbai,Google,Premium
C04301,2025-11-02,26,Male,Mumbai,Instagram,Premium
C04302,2025-08-22,47,Male,Mumbai,Direct,Regular
C04303,2026-06-23,57,Male,Mumbai,Referral,Budget
C04304,2025-10-03,25,Female,Kolkata,Google,Budget
C04305,2023-11-23,44,Female,Chennai,Instagram,Budget
C04306,2024-02-26,30,Male,Kolkata,Organic Search,Premium
C04307,2023-12-18,31,Female,Chennai,Google,Budget
C04308,2023-11-05,24,Female,Delhi,Instagram,Regular
C04309,2026-04-17,44,Female,Jaipur,Organic Search,Premium
C04310,2025-04-20,44,Male,Hyderabad,YouTube,Budget
C04311,2023-09-25,25,Female,Delhi,Instagram,Premium
C04312,2024-11-05,62,Female,Ahmedabad,Referral,Premium
C04313,2025-12-13,63,Female,Mumbai,Instagram,VIP
C04314,2023-11-27,59,Female,Delhi,Google,Premium
C04315,2024-06-10,24,Female,Jaipur,Organic Search,Premium
C04316,2024-02-14,34,Female,Jaipur,Google,Regular
C04317,2025-08-14,24,Male,Lucknow,Referral,Premium
C04318,2026-04-24,52,Male,Mumbai,Direct,Regular
C04319,2024-08-01,51,Male,Hyderabad,YouTube,Regular
C04320,2024-05-25,22,Female,Chennai,Organic Search,VIP
C04321,2024-07-04,35,Male,Chennai,Organic Search,Premium
C04322,2025-07-14,36,Male,Pune,Google,Regular
C04323,2024-01-18,52,Female,Mumbai,Google,Regular
C04324,2026-03-04,60,Male,Jaipur,YouTube,Budget
C04325,2023-09-28,43,Male,Kolkata,YouTube,Regular
C04326,2025-08-24,39,Female,Hyderabad,YouTube,VIP
C04327,2026-03-27,57,Female,Delhi,Google,Regular
C04328,2024-08-18,18,Male,Lucknow,Referral,Budget
C04329,2025-01-30,50,Other,Bangalore,Instagram,Regular
C04330,2026-07-31,43,Female,Kolkata,YouTube,Premium
C04331,2025-04-11,18,Female,Bangalore,Google,Regular
C04332,2024-06-21,40,Other,Hyderabad,YouTube,Regular
C04333,2024-12-27,42,Male,Kolkata,Direct,Premium
C04334,2026-07-25,28,Male,Bangalore,Organic Search,VIP
C04335,2025-09-30,52,Male,Chennai,Direct,Budget
C04336,2024-03-09,45,Female,Delhi,Direct,Premium
C04337,2025-06-12,25,Female,Delhi,Google,Premium
C04338,2025-07-19,31,Male,Bangalore,Direct,Regular
C04339,2025-07-24,29,Male,Lucknow,Direct,Regular
C04340,2025-05-07,24,Male,Delhi,Referral,Regular
C04341,2025-03-23,47,Female,Kolkata,Instagram,Regular
C04342,2025-07-28,44,Male,Hyderabad,Referral,Premium
C04343,2024-08-01,39,Male,Bangalore,Google,Premium
C04344,2024-09-11,57,Female,Mumbai,Organic Search,VIP
C04345,2025-04-10,61,Male,Delhi,Direct,Budget
C04346,2026-01-25,52,Male,Jaipur,Organic Search,Regular
C04347,2024-12-24,27,Female,Ahmedabad,Referral,Budget
C04348,2024-10-01,28,Other,Lucknow,Referral,Regular
C04349,2024-06-07,29,Male,Lucknow,Instagram,Premium
C04350,2024-07-25,21,Male,Ahmedabad,Instagram,Regular
C04351,2023-08-28,55,Male,Hyderabad,Google,Regular
C04352,2026-02-06,51,Female,Chennai,YouTube,Regular
C04353,2026-03-14,64,Male,Kolkata,Instagram,Regular
C04354,2024-09-07,22,Male,Hyderabad,Organic Search,Regular
C04355,2025-01-23,37,Female,Lucknow,Google,Budget
C04356,2023-09-06,58,Male,Ahmedabad,Instagram,Budget
C04357,2026-06-03,63,Female,Kolkata,Google,Budget
C04358,2026-06-30,33,Female,Chennai,Organic Search,Budget
C04359,2025-01-31,63,Female,Jaipur,YouTube,VIP
C04360,2023-09-07,63,Male,Kolkata,Organic Search,Budget
C04361,2024-12-11,48,Female,Ahmedabad,Organic Search,VIP
C04362,2024-07-14,48,Female,Hyderabad,Organic Search,Regular
C04363,2024-05-07,46,Female,Pune,Google,Premium
C04364,2023-09-04,34,Female,Lucknow,Google,Premium
C04365,2024-10-10,58,Male,Mumbai,Referral,Regular
C04366,2024-11-21,28,Female,Ahmedabad,Instagram,VIP
C04367,2025-05-03,48,Female,Pune,Instagram,Premium
C04368,2024-11-02,44,Male,Jaipur,Referral,Budget
C04369,2024-02-22,51,Male,Ahmedabad,Google,Regular
C04370,2025-11-12,41,Female,Kolkata,Google,Regular
C04371,2024-10-28,60,Male,Delhi,Organic Search,Regular
C04372,2024-10-15,28,Male,Bangalore,Direct,Regular
C04373,2024-06-11,39,Male,Bangalore,Direct,Premium
C04374,2024-12-02,29,Male,Kolkata,Organic Search,Regular
C04375,2024-05-16,55,Female,Ahmedabad,Google,Regular
C04376,2025-12-12,31,Male,Pune,Organic Search,Regular
C04377,2026-05-21,55,Male,Ahmedabad,YouTube,Regular
C04378,2026-01-29,19,Male,Mumbai,Instagram,Budget
C04379,2025-09-16,18,Female,Mumbai,YouTube,Premium
C04380,2024-07-05,39,Male,Bangalore,Organic Search,Regular
C04381,2025-11-19,21,Male,Chennai,Google,Premium
C04382,2026-01-30,64,Other,Ahmedabad,Google,Regular
C04383,2024-11-22,31,Female,Pune,Google,Regular
C04384,2026-03-20,22,Male,Jaipur,Google,Regular
C04385,2024-03-14,31,Female,Pune,YouTube,Regular
C04386,2024-07-10,53,Male,Hyderabad,Organic Search,Regular
C04387,2025-07-26,24,Female,Chennai,YouTube,Regular
C04388,2025-07-05,23,Male,Pune,Google,Premium
C04389,2024-06-21,58,Male,Ahmedabad,Referral,Regular
C04390,2025-07-10,34,Male,Jaipur,YouTube,Regular
C04391,2024-03-20,52,Male,Mumbai,Organic Search,Premium
C04392,2023-09-18,30,Male,Chennai,Organic Search,Budget
C04393,2023-10-21,51,Female,Chennai,Organic Search,Budget
C04394,2025-04-05,62,Other,Mumbai,Google,Budget
C04395,2024-03-18,22,Other,Mumbai,Instagram,Regular
C04396,2023-12-18,52,Male,Chennai,Organic Search,VIP
C04397,2024-06-18,38,Male,Lucknow,Google,Regular
C04398,2025-10-19,43,Female,Kolkata,Direct,Regular
C04399,2025-11-01,43,Male,Jaipur,Organic Search,Regular
C04400,2024-05-09,40,Female,Lucknow,Referral,Regular
C04401,2024-02-09,47,Male,Bangalore,Referral,Regular
C04402,2025-02-18,34,Female,Ahmedabad,Direct,Regular
C04403,2024-09-05,29,Male,Jaipur,Referral,Regular
C04404,2024-08-03,20,Female,Chennai,Instagram,Premium
C04405,2026-01-20,63,Male,Jaipur,Organic Search,Regular
C04406,2026-08-25,47,Male,Hyderabad,Google,Premium
C04407,2025-01-17,48,Female,Hyderabad,Direct,Budget
C04408,2026-01-11,46,Female,Chennai,Referral,Regular
C04409,2024-08-23,52,Female,Delhi,Google,Premium
C04410,2026-03-09,47,Male,Ahmedabad,Direct,Regular
C04411,2026-07-06,55,Female,Delhi,Google,VIP
C04412,2023-10-28,30,Male,Bangalore,Google,Regular
C04413,2025-12-25,28,Male,Bangalore,Instagram,Regular
C04414,2023-11-14,24,Female,Bangalore,Google,Regular
C04415,2025-01-24,54,Female,Delhi,YouTube,VIP
C04416,2024-03-25,46,Male,Delhi,Referral,Budget
C04417,2026-03-07,44,Female,Bangalore,Instagram,Regular
C04418,2026-02-08,22,Female,Ahmedabad,Referral,Budget
C04419,2026-02-20,28,Female,Kolkata,Direct,Premium
C04420,2024-01-08,59,Female,Mumbai,Referral,Regular
C04421,2025-12-16,27,Female,Jaipur,Referral,Budget
C04422,2024-05-26,32,Male,Delhi,Organic Search,Regular
C04423,2025-12-20,38,Male,Jaipur,Instagram,Budget
C04424,2024-12-25,32,Male,Delhi,Google,Premium
C04425,2025-11-13,35,Female,Delhi,Direct,Budget
C04426,2023-10-03,31,Male,Delhi,Instagram,Budget
C04427,2025-01-14,56,Male,Chennai,Google,Regular
C04428,2025-12-20,18,Male,Delhi,Organic Search,Premium
C04429,2025-03-21,41,Male,Kolkata,Google,Budget
C04430,2026-08-08,49,Female,Bangalore,Direct,Budget
C04431,2025-01-27,26,Male,Mumbai,Instagram,Regular
C04432,2025-09-12,28,Male,Hyderabad,Google,Regular
C04433,2024-08-04,43,Male,Delhi,Instagram,Regular
C04434,2024-08-16,21,Male,Chennai,Direct,Regular
C04435,2025-07-17,32,Female,Bangalore,Organic Search,Premium
C04436,2023-10-13,61,Female,Mumbai,Instagram,Regular
C04437,2026-06-20,44,Female,Bangalore,Google,Budget
C04438,2025-03-20,21,Male,Hyderabad,Google,Premium
C04439,2024-05-31,19,Female,Bangalore,Organic Search,Budget
C04440,2025-07-27,34,Female,Mumbai,Organic Search,Premium
C04441,2024-04-01,28,Female,Pune,Instagram,Regular
C04442,2026-04-26,23,Male,Lucknow,Instagram,Premium
C04443,2026-03-31,54,Male,Hyderabad,Google,Regular
C04444,2024-04-22,20,Female,Chennai,Organic Search,Premium
C04445,2023-12-29,33,Female,Hyderabad,YouTube,Premium
C04446,2025-07-21,61,Female,Hyderabad,Organic Search,Regular
C04447,2024-08-17,31,Male,Pune,Google,VIP
C04448,2024-02-27,34,Female,Mumbai,Instagram,Regular
C04449,2024-06-25,38,Male,Jaipur,Instagram,Regular
C04450,2024-01-06,29,Male,Hyderabad,Organic Search,Budget
C04451,2026-01-08,30,Male,Pune,YouTube,Premium
C04452,2023-09-06,23,Male,Ahmedabad,Google,Regular
C04453,2023-10-13,36,Male,Bangalore,Google,Regular
C04454,2026-01-02,58,Female,Pune,Referral,Budget
C04455,2025-01-29,46,Male,Mumbai,Organic Search,Regular
C04456,2025-06-11,45,Male,Lucknow,Instagram,Budget
C04457,2024-10-08,56,Female,Pune,Organic Search,Regular
C04458,2023-12-04,36,Female,Bangalore,Referral,Regular
C04459,2024-02-16,18,Female,Delhi,Instagram,Regular
C04460,2023-12-06,32,Female,Pune,Google,Premium
C04461,2025-07-06,28,Female,Chennai,Organic Search,Premium
C04462,2026-06-13,44,Male,Hyderabad,Referral,Premium
C04463,2026-08-24,52,Male,Hyderabad,Organic Search,Budget
C04464,2025-07-13,33,Female,Delhi,Google,Budget
C04465,2023-11-01,31,Male,Chennai,Organic Search,Regular
C04466,2025-08-03,28,Male,Delhi,Direct,Budget
C04467,2025-10-04,22,Female,Lucknow,Instagram,Regular
C04468,2026-01-11,46,Female,Jaipur,Organic Search,Regular
C04469,2024-01-12,24,Female,Ahmedabad,Instagram,Budget
C04470,2024-05-09,46,Female,Kolkata,Organic Search,Premium
C04471,2026-08-07,21,Male,Pune,Instagram,Regular
C04472,2026-01-08,18,Female,Mumbai,Instagram,Premium
C04473,2025-12-04,52,Female,Hyderabad,Google,Regular
C04474,2026-01-26,19,Female,Jaipur,Organic Search,Regular
C04475,2024-12-20,35,Other,Chennai,Instagram,Premium
C04476,2024-03-26,47,Female,Hyderabad,Google,Regular
C04477,2025-09-21,41,Female,Lucknow,Organic Search,VIP
C04478,2024-09-23,41,Female,Hyderabad,Instagram,Regular
C04479,2024-01-22,44,Female,Ahmedabad,Referral,Regular
C04480,2026-05-08,48,Male,Chennai,Google,Budget
C04481,2025-02-09,21,Male,Kolkata,Referral,Premium
C04482,2024-12-19,25,Male,Pune,Referral,Premium
C04483,2024-07-16,31,Female,Lucknow,Instagram,Budget
C04484,2025-09-29,36,Female,Jaipur,Google,Regular
C04485,2024-03-22,36,Female,Pune,Referral,Budget
C04486,2024-03-19,59,Female,Pune,Direct,Regular
C04487,2024-09-12,64,Male,Chennai,Google,Regular
C04488,2025-11-07,19,Male,Lucknow,Direct,Budget
C04489,2024-06-24,50,Other,Lucknow,Google,Budget
C04490,2026-02-24,20,Male,Ahmedabad,Google,Budget
C04491,2026-05-26,19,Male,Chennai,Direct,VIP
C04492,2025-04-26,19,Female,Bangalore,Instagram,Budget
C04493,2023-11-11,38,Male,Kolkata,Referral,Budget
C04494,2024-02-13,64,Female,Ahmedabad,Google,Premium
C04495,2024-07-17,59,Female,Bangalore,Google,Regular
C04496,2024-06-11,20,Female,Ahmedabad,Google,Premium
C04497,2024-10-03,36,Female,Bangalore,Instagram,Budget
C04498,2023-08-28,51,Male,Kolkata,Google,Premium
C04499,2025-07-27,44,Female,Kolkata,Referral,Regular
C04500,2024-10-16,25,Female,Delhi,Instagram,Premium
C04501,2024-03-18,53,Male,Mumbai,Instagram,Regular
C04502,2023-09-17,29,Male,Chennai,Google,Premium
C04503,2026-03-24,47,Male,Lucknow,Organic Search,Premium
C04504,2025-12-25,62,Female,Jaipur,Instagram,Budget
C04505,2024-05-15,24,Female,Chennai,Google,Regular
C04506,2025-10-26,55,Male,Jaipur,Organic Search,Regular
C04507,2025-08-18,48,Female,Jaipur,YouTube,Regular
C04508,2025-04-09,55,Female,Chennai,Google,Regular
C04509,2024-10-25,35,Female,Jaipur,Direct,Regular
C04510,2025-03-24,19,Female,Jaipur,Referral,Budget
C04511,2025-02-23,40,Male,Ahmedabad,Referral,VIP
C04512,2025-04-23,27,Male,Chennai,Instagram,Regular
C04513,2025-06-29,52,Male,Chennai,Google,Premium
C04514,2024-08-15,18,Male,Jaipur,Google,Regular
C04515,2025-07-30,37,Female,Kolkata,Referral,Regular
C04516,2023-12-27,41,Male,Chennai,Direct,Regular
C04517,2025-03-23,32,Female,Chennai,Direct,Premium
C04518,2023-11-09,61,Female,Chennai,YouTube,VIP
C04519,2026-02-28,45,Female,Hyderabad,Google,Regular
C04520,2024-01-17,45,Female,Bangalore,Google,Premium
C04521,2026-04-11,48,Male,Mumbai,Direct,Regular
C04522,2024-04-05,33,Male,Pune,YouTube,Budget
C04523,2025-02-09,49,Male,Mumbai,Referral,Budget
C04524,2023-12-14,36,Female,Delhi,Google,Premium
C04525,2025-05-14,44,Male,Mumbai,Direct,VIP
C04526,2026-03-01,43,Female,Jaipur,Instagram,Premium
C04527,2025-08-18,40,Female,Mumbai,Instagram,Budget
C04528,2025-03-26,59,Female,Chennai,Google,Regular
C04529,2025-10-04,25,Male,Jaipur,YouTube,Premium
C04530,2024-06-03,23,Male,Hyderabad,Direct,Regular
C04531,2024-10-02,19,Female,Hyderabad,Instagram,Premium
C04532,2025-06-22,31,Male,Hyderabad,Instagram,Regular
C04533,2023-11-13,20,Male,Lucknow,YouTube,Regular
C04534,2026-06-12,49,Female,Hyderabad,Instagram,Regular
C04535,2024-04-12,23,Female,Hyderabad,Instagram,Budget
C04536,2025-02-16,27,Male,Kolkata,Referral,VIP
C04537,2026-04-29,20,Male,Pune,Google,Budget
C04538,2023-11-23,41,Male,Hyderabad,Organic Search,Regular
C04539,2026-01-21,22,Male,Mumbai,Direct,Premium
C04540,2023-11-02,47,Male,Jaipur,Organic Search,Regular
C04541,2025-04-30,39,Female,Hyderabad,YouTube,Regular
C04542,2026-06-21,28,Male,Ahmedabad,Direct,Premium
C04543,2024-11-25,35,Male,Delhi,Referral,Regular
C04544,2024-10-05,57,Female,Ahmedabad,YouTube,Budget
C04545,2025-10-12,33,Male,Jaipur,Instagram,Regular
C04546,2026-02-15,25,Female,Jaipur,Referral,Regular
C04547,2024-06-14,21,Female,Delhi,Referral,Regular
C04548,2023-10-11,36,Male,Lucknow,Organic Search,Budget
C04549,2023-11-13,18,Male,Hyderabad,YouTube,VIP
C04550,2024-07-26,41,Female,Bangalore,Referral,Regular
C04551,2026-06-28,48,Female,Chennai,Instagram,Regular
C04552,2026-07-15,31,Female,Pune,Referral,Budget
C04553,2023-12-12,46,Female,Chennai,Direct,Budget
C04554,2025-10-30,54,Male,Lucknow,YouTube,Budget
C04555,2025-04-01,50,Female,Mumbai,Instagram,Budget
C04556,2024-03-22,19,Female,Mumbai,Referral,Regular
C04557,2025-03-26,27,Female,Ahmedabad,Organic Search,Budget
C04558,2024-05-26,64,Female,Hyderabad,Google,Budget
C04559,2025-07-13,61,Female,Chennai,Direct,Premium
C04560,2024-03-11,19,Male,Jaipur,Direct,Regular
C04561,2025-11-26,34,Female,Hyderabad,YouTube,Regular
C04562,2024-11-25,49,Male,Mumbai,YouTube,Premium
C04563,2023-12-21,40,Male,Pune,Google,Budget
C04564,2025-07-27,26,Female,Lucknow,Direct,Premium
C04565,2024-09-23,19,Male,Jaipur,Direct,Regular
C04566,2025-01-11,28,Other,Jaipur,Organic Search,Premium
C04567,2025-08-26,48,Other,Jaipur,Referral,Regular
C04568,2026-04-21,31,Male,Chennai,Google,Premium
C04569,2024-02-26,51,Male,Mumbai,YouTube,Regular
C04570,2024-03-12,54,Female,Chennai,Referral,Regular
C04571,2024-11-10,57,Female,Lucknow,Organic Search,Budget
C04572,2024-08-31,60,Female,Mumbai,YouTube,Budget
C04573,2024-02-17,19,Male,Chennai,Organic Search,Regular
C04574,2026-08-26,37,Male,Lucknow,Instagram,Budget
C04575,2024-12-25,48,Female,Lucknow,Google,Premium
C04576,2024-09-17,61,Male,Hyderabad,Referral,Budget
C04577,2024-08-07,30,Male,Kolkata,Organic Search,Budget
C04578,2026-08-18,19,Female,Jaipur,YouTube,VIP
C04579,2024-08-17,31,Male,Delhi,Google,Regular
C04580,2024-10-08,44,Male,Mumbai,Instagram,Regular
C04581,2025-12-12,26,Female,Delhi,Organic Search,Budget
C04582,2024-12-11,42,Male,Kolkata,Google,Regular
C04583,2025-10-31,21,Female,Mumbai,Google,VIP
C04584,2025-06-24,26,Female,Bangalore,Instagram,Regular
C04585,2025-05-06,55,Female,Chennai,Google,VIP
C04586,2024-04-18,19,Female,Mumbai,Referral,Regular
C04587,2025-12-14,47,Female,Delhi,Instagram,Regular
C04588,2026-06-08,53,Female,Mumbai,Direct,VIP
C04589,2024-06-01,28,Male,Chennai,Organic Search,Premium
C04590,2026-07-16,52,Female,Jaipur,Google,Regular
C04591,2024-12-30,45,Female,Hyderabad,Organic Search,Budget
C04592,2024-11-05,46,Male,Jaipur,Google,Premium
C04593,2025-11-01,48,Male,Pune,Organic Search,Regular
C04594,2026-08-09,63,Female,Jaipur,Instagram,Premium
C04595,2025-06-10,23,Male,Delhi,Google,Budget
C04596,2025-03-17,58,Female,Lucknow,Instagram,Budget
C04597,2026-08-20,22,Other,Jaipur,YouTube,Regular
C04598,2024-07-23,21,Male,Mumbai,Instagram,Regular
C04599,2024-07-22,49,Male,Lucknow,Google,Regular
C04600,2024-04-27,22,Male,Jaipur,Referral,Regular
C04601,2026-03-22,29,Female,Chennai,Referral,Regular
C04602,2023-09-20,62,Female,Delhi,Referral,Regular
C04603,2026-02-13,45,Female,Hyderabad,Direct,Regular
C04604,2025-09-21,58,Male,Pune,Direct,Regular
C04605,2024-06-25,49,Male,Delhi,Instagram,Regular
C04606,2025-04-25,63,Other,Kolkata,YouTube,Regular
C04607,2025-04-28,58,Male,Pune,Referral,VIP
C04608,2026-06-07,25,Female,Kolkata,YouTube,Regular
C04609,2024-02-13,53,Male,Hyderabad,Google,Regular
C04610,2023-10-08,22,Male,Pune,Organic Search,Budget
C04611,2024-09-20,60,Male,Kolkata,Direct,Regular
C04612,2024-01-26,21,Female,Pune,Google,Regular
C04613,2024-10-03,26,Female,Kolkata,Google,Budget
C04614,2025-05-27,54,Female,Ahmedabad,Referral,Premium
C04615,2024-05-09,23,Other,Kolkata,Google,Regular
C04616,2026-02-01,49,Male,Jaipur,Direct,Budget
C04617,2023-12-06,35,Male,Pune,Google,Budget
C04618,2024-11-08,53,Female,Pune,Direct,Regular
C04619,2026-05-29,27,Female,Bangalore,Instagram,VIP
C04620,2025-11-09,48,Female,Lucknow,Referral,Regular
C04621,2025-10-29,43,Female,Hyderabad,Direct,Budget
C04622,2026-01-13,45,Male,Jaipur,Google,Premium
C04623,2024-03-04,35,Female,Jaipur,Organic Search,Budget
C04624,2026-02-17,60,Female,Delhi,Instagram,Premium
C04625,2025-09-21,56,Female,Jaipur,Referral,Budget
C04626,2025-05-20,53,Female,Bangalore,Google,Regular
C04627,2026-05-18,54,Female,Pune,Instagram,Regular
C04628,2025-06-10,30,Male,Mumbai,Direct,Regular
C04629,2024-07-22,50,Female,Pune,Instagram,Budget
C04630,2025-11-05,63,Male,Pune,Direct,Premium
C04631,2025-05-20,37,Male,Chennai,Organic Search,Regular
C04632,2023-11-22,45,Male,Mumbai,Google,Premium
C04633,2023-10-28,27,Male,Delhi,Organic Search,Regular
C04634,2025-12-19,49,Female,Bangalore,Referral,Regular
C04635,2024-09-12,51,Male,Lucknow,Google,Regular
C04636,2026-02-08,51,Female,Delhi,Instagram,Premium
C04637,2024-11-26,37,Other,Hyderabad,Direct,Budget
C04638,2026-04-05,19,Female,Mumbai,Direct,Regular
C04639,2026-04-07,64,Female,Delhi,Direct,Regular
C04640,2024-05-02,24,Male,Mumbai,Direct,Regular
C04641,2025-08-12,61,Male,Jaipur,Organic Search,Budget
C04642,2025-06-18,32,Female,Bangalore,Direct,Regular
C04643,2023-09-09,32,Male,Delhi,Instagram,Regular
C04644,2025-12-27,51,Female,Chennai,Direct,Regular
C04645,2024-10-20,49,Female,Jaipur,Google,Regular
C04646,2024-07-27,18,Female,Lucknow,Direct,Budget
C04647,2023-10-12,63,Male,Hyderabad,Instagram,Regular
C04648,2025-04-10,64,Female,Pune,Organic Search,Premium
C04649,2024-02-07,33,Female,Jaipur,Instagram,Regular
C04650,2025-02-28,58,Female,Jaipur,Referral,Regular
C04651,2024-04-25,29,Male,Bangalore,Direct,Premium
C04652,2023-10-22,59,Female,Ahmedabad,Google,Regular
C04653,2025-11-06,37,Male,Pune,Instagram,Regular
C04654,2024-10-31,46,Male,Hyderabad,Direct,Regular
C04655,2024-12-28,32,Male,Pune,Google,Regular
C04656,2025-06-10,22,Female,Bangalore,Organic Search,Budget
C04657,2025-03-03,63,Female,Mumbai,Instagram,VIP
C04658,2024-04-27,52,Female,Kolkata,Organic Search,Regular
C04659,2024-07-10,40,Male,Delhi,Direct,Budget
C04660,2024-11-02,22,Female,Mumbai,Organic Search,Budget
C04661,2024-01-19,43,Female,Ahmedabad,Google,Regular
C04662,2023-11-26,18,Female,Mumbai,Instagram,Regular
C04663,2025-05-15,38,Male,Lucknow,Google,Premium
C04664,2023-10-21,31,Male,Lucknow,YouTube,Premium
C04665,2024-11-07,29,Male,Bangalore,Organic Search,Regular
C04666,2023-11-29,59,Female,Pune,Google,Budget
C04667,2025-02-27,46,Male,Chennai,Google,Budget
C04668,2025-12-23,45,Male,Jaipur,Direct,Budget
C04669,2024-01-17,57,Female,Chennai,YouTube,Regular
C04670,2024-01-22,50,Female,Hyderabad,Google,Budget
C04671,2025-05-01,59,Female,Chennai,Direct,Regular
C04672,2025-02-12,27,Female,Hyderabad,Instagram,Premium
C04673,2025-08-11,60,Female,Chennai,Instagram,Regular
C04674,2024-03-29,30,Male,Delhi,Google,Premium
C04675,2025-07-03,31,Male,Pune,YouTube,Regular
C04676,2025-11-11,57,Female,Pune,Direct,Budget
C04677,2024-05-23,38,Male,Jaipur,Organic Search,Regular
C04678,2023-11-14,38,Female,Jaipur,Organic Search,Regular
C04679,2025-12-26,21,Male,Bangalore,Organic Search,Regular
C04680,2024-08-16,19,Female,Chennai,Direct,Regular
C04681,2026-06-05,49,Female,Lucknow,Instagram,VIP
C04682,2023-12-04,36,Female,Lucknow,Instagram,Premium
C04683,2025-09-02,56,Female,Pune,Instagram,Premium
C04684,2024-12-04,55,Female,Kolkata,Referral,Regular
C04685,2024-09-12,61,Male,Hyderabad,Organic Search,Regular
C04686,2024-08-13,57,Male,Hyderabad,Google,Regular
C04687,2025-06-08,39,Female,Mumbai,Google,Regular
C04688,2023-09-23,38,Male,Ahmedabad,Instagram,Budget
C04689,2024-07-27,21,Female,Chennai,Google,Regular
C04690,2026-08-14,58,Male,Pune,Direct,Premium
C04691,2025-07-03,60,Female,Jaipur,Google,Budget
C04692,2026-08-17,25,Male,Chennai,Instagram,Regular
C04693,2024-12-24,41,Male,Bangalore,Organic Search,Premium
C04694,2024-02-03,61,Male,Delhi,Referral,Regular
C04695,2023-10-16,31,Male,Lucknow,Referral,VIP
C04696,2026-02-09,22,Female,Jaipur,Instagram,Regular
C04697,2024-04-02,32,Female,Hyderabad,Instagram,VIP
C04698,2024-10-10,21,Male,Hyderabad,Google,Regular
C04699,2025-12-05,39,Female,Pune,Google,Regular
C04700,2026-03-19,24,Male,Lucknow,Google,Regular
C04701,2023-12-29,37,Male,Chennai,Direct,Regular
C04702,2023-10-26,52,Female,Hyderabad,YouTube,Premium
C04703,2026-07-03,35,Female,Ahmedabad,Instagram,Premium
C04704,2026-06-08,35,Male,Mumbai,Instagram,Regular
C04705,2026-04-06,26,Female,Jaipur,Organic Search,VIP
C04706,2026-02-11,24,Male,Mumbai,Organic Search,Regular
C04707,2023-09-12,51,Female,Ahmedabad,Google,Regular
C04708,2025-09-26,45,Male,Chennai,Instagram,Regular
C04709,2023-12-27,19,Male,Delhi,Google,Premium
C04710,2025-01-02,34,Female,Delhi,Instagram,Regular
C04711,2023-09-21,46,Other,Hyderabad,Direct,Regular
C04712,2024-04-13,21,Male,Jaipur,Organic Search,Regular
C04713,2025-04-08,51,Female,Ahmedabad,YouTube,VIP
C04714,2024-04-07,30,Female,Ahmedabad,Direct,Premium
C04715,2025-03-23,38,Female,Kolkata,Instagram,Budget
C04716,2024-06-06,60,Female,Bangalore,Referral,Budget
C04717,2025-02-07,18,Female,Delhi,YouTube,Budget
C04718,2025-11-04,40,Male,Jaipur,Instagram,Budget
C04719,2024-01-29,43,Female,Hyderabad,Direct,Regular
C04720,2025-10-01,44,Female,Bangalore,Direct,Regular
C04721,2023-09-17,35,Male,Ahmedabad,Google,Premium
C04722,2025-05-27,58,Female,Mumbai,YouTube,Budget
C04723,2025-08-24,54,Female,Lucknow,YouTube,Budget
C04724,2023-10-14,40,Female,Lucknow,Organic Search,Regular
C04725,2024-03-01,46,Male,Hyderabad,Google,Premium
C04726,2024-07-04,56,Female,Jaipur,Google,Regular
C04727,2026-01-08,40,Male,Pune,Instagram,Budget
C04728,2025-07-05,59,Female,Hyderabad,Instagram,Budget
C04729,2023-10-25,57,Female,Lucknow,Instagram,Regular
C04730,2025-08-14,51,Female,Pune,Direct,Budget
C04731,2023-09-06,28,Female,Lucknow,Referral,Regular
C04732,2024-10-26,28,Male,Bangalore,Direct,Regular
C04733,2024-06-20,19,Male,Pune,Instagram,Regular
C04734,2026-03-18,45,Male,Chennai,Direct,Budget
C04735,2025-08-20,28,Male,Delhi,Instagram,Budget
C04736,2026-04-01,31,Female,Chennai,Organic Search,Premium
C04737,2023-09-17,29,Female,Mumbai,Google,Regular
C04738,2026-04-04,30,Male,Bangalore,Google,Regular
C04739,2025-08-08,49,Male,Chennai,YouTube,Premium
C04740,2024-05-07,41,Female,Hyderabad,Instagram,VIP
C04741,2024-10-18,53,Male,Kolkata,Direct,Regular
C04742,2026-08-02,52,Female,Lucknow,Google,Budget
C04743,2023-12-15,26,Female,Hyderabad,Google,VIP
C04744,2024-08-07,54,Male,Kolkata,Organic Search,Regular
C04745,2026-04-03,49,Female,Kolkata,Referral,Budget
C04746,2025-04-01,43,Female,Pune,Instagram,Regular
C04747,2024-03-19,58,Male,Ahmedabad,Organic Search,Regular
C04748,2025-02-26,21,Female,Chennai,Direct,Regular
C04749,2025-01-10,31,Other,Lucknow,Referral,Budget
C04750,2026-06-08,61,Male,Chennai,Instagram,Regular
C04751,2023-09-20,49,Male,Chennai,Google,Budget
C04752,2024-05-25,43,Female,Chennai,Referral,Regular
C04753,2025-03-30,47,Male,Jaipur,Organic Search,VIP
C04754,2024-08-27,59,Male,Jaipur,Google,Regular
C04755,2024-11-01,63,Male,Lucknow,Direct,Regular
C04756,2024-02-16,50,Female,Hyderabad,Direct,Budget
C04757,2024-09-11,55,Male,Pune,Direct,Premium
C04758,2024-09-16,48,Female,Bangalore,Referral,Budget
C04759,2025-07-13,54,Male,Chennai,Direct,Regular
C04760,2024-05-12,54,Male,Bangalore,Referral,Regular
C04761,2026-08-04,40,Female,Ahmedabad,Google,VIP
C04762,2025-02-27,46,Male,Chennai,Referral,VIP
C04763,2026-02-02,49,Male,Chennai,Direct,Regular
C04764,2025-07-13,18,Female,Mumbai,Instagram,Regular
C04765,2026-04-17,58,Male,Jaipur,Instagram,Regular
C04766,2026-04-29,40,Male,Mumbai,Instagram,Budget
C04767,2026-02-06,23,Female,Jaipur,Instagram,Premium
C04768,2023-09-29,21,Female,Pune,Direct,Regular
C04769,2025-04-27,48,Male,Kolkata,Organic Search,Regular
C04770,2024-06-30,45,Female,Kolkata,Instagram,Premium
C04771,2024-02-10,47,Female,Pune,Google,Premium
C04772,2026-05-07,46,Female,Jaipur,Google,Regular
C04773,2025-08-16,57,Male,Mumbai,Instagram,Premium
C04774,2023-12-02,31,Male,Mumbai,YouTube,Budget
C04775,2024-10-19,18,Female,Kolkata,Direct,Regular
C04776,2026-07-15,46,Male,Hyderabad,Instagram,Premium
C04777,2025-06-29,29,Female,Hyderabad,Instagram,Budget
C04778,2025-07-13,49,Male,Bangalore,YouTube,Regular
C04779,2024-05-03,43,Male,Mumbai,Instagram,VIP
C04780,2024-05-17,38,Female,Mumbai,Direct,VIP
C04781,2024-02-11,53,Male,Ahmedabad,Organic Search,Budget
C04782,2026-07-26,29,Female,Bangalore,Organic Search,VIP
C04783,2026-05-21,62,Male,Ahmedabad,Google,VIP
C04784,2024-08-22,38,Male,Jaipur,Google,Budget
C04785,2025-04-13,34,Male,Ahmedabad,Google,Premium
C04786,2024-04-10,26,Female,Pune,Organic Search,Budget
C04787,2024-01-26,20,Male,Hyderabad,Instagram,Premium
C04788,2025-04-12,40,Male,Chennai,Instagram,VIP
C04789,2026-01-20,54,Female,Delhi,Referral,Budget
C04790,2026-03-30,27,Male,Pune,Instagram,Premium
C04791,2024-07-31,54,Female,Lucknow,YouTube,Regular
C04792,2025-10-08,54,Female,Delhi,YouTube,Regular
C04793,2025-03-24,32,Female,Delhi,YouTube,Premium
C04794,2024-01-23,41,Female,Ahmedabad,Organic Search,Premium
C04795,2026-08-23,39,Female,Kolkata,Organic Search,Regular
C04796,2026-08-01,39,Male,Delhi,Google,Budget
C04797,2024-02-03,56,Male,Mumbai,Organic Search,Budget
C04798,2026-06-15,58,Male,Ahmedabad,Instagram,Regular
C04799,2026-05-29,57,Male,Mumbai,YouTube,Premium
C04800,2024-08-09,30,Female,Pune,Referral,Budget
C04801,2025-04-29,36,Male,Chennai,YouTube,Regular
C04802,2026-07-02,57,Other,Jaipur,Referral,Budget
C04803,2024-01-04,19,Female,Pune,Direct,Budget
C04804,2024-08-10,64,Female,Bangalore,Referral,Budget
C04805,2026-04-18,59,Female,Delhi,Referral,Premium
C04806,2025-11-01,33,Female,Ahmedabad,Direct,Premium
C04807,2025-12-13,19,Female,Kolkata,Google,Regular
C04808,2026-04-18,21,Female,Delhi,Organic Search,Regular
C04809,2024-11-23,40,Female,Chennai,Direct,Budget
C04810,2024-11-20,30,Male,Bangalore,Google,Budget
C04811,2024-12-25,20,Female,Jaipur,Organic Search,Regular
C04812,2026-06-16,29,Female,Jaipur,Organic Search,Premium
C04813,2026-05-03,32,Female,Lucknow,Referral,Regular
C04814,2026-06-15,22,Male,Mumbai,Instagram,Budget
C04815,2024-06-23,52,Female,Ahmedabad,Direct,Regular
C04816,2025-12-28,48,Other,Pune,Google,Budget
C04817,2023-12-23,31,Female,Delhi,YouTube,Regular
C04818,2024-03-17,34,Male,Kolkata,Instagram,Regular
C04819,2025-12-10,19,Male,Kolkata,Instagram,Regular
C04820,2025-06-28,42,Female,Lucknow,Direct,Premium
C04821,2024-06-15,61,Female,Jaipur,Referral,Premium
C04822,2025-05-10,64,Female,Hyderabad,Google,Budget
C04823,2024-05-07,30,Male,Kolkata,Instagram,Premium
C04824,2024-05-08,63,Female,Jaipur,Google,Regular
C04825,2025-09-19,50,Male,Hyderabad,Instagram,Premium
C04826,2024-09-24,58,Female,Chennai,Instagram,VIP
C04827,2025-09-20,21,Male,Delhi,Google,Premium
C04828,2025-01-31,35,Male,Lucknow,Google,Premium
C04829,2025-02-28,53,Female,Ahmedabad,YouTube,Regular
C04830,2025-06-20,52,Female,Jaipur,Organic Search,Budget
C04831,2025-10-16,64,Female,Bangalore,YouTube,Regular
C04832,2024-10-10,58,Male,Kolkata,Google,Budget
C04833,2026-03-18,22,Female,Chennai,YouTube,Regular
C04834,2025-02-16,61,Male,Pune,Direct,Premium
C04835,2024-01-25,52,Male,Pune,Instagram,Regular
C04836,2024-03-26,46,Female,Pune,Google,Budget
C04837,2023-10-02,25,Male,Chennai,Google,Regular
C04838,2025-12-12,23,Male,Jaipur,Google,Regular
C04839,2023-09-13,20,Male,Mumbai,Instagram,Regular
C04840,2024-06-18,22,Male,Delhi,Instagram,Budget
C04841,2024-11-22,63,Female,Mumbai,Google,Regular
C04842,2025-11-18,60,Male,Jaipur,Instagram,Regular
C04843,2026-08-15,29,Other,Mumbai,Organic Search,Regular
C04844,2025-12-05,43,Female,Mumbai,Direct,Premium
C04845,2023-11-08,29,Female,Chennai,Organic Search,Premium
C04846,2026-06-09,50,Male,Kolkata,Referral,Regular
C04847,2026-08-12,55,Female,Hyderabad,Referral,Regular
C04848,2026-04-04,21,Female,Lucknow,Google,Regular
C04849,2025-02-14,21,Male,Mumbai,YouTube,Budget
C04850,2024-08-18,38,Male,Delhi,Referral,Regular
C04851,2025-01-10,36,Female,Delhi,Google,Regular
C04852,2024-05-24,38,Male,Hyderabad,Instagram,Premium
C04853,2024-11-13,59,Male,Hyderabad,Google,Regular
C04854,2023-10-12,54,Female,Delhi,Referral,VIP
C04855,2025-11-10,53,Male,Lucknow,Google,Regular
C04856,2024-10-17,36,Female,Mumbai,Google,Regular
C04857,2024-08-04,37,Male,Bangalore,Instagram,Regular
C04858,2025-06-28,36,Female,Delhi,Google,Regular
C04859,2025-11-18,58,Male,Chennai,Organic Search,Regular
C04860,2025-06-08,62,Female,Chennai,Direct,Regular
C04861,2025-03-25,56,Male,Chennai,Referral,Budget
C04862,2026-04-13,33,Male,Ahmedabad,Google,Premium
C04863,2026-01-06,63,Male,Hyderabad,Google,Budget
C04864,2025-03-20,38,Female,Delhi,YouTube,VIP
C04865,2025-01-03,23,Female,Delhi,YouTube,Budget
C04866,2026-02-19,30,Male,Bangalore,Referral,Regular
C04867,2023-10-13,23,Female,Bangalore,YouTube,Budget
C04868,2026-08-23,53,Female,Kolkata,Instagram,Regular
C04869,2025-03-18,29,Male,Mumbai,YouTube,Regular
C04870,2024-11-03,60,Male,Chennai,Direct,Budget
C04871,2025-11-10,40,Female,Ahmedabad,Referral,Premium
C04872,2025-04-30,59,Female,Kolkata,Instagram,Premium
C04873,2025-03-15,53,Male,Lucknow,Google,Regular
C04874,2025-07-19,28,Female,Delhi,Instagram,Budget
C04875,2023-10-21,53,Female,Chennai,Referral,Budget
C04876,2024-07-12,52,Male,Mumbai,YouTube,Premium
C04877,2024-11-06,58,Female,Chennai,Organic Search,VIP
C04878,2024-07-26,62,Male,Kolkata,Direct,Premium
C04879,2026-02-20,36,Male,Kolkata,YouTube,Regular
C04880,2025-01-14,28,Male,Bangalore,Direct,Regular
C04881,2024-12-03,55,Male,Jaipur,Google,Regular
C04882,2025-06-29,22,Male,Delhi,Organic Search,Regular
C04883,2023-10-26,46,Male,Mumbai,Direct,Regular
C04884,2025-03-16,39,Female,Ahmedabad,Instagram,Regular
C04885,2024-01-30,57,Female,Mumbai,Organic Search,Regular
C04886,2026-02-22,31,Female,Mumbai,Referral,Regular
C04887,2025-01-04,40,Male,Kolkata,Organic Search,VIP
C04888,2025-10-28,45,Female,Mumbai,Direct,Regular
C04889,2023-12-30,50,Female,Lucknow,Instagram,Budget
C04890,2025-12-28,27,Female,Jaipur,Google,VIP
C04891,2026-06-20,29,Female,Kolkata,YouTube,Regular
C04892,2025-09-28,18,Male,Mumbai,YouTube,Regular
C04893,2024-01-23,34,Female,Lucknow,Google,Regular
C04894,2024-11-23,37,Male,Pune,Instagram,Regular
C04895,2025-01-03,61,Male,Bangalore,Organic Search,Budget
C04896,2024-03-11,22,Female,Delhi,Direct,Regular
C04897,2025-06-04,53,Other,Chennai,Organic Search,VIP
C04898,2025-10-17,20,Female,Jaipur,Organic Search,Budget
C04899,2024-04-05,59,Female,Mumbai,Direct,Regular
C04900,2025-01-07,55,Female,Kolkata,Google,Regular
C04901,2024-05-28,20,Female,Jaipur,Google,Premium
C04902,2025-09-24,53,Female,Chennai,YouTube,Regular
C04903,2026-05-18,34,Female,Mumbai,Google,Budget
C04904,2026-01-16,47,Other,Delhi,Instagram,Premium
C04905,2025-10-23,57,Male,Delhi,YouTube,Budget
C04906,2024-01-10,21,Male,Kolkata,Referral,Budget
C04907,2023-12-31,42,Male,Mumbai,Instagram,Premium
C04908,2025-01-01,34,Male,Ahmedabad,Organic Search,Premium
C04909,2024-09-28,44,Male,Kolkata,Direct,VIP
C04910,2025-03-24,36,Male,Kolkata,Direct,Premium
C04911,2024-10-21,29,Male,Chennai,YouTube,Premium
C04912,2026-01-11,58,Female,Kolkata,Referral,Regular
C04913,2025-03-10,61,Male,Mumbai,YouTube,Premium
C04914,2026-07-03,50,Male,Kolkata,Direct,Regular
C04915,2024-10-16,39,Male,Hyderabad,Referral,Regular
C04916,2024-10-18,30,Female,Lucknow,Google,Budget
C04917,2025-12-17,46,Male,Kolkata,Google,Premium
C04918,2026-05-23,20,Female,Mumbai,YouTube,Premium
C04919,2025-05-08,54,Female,Ahmedabad,Instagram,Regular
C04920,2025-08-19,52,Other,Mumbai,YouTube,Budget
C04921,2024-02-08,34,Female,Delhi,Organic Search,Regular
C04922,2026-04-06,18,Female,Jaipur,Referral,Budget
C04923,2024-03-11,46,Other,Hyderabad,YouTube,Regular
C04924,2025-10-16,63,Male,Bangalore,Google,Regular
C04925,2024-11-29,20,Male,Lucknow,Instagram,Budget
C04926,2024-08-01,64,Female,Delhi,Instagram,Regular
C04927,2025-12-17,42,Male,Jaipur,Instagram,Regular
C04928,2024-12-29,35,Male,Ahmedabad,Referral,Premium
C04929,2025-07-14,50,Female,Ahmedabad,Google,Premium
C04930,2024-01-03,62,Female,Bangalore,Direct,Regular
C04931,2024-01-19,26,Female,Pune,Instagram,VIP
C04932,2024-04-06,30,Male,Chennai,Referral,Premium
C04933,2025-07-10,36,Male,Mumbai,YouTube,Premium
C04934,2024-05-31,19,Male,Chennai,Direct,Regular
C04935,2025-01-11,43,Male,Jaipur,Organic Search,Premium
C04936,2026-03-22,58,Male,Lucknow,Organic Search,Regular
C04937,2025-04-14,41,Male,Lucknow,Google,Regular
C04938,2023-09-03,20,Male,Mumbai,YouTube,Premium
C04939,2026-04-21,52,Male,Ahmedabad,Organic Search,Regular
C04940,2024-05-14,36,Male,Pune,YouTube,Premium
C04941,2025-06-03,33,Male,Hyderabad,Organic Search,Premium
C04942,2025-01-30,50,Male,Kolkata,Organic Search,VIP
C04943,2024-11-19,30,Male,Jaipur,Google,Premium
C04944,2023-11-23,61,Male,Delhi,Instagram,Regular
C04945,2025-06-15,31,Female,Chennai,Instagram,Regular
C04946,2024-05-22,53,Male,Jaipur,Organic Search,Budget
C04947,2025-04-18,35,Female,Delhi,Direct,Premium
C04948,2025-07-07,63,Female,Hyderabad,YouTube,Regular
C04949,2025-04-30,30,Male,Bangalore,YouTube,Regular
C04950,2026-02-17,49,Female,Ahmedabad,Instagram,Regular
C04951,2023-10-20,51,Male,Mumbai,Organic Search,Premium
C04952,2024-02-06,64,Other,Lucknow,Organic Search,Budget
C04953,2025-08-12,33,Female,Ahmedabad,Google,VIP
C04954,2023-10-07,62,Female,Jaipur,Google,Regular
C04955,2026-03-20,21,Female,Ahmedabad,Organic Search,Premium
C04956,2025-08-28,55,Female,Lucknow,Direct,Regular
C04957,2026-03-03,63,Female,Lucknow,Direct,Regular
C04958,2024-07-20,49,Female,Pune,Direct,Regular
C04959,2026-06-01,36,Male,Bangalore,Organic Search,Budget
C04960,2023-10-20,22,Other,Bangalore,Google,Regular
C04961,2024-11-26,29,Male,Kolkata,Organic Search,Regular
C04962,2024-03-10,64,Male,Chennai,Google,VIP
C04963,2025-09-02,50,Other,Hyderabad,Organic Search,Regular
C04964,2025-06-27,30,Male,Delhi,YouTube,VIP
C04965,2025-09-23,61,Female,Mumbai,Instagram,Budget
C04966,2025-06-10,28,Female,Pune,Organic Search,Budget
C04967,2026-01-06,30,Female,Pune,Google,Regular
C04968,2024-03-09,61,Male,Delhi,Instagram,Regular
C04969,2025-01-08,46,Male,Pune,Referral,Regular
C04970,2025-05-23,39,Male,Lucknow,Instagram,Budget
C04971,2026-06-13,38,Male,Lucknow,Direct,Premium
C04972,2023-12-08,59,Male,Pune,Instagram,VIP
C04973,2024-07-21,31,Female,Jaipur,Organic Search,VIP
C04974,2024-10-04,40,Female,Ahmedabad,Referral,Budget
C04975,2024-10-16,56,Male,Mumbai,Instagram,Premium
C04976,2023-11-10,35,Female,Ahmedabad,Organic Search,Premium
C04977,2024-12-08,36,Female,Chennai,Instagram,VIP
C04978,2025-04-22,32,Male,Kolkata,Instagram,Budget
C04979,2024-07-13,59,Male,Mumbai,Direct,Budget
C04980,2024-01-22,64,Male,Bangalore,YouTube,Regular
C04981,2025-09-27,38,Male,Lucknow,Direct,Regular
C04982,2024-06-23,23,Male,Jaipur,Referral,Budget
C04983,2025-03-27,38,Male,Chennai,Referral,Regular
C04984,2025-03-25,19,Female,Kolkata,Organic Search,Regular
C04985,2025-09-28,23,Female,Delhi,YouTube,Regular
C04986,2025-06-28,36,Female,Hyderabad,Instagram,Regular
C04987,2023-12-25,51,Male,Ahmedabad,Instagram,Budget
C04988,2025-11-04,26,Female,Pune,Direct,Regular
C04989,2025-07-17,59,Female,Lucknow,Instagram,Regular
C04990,2026-08-13,57,Female,Mumbai,Direct,Regular
C04991,2025-02-08,45,Female,Mumbai,YouTube,Budget
C04992,2025-09-20,18,Female,Bangalore,Google,Budget
C04993,2026-06-16,54,Female,Delhi,Organic Search,Regular
C04994,2026-08-12,40,Female,Pune,Direct,Premium
C04995,2024-07-07,21,Female,Ahmedabad,Instagram,Budget
C04996,2025-06-25,57,Female,Kolkata,Organic Search,Regular
C04997,2024-08-08,55,Male,Delhi,Organic Search,VIP
C04998,2025-03-25,63,Male,Chennai,Organic Search,Premium
C04999,2026-08-22,58,Other,Bangalore,Google,Budget
C05000,2024-09-18,39,Female,Jaipur,Instagram,Regular
C05001,2024-01-17,55,Female,Ahmedabad,Referral,Regular
C05002,2025-05-05,45,Female,Pune,Google,Premium
C05003,2025-03-19,55,Female,Delhi,Organic Search,Premium
C05004,2025-07-20,22,Female,Hyderabad,Instagram,Premium
C05005,2025-02-17,24,Male,Chennai,Referral,Regular
C05006,2024-03-12,45,Other,Delhi,Google,Regular
C05007,2025-06-25,27,Male,Mumbai,Organic Search,Regular
C05008,2025-10-12,25,Male,Ahmedabad,Google,Regular
C05009,2026-08-05,56,Male,Jaipur,Referral,Premium
C05010,2023-08-29,50,Female,Mumbai,Instagram,Budget
C05011,2023-09-23,37,Female,Lucknow,Google,Regular
C05012,2025-07-13,35,Female,Ahmedabad,Direct,VIP
C05013,2024-01-04,60,Female,Kolkata,YouTube,Premium
C05014,2026-03-14,30,Female,Jaipur,Google,Premium
C05015,2026-01-20,61,Male,Bangalore,Direct,Regular
C05016,2026-08-26,42,Female,Pune,Direct,Premium
C05017,2024-11-23,22,Female,Hyderabad,Google,Regular
C05018,2024-08-27,55,Female,Bangalore,Instagram,VIP
C05019,2025-05-03,38,Male,Hyderabad,Referral,Regular
C05020,2025-07-26,30,Male,Ahmedabad,Organic Search,Regular
C05021,2023-09-09,54,Male,Bangalore,Google,Regular
C05022,2024-04-04,24,Female,Delhi,Instagram,Premium
C05023,2024-07-01,56,Male,Ahmedabad,Google,Regular
C05024,2026-01-10,37,Other,Lucknow,Organic Search,Regular
C05025,2024-07-30,30,Male,Ahmedabad,Instagram,Premium
C05026,2025-03-05,44,Other,Lucknow,Referral,Regular
C05027,2024-08-17,22,Male,Chennai,Instagram,Regular
C05028,2023-09-03,30,Female,Jaipur,Instagram,Budget
C05029,2025-09-17,42,Female,Bangalore,Organic Search,Regular
C05030,2024-09-05,60,Female,Bangalore,Direct,Regular
C05031,2025-10-29,64,Female,Hyderabad,Google,VIP
C05032,2025-07-03,57,Male,Bangalore,Referral,Budget
C05033,2023-09-28,29,Female,Kolkata,Instagram,Budget
C05034,2024-03-07,57,Other,Kolkata,Organic Search,Budget
C05035,2024-08-24,47,Other,Kolkata,Google,Budget
C05036,2024-09-01,20,Female,Chennai,Instagram,Premium
C05037,2025-09-03,50,Female,Lucknow,Direct,VIP
C05038,2026-05-28,18,Male,Pune,Direct,Premium
C05039,2026-01-17,19,Male,Chennai,Instagram,Budget
C05040,2025-08-04,37,Female,Bangalore,Organic Search,Premium
C05041,2025-02-05,49,Female,Delhi,Direct,Budget
C05042,2025-07-15,20,Male,Bangalore,Organic Search,Regular
C05043,2026-05-01,55,Female,Bangalore,Google,Regular
C05044,2025-04-07,44,Male,Hyderabad,Google,Regular
C05045,2024-08-29,22,Male,Jaipur,Google,Regular
C05046,2026-01-03,57,Male,Delhi,YouTube,Premium
C05047,2024-11-23,18,Female,Lucknow,Direct,Premium
C05048,2025-11-18,33,Female,Lucknow,Direct,Regular
C05049,2026-02-28,58,Male,Mumbai,Organic Search,Premium
C05050,2024-07-21,23,Female,Delhi,Google,Budget
C05051,2025-10-30,33,Female,Pune,Referral,Budget
C05052,2024-08-07,32,Male,Lucknow,Google,Budget
C05053,2025-04-06,53,Male,Pune,Direct,Budget
C05054,2024-04-12,59,Male,Delhi,Google,Budget
C05055,2025-09-17,62,Male,Bangalore,Referral,Premium
C05056,2026-01-20,39,Male,Lucknow,Referral,Budget
C05057,2026-04-27,62,Female,Ahmedabad,Instagram,Regular
C05058,2024-09-18,61,Male,Pune,Google,Premium
C05059,2026-07-25,26,Male,Pune,Google,Premium
C05060,2024-06-30,37,Female,Kolkata,Organic Search,Premium
C05061,2023-10-01,54,Female,Jaipur,Referral,Premium
C05062,2026-08-10,30,Female,Ahmedabad,Organic Search,Regular
C05063,2025-07-14,60,Female,Delhi,Referral,VIP
C05064,2026-03-08,41,Male,Chennai,Instagram,Regular
C05065,2025-05-14,43,Female,Hyderabad,Direct,Regular
C05066,2024-10-27,26,Male,Lucknow,YouTube,Regular
C05067,2025-06-10,23,Male,Ahmedabad,YouTube,Regular
C05068,2026-04-01,18,Male,Delhi,Organic Search,Regular
C05069,2025-11-28,29,Male,Ahmedabad,Organic Search,Regular
C05070,2025-10-08,45,Male,Hyderabad,Organic Search,Regular
C05071,2024-08-06,62,Female,Kolkata,Referral,Regular
C05072,2023-10-01,20,Male,Chennai,Instagram,Budget
C05073,2024-11-23,60,Male,Chennai,YouTube,Regular
C05074,2025-02-22,46,Female,Bangalore,Referral,Budget
C05075,2024-05-14,42,Female,Mumbai,Referral,Premium
C05076,2025-01-04,26,Female,Hyderabad,Referral,Regular
C05077,2026-07-04,33,Female,Pune,Organic Search,Budget
C05078,2024-04-20,58,Male,Lucknow,Instagram,Budget
C05079,2024-07-24,33,Male,Lucknow,Organic Search,Premium
C05080,2023-12-29,32,Male,Pune,Instagram,Regular
C05081,2026-01-04,54,Male,Pune,Google,Regular
C05082,2025-12-27,22,Male,Lucknow,Referral,Budget
C05083,2026-05-25,41,Male,Delhi,Instagram,Regular
C05084,2024-12-26,26,Male,Hyderabad,Direct,Regular
C05085,2023-09-24,31,Female,Chennai,YouTube,Regular
C05086,2025-02-06,61,Female,Delhi,Referral,Budget
C05087,2025-02-26,18,Male,Kolkata,Direct,Regular
C05088,2024-03-23,51,Male,Hyderabad,Direct,VIP
C05089,2026-06-05,47,Female,Delhi,Instagram,Premium
C05090,2025-11-07,31,Male,Lucknow,Direct,Regular
C05091,2025-03-23,49,Male,Pune,Referral,VIP
C05092,2025-12-24,50,Female,Mumbai,Instagram,Budget
C05093,2024-02-01,34,Female,Hyderabad,Referral,Regular
C05094,2026-04-09,29,Male,Delhi,Google,Budget
C05095,2026-02-14,59,Male,Chennai,Google,Regular
C05096,2026-06-21,62,Female,Pune,Instagram,Regular
C05097,2025-09-07,30,Female,Lucknow,Google,Regular
C05098,2024-01-20,29,Female,Chennai,Organic Search,Budget
C05099,2025-10-30,27,Female,Pune,Direct,Regular
C05100,2025-01-12,24,Female,Bangalore,Instagram,Premium
C05101,2025-10-18,62,Female,Lucknow,Google,Regular
C05102,2025-03-22,57,Female,Jaipur,Google,Premium
C05103,2023-09-01,28,Female,Chennai,Google,Budget
C05104,2026-06-14,64,Male,Jaipur,Google,Regular
C05105,2025-09-19,59,Female,Pune,Instagram,Premium
C05106,2025-06-09,36,Other,Ahmedabad,Instagram,Premium
C05107,2023-12-01,62,Female,Delhi,Organic Search,Budget
C05108,2025-01-20,23,Male,Pune,Google,Regular
C05109,2023-10-17,26,Male,Ahmedabad,Organic Search,Premium
C05110,2025-03-20,54,Male,Bangalore,Google,VIP
C05111,2025-08-19,49,Male,Lucknow,Google,Premium
C05112,2024-08-04,51,Female,Bangalore,Instagram,Budget
C05113,2025-05-22,29,Male,Chennai,Organic Search,Premium
C05114,2024-08-04,50,Male,Bangalore,Referral,Regular
C05115,2026-05-01,29,Female,Hyderabad,YouTube,Premium
C05116,2024-08-13,29,Female,Delhi,Organic Search,Regular
C05117,2024-03-26,51,Male,Hyderabad,Organic Search,Budget
C05118,2024-06-26,19,Female,Jaipur,YouTube,Budget
C05119,2024-08-11,32,Male,Pune,Referral,Budget
C05120,2024-12-23,21,Male,Jaipur,Organic Search,Regular
C05121,2024-01-03,58,Female,Lucknow,Google,Regular
C05122,2024-02-07,52,Male,Jaipur,Google,Regular
C05123,2024-06-22,21,Female,Kolkata,Organic Search,Premium
C05124,2023-09-13,38,Male,Jaipur,Organic Search,Regular
C05125,2025-07-10,55,Female,Chennai,YouTube,Regular
C05126,2025-03-13,18,Female,Delhi,Instagram,Regular
C05127,2024-04-10,32,Female,Ahmedabad,Direct,Regular
C05128,2024-09-14,33,Male,Hyderabad,Google,Regular
C05129,2024-08-11,27,Female,Delhi,Referral,Premium
C05130,2024-01-30,47,Male,Ahmedabad,Instagram,Premium
C05131,2025-10-07,61,Male,Chennai,Instagram,Premium
C05132,2024-07-03,23,Female,Chennai,Direct,Premium
C05133,2024-05-22,34,Female,Chennai,Google,Regular
C05134,2023-11-14,29,Male,Jaipur,Instagram,Regular
C05135,2025-06-30,19,Female,Ahmedabad,Organic Search,Regular
C05136,2024-09-02,47,Female,Hyderabad,Google,Budget
C05137,2024-12-26,41,Female,Chennai,Google,Budget
C05138,2024-01-17,44,Male,Kolkata,Google,Budget
C05139,2025-01-24,41,Female,Kolkata,Google,Budget
C05140,2025-09-06,46,Male,Kolkata,Referral,Regular
C05141,2023-12-22,25,Female,Pune,YouTube,Regular
C05142,2023-10-25,54,Female,Lucknow,Google,Budget
C05143,2024-12-07,51,Male,Bangalore,Instagram,Regular
C05144,2024-03-11,54,Female,Bangalore,Google,Budget
C05145,2025-06-11,54,Female,Delhi,Referral,Budget
C05146,2025-06-07,46,Female,Delhi,Google,Regular
C05147,2026-03-01,63,Female,Delhi,Referral,Budget
C05148,2025-10-02,32,Male,Lucknow,Organic Search,Regular
C05149,2025-07-03,33,Male,Lucknow,Direct,Regular
C05150,2024-08-04,61,Female,Hyderabad,Instagram,VIP
C05151,2026-02-08,55,Female,Bangalore,Direct,Regular
C05152,2025-10-17,60,Female,Lucknow,Direct,Regular
C05153,2025-09-01,58,Female,Delhi,Google,Budget
C05154,2025-04-03,22,Other,Lucknow,Google,Premium
C05155,2026-07-30,45,Female,Hyderabad,YouTube,Regular
C05156,2025-12-03,38,Male,Mumbai,Referral,Regular
C05157,2025-01-19,60,Male,Chennai,Instagram,Premium
C05158,2024-01-19,51,Male,Mumbai,Direct,Budget
C05159,2026-02-03,35,Female,Jaipur,Instagram,Budget
C05160,2026-05-31,20,Male,Bangalore,Google,Premium
C05161,2025-01-22,64,Male,Mumbai,Direct,Regular
C05162,2025-01-08,28,Male,Ahmedabad,Organic Search,Budget
C05163,2025-09-16,41,Male,Delhi,Google,Premium
C05164,2025-10-14,34,Female,Bangalore,Google,VIP
C05165,2025-01-19,37,Male,Chennai,Referral,Budget
C05166,2024-05-07,32,Male,Jaipur,Instagram,Regular
C05167,2024-04-29,35,Female,Mumbai,Google,VIP
C05168,2026-03-28,51,Female,Bangalore,YouTube,Premium
C05169,2025-07-04,29,Female,Mumbai,YouTube,VIP
C05170,2026-05-24,60,Female,Bangalore,YouTube,Premium
C05171,2024-10-30,58,Other,Chennai,Instagram,Regular
C05172,2025-10-02,40,Male,Lucknow,Direct,Premium
C05173,2025-08-26,62,Male,Delhi,Direct,Budget
C05174,2026-01-08,59,Male,Bangalore,Google,Regular
C05175,2026-04-21,29,Female,Bangalore,YouTube,Budget
C05176,2025-01-05,33,Male,Mumbai,Referral,VIP
C05177,2023-09-30,32,Female,Jaipur,Referral,Budget
C05178,2025-01-29,29,Male,Ahmedabad,Direct,Budget
C05179,2024-09-16,61,Female,Hyderabad,Direct,Regular
C05180,2025-01-14,29,Male,Mumbai,Instagram,Budget
C05181,2024-03-02,21,Female,Lucknow,Instagram,Regular
C05182,2025-12-16,59,Male,Hyderabad,Google,Regular
C05183,2025-06-20,20,Female,Delhi,Direct,Premium
C05184,2024-01-14,55,Female,Bangalore,Instagram,Premium
C05185,2023-12-18,56,Male,Ahmedabad,Referral,Budget
C05186,2026-02-09,18,Female,Delhi,Instagram,Premium
C05187,2026-01-17,56,Female,Lucknow,Organic Search,Budget
C05188,2024-08-19,55,Female,Kolkata,Referral,Regular
C05189,2025-08-08,18,Female,Delhi,Organic Search,Regular
C05190,2026-01-12,53,Female,Bangalore,Google,Premium
C05191,2025-04-02,43,Female,Bangalore,Referral,Premium
C05192,2024-11-09,28,Female,Mumbai,Google,Budget
C05193,2024-11-23,55,Female,Pune,Referral,Budget
C05194,2025-07-08,20,Male,Pune,YouTube,Regular
C05195,2025-04-19,32,Female,Jaipur,Referral,Regular
C05196,2026-07-30,30,Male,Chennai,Organic Search,Regular
C05197,2024-10-21,34,Male,Bangalore,Instagram,Regular
C05198,2024-09-04,23,Female,Kolkata,Instagram,Premium
C05199,2026-02-05,50,Female,Chennai,Instagram,Premium
C05200,2025-06-05,43,Male,Hyderabad,Google,Regular
C05201,2026-01-03,43,Female,Bangalore,Instagram,Budget
C05202,2024-12-17,33,Male,Bangalore,Direct,VIP
C05203,2026-01-06,27,Female,Lucknow,Referral,Budget
C05204,2025-04-15,60,Male,Lucknow,Instagram,Regular
C05205,2024-05-12,31,Female,Mumbai,YouTube,Budget
C05206,2025-08-23,45,Female,Hyderabad,Google,Regular
C05207,2023-11-21,59,Other,Ahmedabad,Direct,Regular
C05208,2026-06-13,52,Male,Kolkata,Direct,Regular
C05209,2025-05-18,64,Male,Mumbai,Instagram,Regular
C05210,2025-02-11,27,Female,Bangalore,Organic Search,Budget
C05211,2025-06-07,43,Male,Ahmedabad,Referral,VIP
C05212,2025-01-16,27,Male,Ahmedabad,Google,Budget
C05213,2025-04-27,33,Other,Lucknow,Organic Search,Regular
C05214,2026-02-13,52,Female,Delhi,Organic Search,Premium
C05215,2024-03-08,33,Male,Chennai,Instagram,VIP
C05216,2026-07-10,52,Male,Lucknow,Organic Search,Regular
C05217,2023-11-12,47,Female,Ahmedabad,Organic Search,Budget
C05218,2023-12-25,32,Male,Bangalore,Instagram,Regular
C05219,2026-02-05,64,Female,Mumbai,Instagram,Budget
C05220,2025-12-20,31,Male,Hyderabad,Referral,Regular
C05221,2024-10-16,63,Other,Chennai,Instagram,Regular
C05222,2025-02-19,39,Male,Bangalore,Direct,Regular
C05223,2025-08-20,45,Female,Chennai,Google,Premium
C05224,2023-12-05,61,Female,Hyderabad,Instagram,Regular
C05225,2026-02-08,55,Other,Hyderabad,Google,VIP
C05226,2026-04-26,59,Female,Jaipur,Organic Search,VIP
C05227,2026-05-13,25,Female,Pune,Instagram,Budget
C05228,2025-07-25,33,Male,Delhi,YouTube,Budget
C05229,2023-08-28,19,Male,Mumbai,Google,Premium
C05230,2024-02-04,22,Male,Pune,Direct,Premium
C05231,2024-02-07,52,Female,Bangalore,Direct,Budget
C05232,2025-04-01,22,Female,Lucknow,Referral,Regular
C05233,2024-10-28,47,Female,Delhi,Direct,Budget
C05234,2025-05-22,55,Male,Hyderabad,Referral,Regular
C05235,2024-03-29,56,Male,Pune,Instagram,VIP
C05236,2025-09-12,26,Female,Hyderabad,Direct,Regular
C05237,2024-08-08,51,Male,Bangalore,YouTube,Premium
C05238,2025-05-14,43,Male,Ahmedabad,Referral,Premium
C05239,2026-05-24,43,Female,Mumbai,Instagram,Regular
C05240,2024-07-26,27,Other,Pune,Organic Search,Premium
C05241,2026-06-26,64,Other,Kolkata,Google,Regular
C05242,2024-12-16,54,Male,Ahmedabad,Google,Regular
C05243,2026-08-08,52,Female,Bangalore,Google,Regular
C05244,2024-09-08,34,Female,Jaipur,Referral,Premium
C05245,2023-12-03,62,Female,Hyderabad,Referral,Budget
C05246,2023-09-05,32,Female,Kolkata,Direct,Regular
C05247,2026-08-13,54,Male,Lucknow,Google,Budget
C05248,2024-11-13,31,Female,Hyderabad,Instagram,Budget
C05249,2024-01-14,55,Male,Hyderabad,Referral,Regular
C05250,2024-07-15,47,Male,Mumbai,Instagram,Regular
C05251,2024-10-05,47,Female,Hyderabad,Organic Search,Regular
C05252,2025-04-20,40,Male,Bangalore,Google,Regular
C05253,2023-10-25,57,Female,Mumbai,Instagram,Budget
C05254,2025-10-06,47,Female,Mumbai,Direct,Regular
C05255,2026-02-12,63,Male,Mumbai,Organic Search,Premium
C05256,2024-09-24,51,Female,Bangalore,Referral,Regular
C05257,2026-03-28,24,Female,Bangalore,Referral,VIP
C05258,2026-04-02,59,Other,Pune,Organic Search,VIP
C05259,2024-05-11,45,Male,Chennai,Instagram,Regular
C05260,2025-10-05,49,Male,Hyderabad,Direct,Budget
C05261,2024-11-02,40,Male,Pune,Organic Search,VIP
C05262,2024-08-10,20,Female,Jaipur,Google,Regular
C05263,2024-10-20,34,Female,Hyderabad,Direct,Regular
C05264,2024-10-19,42,Other,Pune,Instagram,Regular
C05265,2025-04-16,54,Male,Delhi,Organic Search,VIP
C05266,2025-08-23,37,Male,Chennai,Referral,Budget
C05267,2025-01-29,61,Male,Hyderabad,Referral,Premium
C05268,2024-03-21,22,Male,Chennai,Organic Search,Premium
C05269,2024-10-22,54,Male,Lucknow,Organic Search,Regular
C05270,2026-06-06,61,Male,Ahmedabad,Direct,Regular
C05271,2026-03-05,36,Other,Lucknow,Organic Search,Premium
C05272,2024-02-13,42,Female,Bangalore,YouTube,Budget
C05273,2026-08-25,54,Other,Jaipur,YouTube,Regular
C05274,2025-08-31,52,Male,Mumbai,Direct,Regular
C05275,2024-01-22,28,Female,Kolkata,YouTube,Budget
C05276,2023-11-14,28,Male,Chennai,YouTube,Budget
C05277,2023-09-14,38,Female,Jaipur,Google,Budget
C05278,2025-10-26,58,Male,Bangalore,Direct,Regular
C05279,2025-02-11,63,Female,Lucknow,Google,Budget
C05280,2024-12-18,26,Female,Hyderabad,Direct,Regular
C05281,2026-08-17,35,Male,Bangalore,Google,Budget
C05282,2023-11-28,52,Female,Chennai,Referral,VIP
C05283,2025-07-31,24,Female,Kolkata,Instagram,Budget
C05284,2024-11-25,25,Male,Kolkata,Referral,Regular
C05285,2025-01-08,19,Female,Lucknow,Instagram,Premium
C05286,2026-01-08,62,Male,Kolkata,Direct,Regular
C05287,2025-06-20,55,Female,Bangalore,Instagram,Regular
C05288,2024-12-06,30,Male,Chennai,Organic Search,Budget
C05289,2024-03-12,45,Male,Bangalore,Referral,Regular
C05290,2025-03-08,61,Male,Lucknow,Organic Search,Budget
C05291,2025-04-24,42,Female,Bangalore,YouTube,Budget
C05292,2025-01-02,52,Male,Kolkata,Google,Premium
C05293,2024-09-20,63,Female,Chennai,Organic Search,VIP
C05294,2024-03-18,34,Female,Ahmedabad,Google,Regular
C05295,2025-06-20,33,Female,Jaipur,Instagram,Regular
C05296,2025-05-22,31,Male,Kolkata,YouTube,Regular
C05297,2026-03-13,29,Male,Bangalore,Organic Search,Regular
C05298,2024-05-13,19,Male,Jaipur,Google,Budget
C05299,2025-02-27,56,Female,Bangalore,Referral,Regular
C05300,2024-11-20,28,Female,Hyderabad,Google,Regular
C05301,2025-04-17,49,Male,Lucknow,Referral,Premium
C05302,2024-10-03,55,Female,Hyderabad,Google,Regular
C05303,2026-08-04,58,Male,Bangalore,Organic Search,Regular
C05304,2025-05-11,52,Male,Chennai,Referral,Regular
C05305,2025-10-08,42,Male,Lucknow,Instagram,Regular
C05306,2023-12-30,46,Male,Kolkata,Instagram,Budget
C05307,2025-02-05,40,Female,Mumbai,Referral,Budget
C05308,2025-09-22,28,Male,Mumbai,Referral,Premium
C05309,2024-01-30,32,Male,Ahmedabad,Direct,Premium
C05310,2025-11-06,48,Male,Ahmedabad,Instagram,Regular
C05311,2026-08-10,40,Female,Kolkata,YouTube,Budget
C05312,2026-08-10,52,Female,Chennai,Google,Budget
C05313,2025-12-28,42,Female,Lucknow,Referral,Premium
C05314,2025-01-18,42,Male,Jaipur,Google,Regular
C05315,2023-11-21,43,Female,Pune,Direct,Regular
C05316,2026-04-29,48,Male,Hyderabad,Instagram,Regular
C05317,2023-12-02,32,Other,Ahmedabad,YouTube,Regular
C05318,2025-01-26,57,Male,Lucknow,Instagram,Budget
C05319,2025-11-17,64,Male,Pune,Google,Premium
C05320,2026-07-15,30,Male,Jaipur,Organic Search,Regular
C05321,2023-11-21,19,Male,Lucknow,Organic Search,Premium
C05322,2025-07-22,38,Female,Lucknow,Instagram,Regular
C05323,2026-01-18,33,Female,Kolkata,Referral,Premium
C05324,2024-08-04,46,Male,Pune,Google,Budget
C05325,2023-10-24,33,Other,Bangalore,Organic Search,Premium
C05326,2024-09-07,20,Female,Ahmedabad,YouTube,Budget
C05327,2025-12-28,22,Female,Mumbai,Organic Search,VIP
C05328,2025-01-22,57,Male,Mumbai,YouTube,Regular
C05329,2025-03-11,59,Male,Pune,Organic Search,Regular
C05330,2025-01-23,58,Male,Chennai,Organic Search,Regular
C05331,2025-11-09,42,Female,Hyderabad,Instagram,Regular
C05332,2024-12-01,46,Other,Ahmedabad,Referral,Premium
C05333,2026-07-15,30,Male,Ahmedabad,Google,VIP
C05334,2026-01-18,20,Male,Chennai,Instagram,Regular
C05335,2024-07-09,63,Female,Mumbai,Google,Regular
C05336,2023-10-05,18,Female,Chennai,Google,Budget
C05337,2026-06-04,63,Male,Chennai,Direct,Regular
C05338,2025-11-26,26,Female,Chennai,Referral,Regular
C05339,2025-11-01,27,Male,Ahmedabad,Direct,Premium
C05340,2025-05-06,40,Male,Mumbai,YouTube,Premium
C05341,2023-11-03,47,Male,Kolkata,Organic Search,Regular
C05342,2025-01-27,21,Male,Ahmedabad,Google,Budget
C05343,2024-02-29,23,Male,Ahmedabad,Direct,Regular
C05344,2023-10-23,41,Male,Jaipur,Instagram,Regular
C05345,2026-08-17,26,Male,Bangalore,Instagram,Budget
C05346,2026-01-30,21,Male,Ahmedabad,Referral,Budget
C05347,2025-07-12,49,Female,Pune,Direct,Regular
C05348,2024-07-07,38,Other,Bangalore,Google,Budget
C05349,2023-11-26,32,Female,Hyderabad,YouTube,Regular
C05350,2025-03-04,61,Female,Bangalore,YouTube,Budget
C05351,2026-03-18,38,Male,Mumbai,Referral,Budget
C05352,2024-06-27,25,Male,Ahmedabad,Organic Search,Premium
C05353,2024-01-20,24,Female,Kolkata,Instagram,Premium
C05354,2024-06-30,59,Female,Hyderabad,Direct,Regular
C05355,2026-03-25,59,Female,Lucknow,YouTube,Budget
C05356,2023-09-12,52,Female,Lucknow,Instagram,Regular
C05357,2023-12-28,29,Female,Jaipur,Instagram,Budget
C05358,2024-03-06,34,Female,Mumbai,Instagram,Budget
C05359,2025-06-06,20,Male,Kolkata,Organic Search,Budget
C05360,2024-02-09,33,Male,Mumbai,Direct,Regular
C05361,2024-12-29,61,Male,Kolkata,Referral,Regular
C05362,2026-01-29,20,Male,Kolkata,Google,Premium
C05363,2024-06-09,23,Male,Pune,YouTube,Budget
C05364,2025-10-04,27,Male,Hyderabad,Google,Regular
C05365,2025-02-09,36,Male,Hyderabad,Google,Premium
C05366,2026-01-20,46,Male,Chennai,Referral,Regular
C05367,2026-03-29,25,Female,Lucknow,Instagram,Regular
C05368,2024-09-06,35,Female,Pune,Referral,Budget
C05369,2023-11-28,20,Male,Lucknow,Direct,Premium
C05370,2024-02-02,63,Female,Pune,YouTube,Premium
C05371,2026-06-16,54,Male,Chennai,Organic Search,Budget
C05372,2024-02-12,49,Male,Ahmedabad,Referral,Budget
C05373,2025-02-21,23,Female,Lucknow,Organic Search,Regular
C05374,2026-08-20,44,Female,Delhi,Direct,Regular
C05375,2025-12-19,54,Male,Chennai,Direct,Budget
C05376,2024-05-14,41,Female,Mumbai,Organic Search,Budget
C05377,2024-12-22,49,Female,Jaipur,Organic Search,Premium
C05378,2025-07-26,31,Female,Hyderabad,Google,Regular
C05379,2024-04-15,20,Female,Kolkata,Organic Search,Budget
C05380,2025-11-09,48,Other,Mumbai,Direct,Budget
C05381,2024-09-09,54,Female,Mumbai,Instagram,Regular
C05382,2025-07-31,49,Male,Kolkata,Google,Budget
C05383,2025-12-03,19,Female,Pune,YouTube,Budget
C05384,2024-01-02,38,Male,Delhi,Direct,VIP
C05385,2024-02-27,60,Female,Pune,Referral,Budget
C05386,2024-11-07,33,Female,Jaipur,Instagram,Regular
C05387,2024-07-23,42,Male,Lucknow,Instagram,Premium
C05388,2025-11-22,39,Female,Bangalore,Google,Regular
C05389,2025-11-29,44,Female,Jaipur,Organic Search,Regular
C05390,2025-04-02,32,Female,Delhi,Google,Budget
C05391,2024-10-17,21,Female,Chennai,Instagram,Regular
C05392,2025-10-09,29,Male,Jaipur,Referral,Premium
C05393,2025-01-29,37,Male,Ahmedabad,Google,Regular
C05394,2024-02-03,57,Male,Ahmedabad,Instagram,Premium
C05395,2026-04-07,37,Male,Lucknow,Referral,Budget
C05396,2023-09-10,61,Female,Mumbai,Referral,Regular
C05397,2026-06-09,56,Female,Delhi,Direct,Regular
C05398,2024-12-31,56,Male,Delhi,YouTube,Budget
C05399,2025-09-09,22,Male,Ahmedabad,YouTube,Budget
C05400,2026-07-17,36,Female,Jaipur,Instagram,Premium
C05401,2025-09-14,44,Male,Lucknow,Google,Regular
C05402,2023-10-11,18,Female,Bangalore,Google,Premium
C05403,2026-05-29,35,Female,Ahmedabad,Instagram,Regular
C05404,2025-07-26,30,Male,Chennai,Google,Budget
C05405,2026-07-10,55,Female,Lucknow,Instagram,Budget
C05406,2024-12-13,50,Male,Pune,Google,Regular
C05407,2026-05-30,44,Male,Lucknow,Organic Search,Regular
C05408,2026-03-25,51,Female,Lucknow,Direct,VIP
C05409,2024-08-29,61,Female,Jaipur,Instagram,Regular
C05410,2024-06-15,51,Male,Kolkata,Organic Search,Budget
C05411,2023-12-13,63,Male,Delhi,Google,Budget
C05412,2025-08-14,21,Female,Pune,Direct,Budget
C05413,2024-10-29,25,Male,Hyderabad,Organic Search,Budget
C05414,2025-12-22,22,Male,Ahmedabad,Instagram,Premium
C05415,2025-11-26,54,Male,Pune,Organic Search,Regular
C05416,2025-11-09,63,Female,Pune,Direct,Regular
C05417,2025-06-03,36,Male,Lucknow,Direct,Premium
C05418,2024-03-28,20,Female,Ahmedabad,Referral,Premium
C05419,2024-08-31,61,Female,Lucknow,Organic Search,Budget
C05420,2025-09-22,30,Male,Pune,Instagram,Regular
C05421,2024-03-12,21,Female,Mumbai,Instagram,Premium
C05422,2025-04-19,41,Female,Mumbai,Google,Budget
C05423,2025-09-03,44,Male,Pune,Direct,Regular
C05424,2026-02-24,32,Male,Jaipur,Referral,VIP
C05425,2023-09-10,34,Male,Pune,Organic Search,Premium
C05426,2023-12-13,55,Male,Bangalore,Instagram,Budget
C05427,2023-12-19,33,Female,Ahmedabad,Direct,Budget
C05428,2024-12-28,64,Male,Kolkata,YouTube,Regular
C05429,2024-04-24,24,Other,Bangalore,Google,Regular
C05430,2024-07-03,31,Female,Bangalore,Instagram,Premium
C05431,2024-03-26,33,Male,Mumbai,Instagram,Budget
C05432,2023-09-22,41,Male,Lucknow,Organic Search,Premium
C05433,2023-12-06,19,Female,Jaipur,Instagram,Premium
C05434,2026-06-21,34,Male,Hyderabad,Direct,Regular
C05435,2025-08-16,47,Male,Delhi,Organic Search,Premium
C05436,2026-02-28,53,Female,Pune,Instagram,Budget
C05437,2026-07-04,31,Female,Lucknow,Organic Search,Regular
C05438,2025-07-27,58,Female,Ahmedabad,Google,Premium
C05439,2025-10-12,37,Female,Jaipur,Google,Regular
C05440,2024-01-06,21,Female,Lucknow,Instagram,Premium
C05441,2026-03-23,56,Male,Lucknow,Google,Premium
C05442,2024-01-17,19,Female,Hyderabad,Referral,Regular
C05443,2025-08-16,22,Male,Lucknow,Organic Search,Budget
C05444,2026-05-10,62,Male,Pune,Organic Search,Premium
C05445,2025-05-09,60,Female,Delhi,Organic Search,Regular
C05446,2026-07-23,34,Male,Pune,Instagram,Premium
C05447,2026-05-06,43,Female,Pune,Referral,Budget
C05448,2025-09-28,41,Male,Jaipur,Instagram,Regular
C05449,2024-05-31,26,Other,Kolkata,Instagram,Regular
C05450,2025-01-20,58,Female,Kolkata,Organic Search,VIP
C05451,2026-06-19,43,Male,Delhi,Referral,Budget
C05452,2025-07-28,61,Male,Pune,Google,Budget
C05453,2026-06-04,45,Female,Bangalore,YouTube,VIP
C05454,2024-06-25,49,Female,Ahmedabad,Google,Premium
C05455,2024-12-07,47,Male,Delhi,Google,Premium
C05456,2026-05-14,55,Male,Hyderabad,YouTube,Premium
C05457,2025-12-18,63,Female,Lucknow,Instagram,Budget
C05458,2024-08-16,53,Female,Mumbai,Instagram,Premium
C05459,2024-02-21,33,Female,Ahmedabad,Organic Search,Regular
C05460,2023-11-17,22,Other,Kolkata,Direct,Budget
C05461,2025-12-26,53,Male,Delhi,Referral,Regular
C05462,2024-10-20,28,Male,Mumbai,Instagram,Regular
C05463,2024-08-26,32,Female,Lucknow,Instagram,Premium
C05464,2023-11-01,60,Female,Chennai,Organic Search,Budget
C05465,2026-07-10,54,Other,Lucknow,Google,Budget
C05466,2024-06-13,43,Male,Hyderabad,Organic Search,Regular
C05467,2024-12-22,40,Male,Lucknow,Instagram,Regular
C05468,2025-02-16,46,Female,Lucknow,Google,Regular
C05469,2026-06-10,22,Male,Chennai,Organic Search,Budget
C05470,2025-06-26,56,Male,Ahmedabad,YouTube,Regular
C05471,2024-03-10,45,Female,Hyderabad,Organic Search,Regular
C05472,2025-02-17,22,Male,Jaipur,YouTube,Regular
C05473,2024-02-01,34,Male,Lucknow,YouTube,Regular
C05474,2025-12-17,48,Male,Jaipur,Referral,Regular
C05475,2024-04-23,61,Female,Lucknow,Organic Search,Regular
C05476,2025-08-02,62,Male,Lucknow,YouTube,Budget
C05477,2026-05-24,33,Female,Pune,Google,Premium
C05478,2025-10-20,20,Female,Bangalore,Direct,VIP
C05479,2023-12-19,36,Male,Chennai,Google,Budget
C05480,2023-11-15,52,Female,Lucknow,Referral,Regular
C05481,2025-05-15,34,Male,Delhi,Direct,Regular
C05482,2024-05-28,50,Female,Kolkata,Instagram,VIP
C05483,2024-12-28,43,Male,Mumbai,Instagram,Regular
C05484,2026-05-06,43,Male,Jaipur,Direct,Regular
C05485,2024-02-07,24,Female,Delhi,Referral,VIP
C05486,2025-07-29,31,Female,Jaipur,Instagram,Premium
C05487,2026-06-15,61,Female,Pune,Direct,Budget
C05488,2025-08-25,57,Male,Chennai,Referral,Regular
C05489,2024-06-15,30,Male,Lucknow,Organic Search,Premium
C05490,2025-10-03,48,Male,Ahmedabad,YouTube,VIP
C05491,2026-05-15,64,Male,Jaipur,YouTube,Premium
C05492,2025-05-18,35,Female,Bangalore,Instagram,VIP
C05493,2025-03-14,49,Female,Jaipur,Instagram,Regular
C05494,2026-06-23,42,Female,Delhi,Instagram,Premium
C05495,2025-02-15,20,Female,Pune,Organic Search,Regular
C05496,2024-12-17,49,Female,Ahmedabad,Organic Search,Regular
C05497,2026-03-10,23,Female,Kolkata,Referral,Budget
C05498,2025-12-30,33,Male,Mumbai,Organic Search,Budget
C05499,2026-01-04,19,Female,Ahmedabad,YouTube,Budget
C05500,2025-04-10,38,Male,Bangalore,Referral,Regular
C05501,2023-08-31,63,Female,Hyderabad,Google,Regular
C05502,2026-07-08,40,Female,Lucknow,Instagram,Regular
C05503,2026-02-09,35,Female,Pune,Instagram,Regular
C05504,2025-02-06,36,Other,Hyderabad,Referral,Budget
C05505,2025-05-10,29,Male,Kolkata,Direct,Regular
C05506,2026-06-17,62,Female,Hyderabad,Google,VIP
C05507,2024-09-24,23,Male,Bangalore,Organic Search,VIP
C05508,2025-09-13,58,Female,Mumbai,Instagram,Premium
C05509,2024-11-09,40,Female,Hyderabad,Referral,Regular
C05510,2025-07-20,22,Male,Pune,Direct,Budget
C05511,2026-07-13,38,Other,Ahmedabad,Google,Budget
C05512,2023-12-05,51,Female,Bangalore,Organic Search,Premium
C05513,2025-04-04,41,Female,Chennai,Organic Search,Regular
C05514,2026-07-16,18,Male,Chennai,Instagram,Regular
C05515,2023-11-24,18,Male,Hyderabad,Organic Search,Budget
C05516,2025-01-12,47,Female,Chennai,Organic Search,Regular
C05517,2025-12-15,56,Other,Pune,Direct,Regular
C05518,2025-08-06,60,Female,Jaipur,Direct,Regular
C05519,2024-03-08,28,Male,Mumbai,Organic Search,Budget
C05520,2023-10-10,49,Male,Bangalore,Google,Regular
C05521,2024-10-22,62,Female,Hyderabad,Google,Budget
C05522,2024-03-24,34,Male,Delhi,Organic Search,Budget
C05523,2025-09-28,31,Male,Chennai,Organic Search,Regular
C05524,2026-05-06,20,Female,Mumbai,Google,Budget
C05525,2025-07-19,25,Male,Ahmedabad,Referral,Premium
C05526,2024-09-24,50,Male,Mumbai,YouTube,Regular
C05527,2023-11-29,31,Male,Chennai,Google,Premium
C05528,2025-07-21,33,Female,Hyderabad,Referral,Regular
C05529,2025-11-10,26,Female,Ahmedabad,YouTube,Regular
C05530,2024-01-28,58,Male,Delhi,Referral,Premium
C05531,2024-03-26,40,Other,Pune,Google,Budget
C05532,2025-10-24,62,Other,Ahmedabad,Organic Search,Budget
C05533,2025-06-07,26,Male,Pune,YouTube,Regular
C05534,2025-02-14,32,Female,Pune,Instagram,Regular
C05535,2023-11-05,50,Male,Jaipur,Instagram,Premium
C05536,2025-04-11,56,Male,Lucknow,Referral,Budget
C05537,2024-07-30,20,Female,Ahmedabad,Referral,Budget
C05538,2025-04-04,57,Male,Pune,Referral,Budget
C05539,2026-02-27,55,Female,Mumbai,Instagram,Regular
C05540,2025-01-01,37,Female,Kolkata,Direct,Regular
C05541,2026-08-23,23,Female,Lucknow,Referral,Budget
C05542,2023-10-07,50,Female,Ahmedabad,Organic Search,Regular
C05543,2023-10-28,43,Male,Pune,Organic Search,Regular
C05544,2026-01-07,21,Male,Lucknow,Direct,Budget
C05545,2023-10-13,39,Male,Ahmedabad,YouTube,Regular
C05546,2024-01-04,42,Female,Chennai,Organic Search,Premium
C05547,2026-01-28,40,Male,Lucknow,Organic Search,Premium
C05548,2025-08-28,39,Male,Delhi,Instagram,Budget
C05549,2025-01-11,59,Female,Lucknow,Instagram,VIP
C05550,2025-09-09,49,Female,Hyderabad,Organic Search,Regular
C05551,2026-04-12,50,Male,Lucknow,Organic Search,Premium
C05552,2024-02-07,48,Male,Hyderabad,YouTube,Premium
C05553,2025-05-23,54,Female,Kolkata,Instagram,Budget
C05554,2026-06-06,58,Male,Mumbai,Direct,Regular
C05555,2023-10-07,43,Female,Hyderabad,Instagram,Regular
C05556,2024-01-30,45,Female,Mumbai,Referral,Regular
C05557,2025-08-13,34,Female,Chennai,Organic Search,Regular
C05558,2025-01-25,43,Female,Mumbai,Direct,Budget
C05559,2026-05-30,32,Male,Chennai,Instagram,Regular
C05560,2023-10-17,36,Male,Mumbai,Referral,VIP
C05561,2025-10-04,40,Male,Chennai,Google,Premium
C05562,2024-01-18,27,Male,Jaipur,Google,Regular
C05563,2024-03-03,49,Male,Mumbai,Instagram,Premium
C05564,2023-10-21,30,Female,Chennai,Direct,Budget
C05565,2024-07-29,19,Male,Chennai,Organic Search,VIP
C05566,2026-01-13,59,Male,Hyderabad,Organic Search,Regular
C05567,2025-01-08,63,Female,Delhi,Direct,Premium
C05568,2024-03-02,38,Male,Kolkata,YouTube,Regular
C05569,2025-06-05,26,Female,Pune,Organic Search,Regular
C05570,2026-02-09,21,Male,Ahmedabad,Google,Regular
C05571,2023-12-22,52,Male,Kolkata,Instagram,VIP
C05572,2025-02-22,36,Female,Ahmedabad,YouTube,Regular
C05573,2026-01-19,57,Male,Ahmedabad,Organic Search,Regular
C05574,2024-04-25,58,Male,Bangalore,Google,Budget
C05575,2026-01-25,27,Male,Pune,Direct,Budget
C05576,2024-12-07,49,Female,Hyderabad,Direct,Regular
C05577,2026-02-02,36,Female,Bangalore,Direct,VIP
C05578,2026-08-08,24,Male,Ahmedabad,Referral,Premium
C05579,2025-09-09,50,Female,Bangalore,Referral,Regular
C05580,2024-08-17,25,Male,Lucknow,Instagram,Regular
C05581,2026-08-01,52,Female,Ahmedabad,Direct,Regular
C05582,2025-05-20,42,Male,Kolkata,Direct,Regular
C05583,2024-01-25,45,Female,Ahmedabad,Direct,Budget
C05584,2026-03-01,35,Female,Bangalore,Instagram,Regular
C05585,2026-01-13,43,Female,Chennai,Direct,Regular
C05586,2025-12-12,47,Male,Bangalore,Instagram,Regular
C05587,2025-06-08,41,Male,Chennai,Referral,Budget
C05588,2024-08-29,48,Female,Pune,Direct,Regular
C05589,2024-01-07,21,Female,Kolkata,Organic Search,Budget
C05590,2024-01-29,60,Female,Jaipur,Direct,Regular
C05591,2024-11-25,32,Male,Hyderabad,Referral,Budget
C05592,2025-09-29,40,Male,Jaipur,Organic Search,VIP
C05593,2025-04-25,52,Male,Jaipur,Referral,Regular
C05594,2024-12-20,47,Male,Jaipur,Organic Search,Regular
C05595,2026-06-07,20,Male,Kolkata,Google,Budget
C05596,2023-10-11,34,Male,Ahmedabad,Direct,VIP
C05597,2023-12-15,55,Male,Kolkata,Instagram,Premium
C05598,2026-03-13,22,Male,Pune,Referral,Budget
C05599,2025-06-29,25,Female,Hyderabad,Organic Search,Premium
C05600,2025-12-27,40,Female,Hyderabad,YouTube,Regular
C05601,2023-09-14,29,Other,Pune,Organic Search,Regular
C05602,2025-02-11,34,Male,Mumbai,Google,Budget
C05603,2023-09-03,26,Male,Hyderabad,Instagram,Regular
C05604,2024-03-11,20,Female,Jaipur,Organic Search,Premium
C05605,2023-12-03,43,Male,Mumbai,Instagram,Regular
C05606,2025-08-11,58,Female,Bangalore,Referral,Regular
C05607,2026-04-26,59,Male,Kolkata,Referral,Budget
C05608,2024-11-26,63,Male,Jaipur,Google,Regular
C05609,2026-01-28,30,Female,Kolkata,Google,Premium
C05610,2025-12-21,27,Other,Delhi,Organic Search,Premium
C05611,2025-09-24,24,Female,Chennai,Organic Search,Premium
C05612,2024-04-09,53,Female,Pune,Google,Premium
C05613,2025-07-29,25,Male,Delhi,Organic Search,Regular
C05614,2025-03-23,55,Other,Lucknow,Google,Regular
C05615,2024-11-21,42,Male,Hyderabad,Google,Regular
C05616,2026-06-21,35,Male,Chennai,Referral,Budget
C05617,2025-06-27,29,Female,Ahmedabad,Referral,Regular
C05618,2023-10-08,29,Male,Jaipur,Google,Budget
C05619,2024-03-12,34,Male,Ahmedabad,Organic Search,Premium
C05620,2025-02-25,46,Male,Delhi,Instagram,Regular
C05621,2026-07-04,35,Male,Ahmedabad,Referral,Regular
C05622,2025-07-15,19,Male,Pune,Instagram,Regular
C05623,2026-01-01,49,Male,Mumbai,Google,Regular
C05624,2024-09-12,58,Female,Lucknow,Google,Budget
C05625,2023-09-02,29,Female,Chennai,Google,VIP
C05626,2024-05-12,59,Female,Hyderabad,Organic Search,Premium
C05627,2024-01-03,25,Female,Mumbai,Organic Search,Budget
C05628,2025-03-31,30,Female,Kolkata,Google,Budget
C05629,2023-12-10,20,Male,Ahmedabad,Instagram,Premium
C05630,2024-09-27,59,Female,Delhi,Google,Premium
C05631,2025-12-09,64,Male,Jaipur,Direct,Premium
C05632,2025-04-10,59,Male,Bangalore,Instagram,Regular
C05633,2024-04-24,38,Male,Hyderabad,Instagram,Budget
C05634,2025-12-19,57,Male,Ahmedabad,Organic Search,Budget
C05635,2025-08-19,18,Female,Mumbai,Direct,Regular
C05636,2024-06-25,28,Male,Bangalore,Organic Search,Regular
C05637,2024-03-27,57,Male,Bangalore,Organic Search,Budget
C05638,2026-01-17,20,Male,Mumbai,Organic Search,Premium
C05639,2025-09-17,62,Female,Kolkata,Google,Budget
C05640,2026-07-24,55,Female,Pune,Organic Search,Regular
C05641,2025-01-28,54,Male,Ahmedabad,Google,Budget
C05642,2024-03-08,24,Other,Delhi,Referral,Premium
C05643,2025-08-31,20,Female,Ahmedabad,Google,Regular
C05644,2023-10-14,49,Female,Jaipur,Organic Search,Premium
C05645,2025-08-03,40,Female,Chennai,Google,Premium
C05646,2024-07-05,62,Female,Pune,Google,Regular
C05647,2024-12-16,52,Female,Delhi,Google,Premium
C05648,2024-08-28,47,Male,Lucknow,Instagram,Regular
C05649,2026-01-26,39,Female,Lucknow,Organic Search,Regular
C05650,2025-12-06,23,Male,Pune,Organic Search,Regular
C05651,2023-10-14,27,Male,Pune,Instagram,Regular
C05652,2025-11-16,24,Male,Delhi,Organic Search,Regular
C05653,2026-06-06,36,Female,Mumbai,Google,VIP
C05654,2024-03-07,49,Female,Hyderabad,Direct,VIP
C05655,2026-01-04,45,Male,Pune,Direct,Budget
C05656,2025-02-09,34,Female,Chennai,Google,Regular
C05657,2024-01-02,39,Female,Delhi,YouTube,Regular
C05658,2026-05-05,34,Female,Chennai,Google,Regular
C05659,2025-10-26,38,Male,Ahmedabad,Instagram,Premium
C05660,2025-06-07,28,Other,Lucknow,Organic Search,Premium
C05661,2024-08-19,57,Female,Hyderabad,Organic Search,Regular
C05662,2024-04-01,61,Male,Pune,Instagram,Budget
C05663,2025-09-07,19,Female,Jaipur,Organic Search,Premium
C05664,2024-08-18,35,Male,Jaipur,Instagram,Regular
C05665,2025-12-28,47,Female,Mumbai,Referral,Regular
C05666,2024-08-19,46,Female,Chennai,Instagram,Regular
C05667,2023-12-13,19,Female,Jaipur,Instagram,Regular
C05668,2025-11-13,21,Male,Hyderabad,Google,Budget
C05669,2026-04-07,42,Female,Ahmedabad,Organic Search,Premium
C05670,2024-10-12,60,Male,Ahmedabad,Referral,Regular
C05671,2024-04-25,30,Male,Hyderabad,Referral,Regular
C05672,2025-01-25,28,Male,Pune,Instagram,Regular
C05673,2025-02-08,37,Female,Jaipur,Instagram,Premium
C05674,2026-04-29,44,Male,Kolkata,YouTube,Regular
C05675,2024-02-02,35,Female,Kolkata,Referral,VIP
C05676,2026-06-09,43,Female,Kolkata,Google,Regular
C05677,2025-01-07,38,Male,Mumbai,Instagram,Budget
C05678,2024-10-25,47,Male,Jaipur,Direct,Budget
C05679,2024-01-24,46,Male,Delhi,Organic Search,Premium
C05680,2025-10-24,37,Female,Lucknow,Referral,Regular
C05681,2025-07-20,22,Female,Delhi,Google,Regular
C05682,2026-08-01,35,Male,Lucknow,Google,Premium
C05683,2024-04-05,64,Female,Lucknow,Google,Regular
C05684,2024-01-14,62,Female,Jaipur,Google,Regular
C05685,2025-09-24,44,Male,Kolkata,Referral,Budget
C05686,2023-11-01,19,Male,Kolkata,Google,Regular
C05687,2024-01-24,24,Female,Mumbai,Google,Premium
C05688,2026-03-18,44,Female,Delhi,Google,Budget
C05689,2025-01-11,19,Other,Delhi,Instagram,Regular
C05690,2024-03-02,39,Male,Kolkata,Organic Search,Budget
C05691,2024-09-07,51,Female,Ahmedabad,Direct,Budget
C05692,2026-04-25,64,Female,Pune,Google,Premium
C05693,2025-06-19,41,Female,Kolkata,Instagram,Regular
C05694,2026-01-09,46,Male,Hyderabad,Direct,Premium
C05695,2025-07-27,42,Female,Ahmedabad,Direct,Budget
C05696,2025-06-28,58,Female,Kolkata,Google,Regular
C05697,2024-03-01,31,Male,Chennai,Google,Regular
C05698,2026-07-26,31,Male,Lucknow,Organic Search,Premium
C05699,2026-03-22,19,Male,Delhi,Organic Search,Regular
C05700,2023-11-30,24,Female,Mumbai,Organic Search,Premium
C05701,2026-03-24,60,Male,Chennai,Google,VIP
C05702,2025-02-14,44,Other,Bangalore,Google,Regular
C05703,2026-08-23,44,Male,Ahmedabad,Google,Regular
C05704,2025-06-06,24,Male,Hyderabad,Instagram,Regular
C05705,2026-03-02,37,Female,Delhi,Organic Search,Regular
C05706,2024-06-28,56,Male,Bangalore,Referral,Budget
C05707,2025-11-05,59,Other,Pune,Organic Search,Regular
C05708,2025-11-11,25,Male,Bangalore,Organic Search,Regular
C05709,2024-05-24,27,Female,Pune,Instagram,Regular
C05710,2024-08-20,59,Female,Hyderabad,Organic Search,Regular
C05711,2025-05-24,24,Female,Ahmedabad,Google,Regular
C05712,2026-05-01,20,Female,Chennai,Direct,Budget
C05713,2025-06-06,63,Female,Lucknow,YouTube,Regular
C05714,2024-02-07,46,Female,Delhi,Google,Premium
C05715,2025-05-17,52,Other,Kolkata,Google,Budget
C05716,2023-09-02,44,Female,Bangalore,Instagram,Premium
C05717,2026-08-06,38,Female,Bangalore,Google,Regular
C05718,2023-10-10,29,Male,Chennai,Organic Search,Regular
C05719,2025-01-24,27,Male,Delhi,Direct,Premium
C05720,2025-12-17,63,Male,Kolkata,Google,Premium
C05721,2023-10-03,33,Male,Chennai,Referral,Budget
C05722,2025-04-01,30,Male,Mumbai,Instagram,Premium
C05723,2025-02-03,59,Male,Mumbai,Organic Search,Regular
C05724,2026-01-18,49,Other,Bangalore,Instagram,Regular
C05725,2026-02-13,43,Female,Chennai,Direct,Budget
C05726,2025-01-04,51,Female,Mumbai,Instagram,Premium
C05727,2024-05-17,45,Male,Pune,Direct,Regular
C05728,2025-05-01,39,Male,Delhi,Direct,Budget
C05729,2023-09-10,57,Female,Bangalore,Google,Regular
C05730,2025-11-07,20,Male,Pune,Organic Search,Regular
C05731,2026-07-04,31,Male,Delhi,Google,Regular
C05732,2024-01-20,34,Male,Ahmedabad,Instagram,Regular
C05733,2024-07-17,44,Female,Jaipur,Organic Search,Regular
C05734,2025-08-06,38,Female,Jaipur,Organic Search,Regular
C05735,2023-12-05,33,Male,Chennai,Instagram,Regular
C05736,2025-02-03,30,Male,Kolkata,Direct,Regular
C05737,2024-07-27,52,Female,Chennai,Google,Regular
C05738,2025-10-06,31,Male,Chennai,Organic Search,Regular
C05739,2026-03-25,43,Female,Pune,Google,Premium
C05740,2025-11-24,37,Male,Kolkata,Organic Search,Regular
C05741,2023-09-23,52,Female,Jaipur,Instagram,Regular
C05742,2025-01-07,51,Male,Bangalore,Instagram,Regular
C05743,2025-12-20,43,Female,Hyderabad,YouTube,Regular
C05744,2026-04-12,19,Female,Delhi,Google,Premium
C05745,2024-11-14,36,Male,Hyderabad,Referral,Regular
C05746,2026-01-09,34,Male,Lucknow,Organic Search,Regular
C05747,2024-10-06,43,Male,Hyderabad,Organic Search,Regular
C05748,2025-01-17,53,Other,Kolkata,Direct,Premium
C05749,2025-07-22,41,Male,Jaipur,Google,Budget
C05750,2026-03-27,61,Female,Mumbai,Google,Premium
C05751,2023-11-13,58,Male,Lucknow,Direct,Regular
C05752,2026-05-03,62,Other,Delhi,Instagram,Budget
C05753,2024-08-26,56,Male,Chennai,Organic Search,Regular
C05754,2023-10-02,39,Female,Hyderabad,YouTube,VIP
C05755,2024-12-06,26,Female,Lucknow,Instagram,Premium
C05756,2024-06-18,63,Male,Chennai,Referral,Regular
C05757,2026-06-29,32,Female,Hyderabad,Instagram,Premium
C05758,2025-04-13,60,Male,Kolkata,Google,Budget
C05759,2026-01-14,18,Other,Kolkata,YouTube,Regular
C05760,2026-01-07,56,Male,Mumbai,Direct,Regular
C05761,2023-11-24,18,Male,Chennai,Google,Regular
C05762,2026-04-19,22,Male,Bangalore,Referral,Budget
C05763,2025-11-11,24,Male,Ahmedabad,Instagram,Premium
C05764,2023-10-27,37,Male,Chennai,Organic Search,VIP
C05765,2026-06-29,56,Female,Pune,Referral,Regular
C05766,2025-09-05,39,Male,Mumbai,Google,Budget
C05767,2026-04-27,56,Male,Bangalore,Organic Search,Regular
C05768,2023-12-27,18,Other,Lucknow,Organic Search,Regular
C05769,2024-10-01,38,Other,Ahmedabad,Direct,Regular
C05770,2025-07-06,36,Female,Pune,Direct,VIP
C05771,2024-10-01,45,Male,Mumbai,Organic Search,Premium
C05772,2024-03-07,36,Male,Jaipur,YouTube,Regular
C05773,2025-05-01,54,Male,Mumbai,Google,Regular
C05774,2023-11-09,34,Female,Kolkata,Organic Search,Premium
C05775,2025-10-13,43,Male,Pune,Organic Search,Regular
C05776,2024-04-08,27,Male,Hyderabad,Instagram,Regular
C05777,2026-08-07,44,Male,Chennai,Google,Regular
C05778,2024-05-15,50,Female,Hyderabad,Direct,Regular
C05779,2023-12-30,32,Male,Kolkata,Instagram,Premium
C05780,2025-02-02,62,Other,Pune,Google,VIP
C05781,2026-06-22,54,Male,Bangalore,Google,Regular
C05782,2025-05-24,61,Female,Hyderabad,Referral,Regular
C05783,2026-07-14,59,Female,Ahmedabad,Instagram,Budget
C05784,2024-04-13,30,Male,Mumbai,Google,Premium
C05785,2025-11-21,57,Female,Bangalore,Instagram,Budget
C05786,2024-05-01,51,Male,Lucknow,Instagram,Regular
C05787,2024-09-17,50,Male,Delhi,Organic Search,Premium
C05788,2024-06-16,40,Female,Kolkata,Instagram,Budget
C05789,2025-09-11,50,Male,Delhi,Instagram,Premium
C05790,2024-06-26,27,Female,Jaipur,Direct,Regular
C05791,2023-11-05,30,Male,Lucknow,Organic Search,Regular
C05792,2024-09-09,55,Male,Ahmedabad,YouTube,VIP
C05793,2025-02-10,18,Female,Delhi,Referral,Regular
C05794,2025-03-27,45,Female,Ahmedabad,Referral,Budget
C05795,2024-01-09,47,Male,Chennai,Instagram,Regular
C05796,2025-10-13,27,Female,Mumbai,Google,VIP
C05797,2025-09-09,64,Male,Lucknow,Referral,VIP
C05798,2025-04-03,26,Female,Ahmedabad,Direct,Budget
C05799,2024-07-13,49,Male,Mumbai,Referral,VIP
C05800,2025-07-08,63,Male,Lucknow,Google,Premium
C05801,2026-01-20,45,Male,Lucknow,Referral,Budget
C05802,2026-06-29,49,Male,Delhi,Google,Regular
C05803,2026-01-30,25,Female,Mumbai,Instagram,Regular
C05804,2026-06-24,41,Female,Hyderabad,YouTube,Regular
C05805,2023-11-07,44,Male,Jaipur,Google,Regular
C05806,2026-05-01,52,Male,Kolkata,Google,Regular
C05807,2025-01-10,56,Female,Pune,Organic Search,Premium
C05808,2023-11-23,26,Female,Delhi,Organic Search,Regular
C05809,2026-05-08,22,Female,Kolkata,Instagram,Premium
C05810,2024-07-09,24,Male,Bangalore,Referral,Premium
C05811,2026-07-11,29,Male,Pune,Google,Budget
C05812,2023-12-25,38,Female,Kolkata,Instagram,Regular
C05813,2024-06-25,32,Female,Mumbai,Google,Premium
C05814,2025-09-30,61,Male,Mumbai,YouTube,Regular
C05815,2025-02-21,39,Female,Jaipur,Organic Search,Regular
C05816,2026-04-12,28,Female,Delhi,Organic Search,VIP
C05817,2025-03-20,32,Male,Chennai,Instagram,Regular
C05818,2025-07-15,25,Other,Delhi,Google,Budget
C05819,2024-07-14,32,Male,Jaipur,Direct,Premium
C05820,2026-07-25,56,Female,Bangalore,Instagram,Regular
C05821,2025-04-12,32,Male,Bangalore,Instagram,Budget
C05822,2024-01-19,38,Male,Jaipur,Organic Search,Budget
C05823,2024-09-10,21,Male,Ahmedabad,Referral,Premium
C05824,2024-12-26,63,Female,Lucknow,Instagram,Regular
C05825,2025-08-03,56,Female,Pune,YouTube,Premium
C05826,2024-07-12,64,Other,Lucknow,YouTube,Regular
C05827,2023-11-04,58,Male,Hyderabad,Instagram,Premium
C05828,2026-04-09,31,Male,Lucknow,Google,Budget
C05829,2024-05-08,40,Female,Delhi,YouTube,Regular
C05830,2026-07-01,43,Male,Mumbai,Organic Search,Budget
C05831,2025-08-03,22,Female,Lucknow,Google,Regular
C05832,2024-11-21,39,Male,Bangalore,Instagram,Premium
C05833,2024-09-06,59,Female,Lucknow,Google,Regular
C05834,2025-08-05,40,Female,Mumbai,Instagram,Premium
C05835,2024-08-19,52,Male,Lucknow,Instagram,Premium
C05836,2025-06-08,42,Female,Delhi,Direct,Regular
C05837,2025-09-29,64,Male,Bangalore,YouTube,Budget
C05838,2026-03-07,47,Male,Bangalore,Google,Regular
C05839,2024-12-28,64,Female,Bangalore,Instagram,Regular
C05840,2024-07-26,25,Male,Mumbai,Organic Search,VIP
C05841,2024-01-19,30,Male,Kolkata,Referral,Regular
C05842,2026-01-09,57,Male,Chennai,Direct,Regular
C05843,2024-03-03,59,Female,Ahmedabad,Google,Regular
C05844,2024-06-07,57,Female,Kolkata,Organic Search,Regular
C05845,2025-02-08,51,Male,Bangalore,Organic Search,VIP
C05846,2026-07-26,54,Male,Hyderabad,YouTube,Regular
C05847,2025-12-18,39,Female,Delhi,Google,Regular
C05848,2023-10-18,48,Male,Hyderabad,Organic Search,Regular
C05849,2024-09-18,58,Male,Chennai,Referral,Regular
C05850,2025-01-08,18,Male,Kolkata,Organic Search,Regular
C05851,2024-02-26,22,Male,Kolkata,Instagram,Regular
C05852,2026-06-05,63,Female,Lucknow,Google,Regular
C05853,2025-10-16,27,Female,Delhi,Google,Regular
C05854,2024-07-05,42,Male,Hyderabad,Google,Budget
C05855,2026-07-29,61,Male,Kolkata,YouTube,Premium
C05856,2026-03-04,41,Male,Chennai,Google,Premium
C05857,2025-09-25,46,Female,Chennai,Organic Search,Regular
C05858,2025-08-27,42,Female,Chennai,Google,Regular
C05859,2024-02-12,18,Female,Chennai,Instagram,Budget
C05860,2024-05-14,34,Female,Jaipur,Direct,Premium
C05861,2023-10-12,30,Female,Mumbai,Instagram,Budget
C05862,2024-08-09,47,Female,Hyderabad,Organic Search,Premium
C05863,2024-01-13,37,Male,Bangalore,Instagram,Regular
C05864,2024-06-08,62,Male,Pune,Google,Regular
C05865,2024-03-17,21,Female,Ahmedabad,Google,Premium
C05866,2025-05-05,48,Male,Kolkata,Google,Premium
C05867,2023-10-05,24,Male,Lucknow,Organic Search,Budget
C05868,2024-08-09,61,Male,Jaipur,Direct,Budget
C05869,2024-09-07,22,Female,Bangalore,Referral,Regular
C05870,2024-10-09,60,Male,Delhi,Instagram,Budget
C05871,2025-04-10,47,Other,Bangalore,Instagram,Premium
C05872,2024-02-22,32,Female,Delhi,Referral,Regular
C05873,2024-07-23,34,Female,Bangalore,YouTube,Regular
C05874,2026-06-01,47,Male,Bangalore,Direct,Regular
C05875,2024-11-13,44,Male,Kolkata,Referral,Regular
C05876,2025-02-25,56,Female,Delhi,Google,Regular
C05877,2024-02-03,19,Male,Hyderabad,Google,Regular
C05878,2025-01-11,57,Female,Pune,Google,VIP
C05879,2024-08-12,54,Male,Mumbai,Instagram,Premium
C05880,2023-09-01,39,Male,Ahmedabad,Google,Premium
C05881,2025-11-14,64,Female,Ahmedabad,Organic Search,Regular
C05882,2026-08-01,49,Male,Chennai,Direct,VIP
C05883,2024-08-25,44,Male,Mumbai,Instagram,VIP
C05884,2025-10-09,26,Female,Kolkata,Direct,Budget
C05885,2025-01-28,59,Female,Mumbai,Google,Premium
C05886,2024-07-10,55,Female,Delhi,Instagram,Regular
C05887,2026-06-27,51,Male,Hyderabad,Direct,Budget
C05888,2026-08-06,21,Other,Bangalore,Google,Regular
C05889,2025-05-17,47,Male,Hyderabad,Direct,Premium
C05890,2024-02-05,18,Male,Ahmedabad,YouTube,Premium
C05891,2025-05-08,35,Male,Chennai,Instagram,Budget
C05892,2026-05-17,34,Male,Chennai,Google,Regular
C05893,2024-12-24,26,Female,Hyderabad,Google,Budget
C05894,2025-09-21,63,Female,Chennai,Organic Search,Regular
C05895,2025-11-06,33,Male,Pune,Direct,Regular
C05896,2026-05-10,25,Male,Jaipur,Google,Regular
C05897,2024-01-27,63,Female,Jaipur,Referral,VIP
C05898,2025-04-22,53,Male,Hyderabad,Referral,Budget
C05899,2024-07-30,59,Female,Delhi,Instagram,Budget
C05900,2024-11-10,39,Male,Mumbai,Google,Regular
C05901,2026-03-06,20,Male,Pune,Google,Premium
C05902,2024-12-28,54,Female,Kolkata,Instagram,Regular
C05903,2023-12-07,43,Female,Bangalore,YouTube,Budget
C05904,2023-10-27,19,Male,Mumbai,Referral,Premium
C05905,2025-07-30,35,Female,Kolkata,Referral,Premium
C05906,2025-05-28,36,Male,Jaipur,Organic Search,Premium
C05907,2024-04-27,32,Male,Bangalore,Instagram,Budget
C05908,2026-06-18,45,Male,Delhi,Direct,Premium
C05909,2024-06-27,38,Female,Jaipur,YouTube,Regular
C05910,2023-09-21,43,Male,Ahmedabad,Direct,Regular
C05911,2025-04-09,54,Female,Hyderabad,Referral,Budget
C05912,2024-12-28,41,Female,Pune,Direct,Budget
C05913,2025-09-02,37,Female,Chennai,Google,Regular
C05914,2023-12-01,51,Female,Chennai,Organic Search,Regular
C05915,2025-03-10,64,Female,Bangalore,Organic Search,Premium
C05916,2024-03-28,64,Male,Chennai,YouTube,Regular
C05917,2024-08-10,58,Female,Delhi,Google,Regular
C05918,2025-06-21,33,Male,Bangalore,Google,VIP
C05919,2026-06-26,53,Male,Ahmedabad,Organic Search,Premium
C05920,2026-05-19,54,Male,Hyderabad,Organic Search,Budget
C05921,2024-09-26,39,Male,Chennai,Google,Premium
C05922,2024-02-06,26,Male,Pune,Instagram,Premium
C05923,2026-03-20,49,Female,Pune,Instagram,Regular
C05924,2024-10-06,27,Male,Kolkata,Organic Search,Budget
C05925,2024-10-09,64,Male,Delhi,Direct,Regular
C05926,2024-07-04,27,Female,Ahmedabad,Organic Search,Premium
C05927,2024-09-16,31,Female,Chennai,Organic Search,Regular
C05928,2026-08-03,37,Female,Ahmedabad,Google,Premium
C05929,2026-04-12,46,Male,Ahmedabad,Organic Search,Regular
C05930,2023-12-02,29,Female,Jaipur,Direct,Regular
C05931,2025-11-02,26,Male,Hyderabad,Organic Search,Premium
C05932,2024-12-26,46,Female,Ahmedabad,Instagram,Regular
C05933,2026-08-19,50,Male,Hyderabad,Instagram,Budget
C05934,2026-01-24,49,Male,Pune,Google,VIP
C05935,2024-07-09,52,Female,Lucknow,Instagram,Regular
C05936,2026-01-27,45,Male,Mumbai,Google,Budget
C05937,2026-07-26,59,Male,Ahmedabad,Direct,Premium
C05938,2024-12-04,41,Other,Chennai,Instagram,Premium
C05939,2026-05-06,44,Female,Kolkata,Instagram,Regular
C05940,2024-01-27,39,Male,Delhi,Organic Search,Regular
C05941,2025-06-01,31,Male,Lucknow,Instagram,Budget
C05942,2023-11-30,58,Male,Delhi,Referral,Premium
C05943,2024-04-11,29,Male,Bangalore,Referral,Premium
C05944,2025-01-29,36,Female,Bangalore,Referral,Regular
C05945,2026-04-04,48,Male,Delhi,Referral,Budget
C05946,2026-08-13,36,Female,Pune,Instagram,Regular
C05947,2023-11-08,25,Female,Kolkata,YouTube,Premium
C05948,2026-07-15,30,Other,Delhi,Instagram,Regular
C05949,2025-12-03,34,Female,Ahmedabad,Instagram,Premium
C05950,2023-12-02,37,Female,Bangalore,Organic Search,Regular
C05951,2024-11-18,37,Male,Lucknow,Organic Search,Regular
C05952,2026-05-26,54,Male,Chennai,Organic Search,Regular
C05953,2024-11-24,46,Male,Kolkata,Referral,Regular
C05954,2025-04-28,58,Female,Ahmedabad,Referral,Premium
C05955,2025-10-14,56,Male,Bangalore,Instagram,Regular
C05956,2025-12-02,39,Female,Kolkata,Instagram,Budget
C05957,2024-01-25,24,Male,Lucknow,Referral,Regular
C05958,2024-03-18,54,Female,Mumbai,Organic Search,Premium
C05959,2024-10-19,55,Male,Mumbai,Organic Search,Regular
C05960,2025-04-26,62,Male,Hyderabad,Referral,Budget
C05961,2023-10-13,26,Female,Jaipur,Google,Regular
C05962,2026-02-18,56,Female,Ahmedabad,Referral,Regular
C05963,2026-02-27,26,Male,Chennai,YouTube,Budget
C05964,2024-07-26,59,Male,Kolkata,Organic Search,Regular
C05965,2025-05-01,61,Male,Jaipur,Direct,Regular
C05966,2025-01-16,34,Male,Pune,Referral,Regular
C05967,2023-09-26,24,Female,Chennai,Google,Regular
C05968,2023-08-30,47,Female,Delhi,Google,Premium
C05969,2024-06-10,56,Female,Kolkata,Google,Budget
C05970,2026-07-10,57,Male,Bangalore,Direct,Budget
C05971,2026-02-27,44,Male,Pune,Direct,Regular
C05972,2025-01-26,59,Female,Pune,Instagram,Regular
C05973,2025-08-13,57,Female,Pune,Direct,Regular
C05974,2026-05-02,60,Male,Hyderabad,Direct,Budget
C05975,2024-11-27,37,Male,Mumbai,Instagram,Regular
C05976,2025-02-17,40,Male,Lucknow,Organic Search,Premium
C05977,2025-09-19,43,Female,Bangalore,Google,Budget
C05978,2024-05-22,23,Female,Delhi,Google,Budget
C05979,2024-01-05,53,Female,Jaipur,Instagram,Regular
C05980,2024-06-26,37,Female,Lucknow,Referral,Regular
C05981,2026-08-21,34,Female,Pune,Organic Search,Budget
C05982,2023-11-09,31,Female,Chennai,Referral,Budget
C05983,2025-11-22,46,Male,Hyderabad,Instagram,Regular
C05984,2025-05-25,40,Female,Mumbai,Referral,Regular
C05985,2025-05-08,56,Male,Delhi,Organic Search,VIP
C05986,2026-04-05,35,Male,Mumbai,YouTube,Premium
C05987,2025-07-16,49,Female,Hyderabad,Organic Search,Budget
C05988,2025-01-30,19,Female,Delhi,Google,Regular
C05989,2025-09-26,19,Male,Bangalore,Direct,Premium
C05990,2024-01-06,21,Female,Kolkata,Referral,Regular
C05991,2025-03-11,58,Male,Jaipur,Organic Search,Premium
C05992,2025-05-19,41,Male,Bangalore,Google,Regular
C05993,2026-03-11,64,Male,Jaipur,YouTube,Premium
C05994,2024-02-22,63,Male,Bangalore,Organic Search,Regular
C05995,2023-10-31,39,Female,Mumbai,Google,Premium
C05996,2024-08-12,18,Male,Hyderabad,Referral,Budget
C05997,2026-04-16,56,Female,Chennai,Instagram,Budget
C05998,2024-01-23,48,Male,Jaipur,Organic Search,Regular
C05999,2024-02-22,33,Male,Kolkata,Organic Search,Regular
C06000,2024-06-21,37,Male,Chennai,Google,Budget
C06001,2024-11-29,33,Male,Lucknow,Organic Search,Budget
C06002,2026-05-23,37,Female,Hyderabad,Google,Regular
C06003,2024-09-21,21,Male,Chennai,Organic Search,VIP
C06004,2024-07-10,35,Female,Chennai,Referral,Premium
C06005,2025-03-30,47,Male,Jaipur,Instagram,Regular
C06006,2026-06-19,43,Female,Chennai,Referral,Budget
C06007,2025-03-13,41,Female,Bangalore,Direct,Regular
C06008,2025-12-15,20,Male,Chennai,Referral,Regular
C06009,2024-03-15,52,Female,Lucknow,Direct,Budget
C06010,2023-12-09,36,Female,Bangalore,Instagram,Premium
C06011,2025-11-29,40,Male,Lucknow,Organic Search,Budget
C06012,2025-04-14,21,Female,Ahmedabad,Google,Premium
C06013,2026-04-10,42,Male,Ahmedabad,Direct,Regular
C06014,2026-02-19,47,Female,Ahmedabad,Instagram,VIP
C06015,2025-09-16,18,Female,Lucknow,Organic Search,Premium
C06016,2024-07-22,36,Male,Bangalore,Google,Budget
C06017,2025-09-17,50,Female,Ahmedabad,Referral,Budget
C06018,2025-09-20,44,Other,Kolkata,Direct,Premium
C06019,2023-12-11,47,Female,Jaipur,Organic Search,Budget
C06020,2025-05-24,25,Male,Hyderabad,Google,Regular
C06021,2026-02-15,29,Male,Kolkata,Organic Search,Budget
C06022,2023-09-11,62,Female,Chennai,YouTube,Regular
C06023,2025-03-17,37,Female,Delhi,Referral,Regular
C06024,2024-10-09,44,Female,Lucknow,YouTube,Premium
C06025,2025-02-09,27,Male,Jaipur,Referral,Budget
C06026,2024-09-03,40,Female,Hyderabad,Instagram,Premium
C06027,2026-05-22,60,Female,Lucknow,Instagram,Premium
C06028,2023-12-18,24,Male,Kolkata,Instagram,Regular
C06029,2024-02-13,49,Female,Mumbai,Google,Budget
C06030,2024-04-26,60,Male,Bangalore,Referral,Premium
C06031,2024-03-21,45,Female,Kolkata,Instagram,Budget
C06032,2026-05-07,40,Other,Hyderabad,Referral,Regular
C06033,2025-06-30,38,Male,Delhi,Organic Search,Regular
C06034,2026-02-24,27,Female,Ahmedabad,Direct,Regular
C06035,2025-03-26,20,Male,Pune,Direct,Premium
C06036,2025-04-02,45,Male,Pune,Instagram,Regular
C06037,2025-04-23,35,Female,Pune,YouTube,Regular
C06038,2025-12-03,23,Male,Delhi,Referral,Premium
C06039,2023-12-30,55,Female,Mumbai,Google,Budget
C06040,2025-01-13,23,Male,Chennai,Google,Budget
C06041,2023-11-19,21,Female,Mumbai,Organic Search,Regular
C06042,2026-02-10,34,Female,Kolkata,Direct,Regular
C06043,2026-06-05,31,Male,Hyderabad,Instagram,Regular
C06044,2025-02-03,47,Male,Lucknow,Organic Search,Budget
C06045,2024-08-03,38,Female,Jaipur,Google,Premium
C06046,2024-09-28,28,Female,Chennai,Referral,Regular
C06047,2026-02-08,23,Other,Pune,Instagram,Premium
C06048,2026-04-29,51,Female,Mumbai,Google,Budget
C06049,2025-06-13,18,Male,Chennai,Referral,Regular
C06050,2025-12-11,51,Female,Jaipur,Instagram,Regular
C06051,2024-09-05,23,Female,Pune,Organic Search,Premium
C06052,2025-10-14,48,Male,Pune,Referral,Regular
C06053,2023-09-28,55,Female,Ahmedabad,Google,Budget
C06054,2026-02-05,59,Female,Lucknow,Instagram,Regular
C06055,2024-04-27,38,Female,Jaipur,Referral,Premium
C06056,2026-03-24,54,Male,Ahmedabad,Referral,Regular
C06057,2024-01-31,62,Female,Pune,Direct,Premium
C06058,2024-05-02,43,Male,Delhi,Organic Search,Premium
C06059,2024-01-12,19,Male,Delhi,Instagram,Premium
C06060,2024-01-17,56,Male,Mumbai,Instagram,VIP
C06061,2023-11-22,53,Male,Delhi,Direct,Budget
C06062,2025-09-23,33,Male,Chennai,Organic Search,Regular
C06063,2026-01-03,42,Other,Kolkata,Google,Regular
C06064,2023-11-21,44,Male,Kolkata,Organic Search,Premium
C06065,2025-12-24,21,Female,Pune,Instagram,Premium
C06066,2025-12-05,26,Female,Lucknow,Referral,Regular
C06067,2023-10-13,63,Male,Jaipur,Instagram,Budget
C06068,2023-12-24,33,Female,Bangalore,Direct,Regular
C06069,2026-01-13,31,Female,Mumbai,Direct,Budget
C06070,2025-03-12,54,Female,Bangalore,Referral,Premium
C06071,2023-10-31,40,Male,Bangalore,Google,Premium
C06072,2024-01-05,26,Female,Mumbai,Direct,Budget
C06073,2024-05-31,63,Female,Pune,Instagram,Regular
C06074,2023-11-08,36,Male,Chennai,Organic Search,Regular
C06075,2025-08-28,43,Male,Hyderabad,Organic Search,Premium
C06076,2025-12-01,64,Male,Delhi,YouTube,VIP
C06077,2026-01-01,40,Male,Delhi,Organic Search,Regular
C06078,2026-06-01,19,Male,Hyderabad,Instagram,Budget
C06079,2024-04-09,18,Male,Delhi,Referral,Regular
C06080,2026-05-11,37,Male,Hyderabad,Instagram,Premium
C06081,2024-03-17,24,Other,Lucknow,Google,Regular
C06082,2024-09-16,37,Male,Bangalore,Direct,Budget
C06083,2023-12-05,48,Female,Hyderabad,Referral,Budget
C06084,2026-03-12,49,Male,Pune,Google,Budget
C06085,2026-06-25,38,Female,Chennai,Organic Search,VIP
C06086,2026-07-02,60,Male,Bangalore,Google,Regular
C06087,2024-09-12,26,Male,Hyderabad,Instagram,Premium
C06088,2024-02-19,18,Male,Jaipur,Referral,Regular
C06089,2025-02-26,34,Female,Delhi,Instagram,VIP
C06090,2025-11-03,39,Female,Pune,Referral,Premium
C06091,2024-05-19,39,Female,Pune,Google,Budget
C06092,2025-05-13,32,Male,Mumbai,Instagram,Regular
C06093,2023-12-14,42,Female,Pune,Direct,Regular
C06094,2025-05-22,20,Female,Chennai,Direct,Budget
C06095,2023-09-12,37,Male,Mumbai,Google,Budget
C06096,2024-04-21,46,Male,Pune,Referral,Regular
C06097,2024-03-24,28,Male,Hyderabad,Google,Premium
C06098,2024-07-01,45,Male,Pune,Instagram,Budget
C06099,2026-05-12,34,Male,Ahmedabad,Organic Search,VIP
C06100,2025-04-07,43,Female,Mumbai,Organic Search,Budget
C06101,2026-07-30,37,Female,Pune,Direct,Budget
C06102,2023-12-14,59,Female,Jaipur,Referral,Regular
C06103,2024-04-18,48,Female,Lucknow,Referral,Premium
C06104,2025-03-02,52,Male,Delhi,Referral,Premium
C06105,2025-10-11,23,Male,Chennai,Instagram,Budget
C06106,2024-10-02,42,Female,Lucknow,Organic Search,Regular
C06107,2025-06-03,31,Other,Lucknow,Instagram,Premium
C06108,2024-12-21,19,Other,Chennai,Instagram,Budget
C06109,2026-07-12,64,Female,Chennai,Referral,Budget
C06110,2024-03-13,51,Male,Chennai,YouTube,Regular
C06111,2024-09-19,40,Male,Pune,Organic Search,Premium
C06112,2024-10-17,29,Female,Bangalore,Instagram,Regular
C06113,2024-04-18,48,Male,Chennai,Organic Search,VIP
C06114,2024-05-03,48,Female,Ahmedabad,Instagram,Premium
C06115,2023-12-29,36,Male,Jaipur,Organic Search,Premium
C06116,2026-08-11,54,Male,Ahmedabad,Referral,Premium
C06117,2024-01-10,22,Female,Kolkata,Google,Budget
C06118,2023-12-26,45,Female,Pune,Google,Regular
C06119,2024-01-23,44,Female,Hyderabad,Google,VIP
C06120,2025-12-10,40,Male,Delhi,Direct,Regular
C06121,2025-10-08,38,Female,Jaipur,YouTube,Budget
C06122,2025-04-29,34,Male,Kolkata,Google,Regular
C06123,2023-10-11,62,Male,Mumbai,YouTube,Regular
C06124,2024-08-21,47,Male,Chennai,Google,Regular
C06125,2024-01-01,35,Male,Ahmedabad,Organic Search,VIP
C06126,2024-07-03,30,Female,Delhi,YouTube,Regular
C06127,2025-06-16,30,Male,Chennai,Direct,Regular
C06128,2024-08-03,37,Male,Pune,Referral,Premium
C06129,2026-08-01,27,Male,Kolkata,Organic Search,Regular
C06130,2024-12-26,40,Male,Mumbai,Direct,Regular
C06131,2025-04-26,44,Female,Chennai,Direct,Regular
C06132,2024-07-11,50,Female,Ahmedabad,Organic Search,Budget
C06133,2026-03-22,26,Female,Hyderabad,YouTube,Regular
C06134,2024-03-21,24,Female,Kolkata,Referral,Premium
C06135,2023-11-12,19,Male,Lucknow,Organic Search,Regular
C06136,2026-03-06,27,Female,Chennai,Referral,Budget
C06137,2025-01-30,57,Female,Mumbai,Direct,Regular
C06138,2025-09-10,57,Male,Pune,Instagram,VIP
C06139,2024-03-11,58,Female,Hyderabad,Organic Search,Premium
C06140,2026-08-26,43,Female,Jaipur,Referral,Premium
C06141,2025-02-16,60,Female,Hyderabad,Instagram,Budget
C06142,2023-12-21,61,Male,Ahmedabad,Google,Regular
C06143,2024-12-20,43,Female,Pune,Google,Budget
C06144,2025-08-18,48,Male,Bangalore,Organic Search,Regular
C06145,2023-11-29,22,Female,Mumbai,Google,Regular
C06146,2024-02-01,46,Male,Delhi,YouTube,Regular
C06147,2024-11-09,33,Male,Kolkata,Instagram,Premium
C06148,2025-06-05,18,Male,Ahmedabad,Google,Premium
C06149,2023-12-17,18,Male,Ahmedabad,Direct,Budget
C06150,2026-06-07,28,Female,Pune,Google,Premium
C06151,2026-08-03,29,Male,Kolkata,Instagram,Budget
C06152,2023-11-06,21,Male,Mumbai,Instagram,Premium
C06153,2026-07-31,28,Male,Ahmedabad,Instagram,Budget
C06154,2024-09-02,64,Female,Bangalore,Direct,Premium
C06155,2025-06-10,34,Male,Hyderabad,Direct,Regular
C06156,2026-08-17,24,Female,Bangalore,Referral,Premium
C06157,2024-01-09,54,Male,Jaipur,Google,Regular
C06158,2026-03-03,40,Female,Jaipur,Organic Search,Regular
C06159,2025-10-30,32,Female,Delhi,Google,Regular
C06160,2024-06-28,44,Male,Chennai,Instagram,Regular
C06161,2025-10-17,38,Female,Mumbai,Organic Search,Regular
C06162,2025-05-26,51,Male,Jaipur,Organic Search,Regular
C06163,2024-06-22,61,Male,Kolkata,Google,Budget
C06164,2026-01-09,58,Male,Jaipur,Referral,Regular
C06165,2025-08-02,27,Female,Delhi,Organic Search,Regular
C06166,2024-11-08,20,Female,Bangalore,Referral,Budget
C06167,2025-01-30,39,Female,Delhi,Direct,Premium
C06168,2025-06-19,63,Male,Pune,Google,Regular
C06169,2024-11-13,57,Male,Lucknow,Referral,Premium
C06170,2025-02-09,51,Female,Mumbai,Referral,Premium
C06171,2024-06-28,44,Male,Bangalore,Referral,Regular
C06172,2025-12-16,23,Male,Bangalore,Organic Search,Regular
C06173,2023-12-24,26,Female,Pune,YouTube,Budget
C06174,2024-05-28,42,Female,Bangalore,Instagram,Regular
C06175,2025-02-23,64,Male,Kolkata,Organic Search,Premium
C06176,2025-07-16,40,Female,Kolkata,Google,Budget
C06177,2024-01-22,58,Male,Kolkata,Instagram,Budget
C06178,2023-12-15,47,Male,Chennai,Referral,Regular
C06179,2023-10-24,42,Male,Chennai,Organic Search,Regular
C06180,2023-11-10,61,Male,Kolkata,Google,Regular
C06181,2025-09-09,63,Female,Chennai,Organic Search,Regular
C06182,2026-07-28,47,Female,Delhi,Direct,Regular
C06183,2024-10-20,29,Male,Bangalore,Direct,Regular
C06184,2025-09-10,46,Male,Hyderabad,Organic Search,Regular
C06185,2024-02-11,35,Male,Delhi,Instagram,Regular
C06186,2025-07-09,28,Female,Delhi,Referral,Premium
C06187,2023-12-11,59,Female,Lucknow,Organic Search,Budget
C06188,2023-11-19,28,Male,Delhi,Google,Budget
C06189,2025-11-28,41,Male,Delhi,Organic Search,Budget
C06190,2025-12-16,64,Female,Bangalore,Organic Search,Regular
C06191,2026-01-12,46,Female,Pune,Instagram,Budget
C06192,2024-04-05,50,Male,Bangalore,Direct,Budget
C06193,2025-08-22,64,Female,Pune,Organic Search,Premium
C06194,2025-02-15,20,Male,Ahmedabad,Referral,Regular
C06195,2024-06-09,20,Male,Pune,Direct,Regular
C06196,2024-09-07,48,Female,Ahmedabad,Google,Premium
C06197,2026-03-27,58,Female,Pune,Instagram,Premium
C06198,2025-04-18,63,Female,Ahmedabad,Organic Search,Premium
C06199,2026-07-07,42,Male,Kolkata,YouTube,Regular
C06200,2023-10-01,44,Male,Kolkata,Direct,VIP
C06201,2024-12-11,33,Male,Pune,Instagram,Premium
C06202,2026-05-26,34,Male,Delhi,Instagram,Regular
C06203,2024-10-21,49,Female,Kolkata,Direct,Regular
C06204,2024-08-06,63,Male,Ahmedabad,Instagram,Regular
C06205,2024-10-13,41,Female,Bangalore,Google,Premium
C06206,2025-01-12,19,Male,Chennai,Google,Budget
C06207,2023-10-03,62,Female,Ahmedabad,Organic Search,Regular
C06208,2025-04-29,45,Male,Lucknow,Google,Premium
C06209,2026-03-27,63,Female,Kolkata,Referral,Regular
C06210,2024-07-25,39,Male,Delhi,Instagram,Budget
C06211,2025-10-09,61,Female,Kolkata,Referral,VIP
C06212,2025-02-16,59,Male,Hyderabad,Referral,Regular
C06213,2024-01-22,40,Male,Hyderabad,Referral,Regular
C06214,2025-10-20,55,Male,Hyderabad,Instagram,Regular
C06215,2025-02-12,19,Female,Kolkata,Direct,Budget
C06216,2023-12-25,25,Female,Bangalore,Referral,Budget
C06217,2025-09-05,52,Male,Hyderabad,Direct,Regular
C06218,2025-08-20,54,Female,Mumbai,Instagram,Premium
C06219,2025-09-17,58,Female,Hyderabad,Referral,Premium
C06220,2025-05-16,39,Female,Kolkata,Direct,Premium
C06221,2025-01-30,57,Female,Lucknow,Google,Regular
C06222,2026-03-21,35,Female,Ahmedabad,Organic Search,Premium
C06223,2025-03-05,42,Male,Pune,Direct,Regular
C06224,2024-10-29,41,Male,Mumbai,Direct,Regular
C06225,2025-02-20,44,Male,Hyderabad,YouTube,Regular
C06226,2026-07-27,32,Female,Hyderabad,Google,Regular
C06227,2025-07-04,59,Female,Lucknow,Google,Regular
C06228,2024-09-17,33,Female,Pune,Organic Search,Regular
C06229,2026-08-03,59,Male,Hyderabad,Google,Premium
C06230,2024-08-13,19,Female,Ahmedabad,Organic Search,Premium
C06231,2023-09-27,25,Male,Hyderabad,Direct,Regular
C06232,2023-10-16,49,Male,Kolkata,Organic Search,Budget
C06233,2026-03-02,36,Male,Delhi,Organic Search,Regular
C06234,2024-09-13,50,Male,Ahmedabad,Google,Budget
C06235,2025-11-18,43,Female,Pune,Direct,Premium
C06236,2023-09-26,57,Male,Hyderabad,Google,Regular
C06237,2026-04-30,43,Male,Mumbai,Google,Premium
C06238,2024-09-05,61,Male,Kolkata,Organic Search,Regular
C06239,2023-12-12,24,Other,Mumbai,Organic Search,Regular
C06240,2024-09-09,22,Female,Lucknow,Google,Budget
C06241,2024-09-22,24,Male,Delhi,Google,Premium
C06242,2024-09-15,48,Other,Bangalore,Referral,Regular
C06243,2025-08-21,45,Male,Delhi,Instagram,Premium
C06244,2024-05-25,35,Female,Pune,Google,Budget
C06245,2025-08-07,33,Male,Pune,Google,Budget
C06246,2025-06-07,39,Male,Delhi,Instagram,Budget
C06247,2026-05-21,47,Male,Kolkata,Organic Search,Regular
C06248,2023-11-07,48,Female,Chennai,YouTube,Premium
C06249,2024-07-27,39,Female,Lucknow,Instagram,VIP
C06250,2024-09-01,53,Female,Jaipur,Google,Regular
C06251,2023-09-18,40,Female,Mumbai,Referral,Premium
C06252,2024-08-19,44,Female,Ahmedabad,Instagram,Budget
C06253,2025-01-14,18,Male,Ahmedabad,Instagram,Budget
C06254,2026-03-31,42,Female,Lucknow,Instagram,Regular
C06255,2025-05-11,55,Male,Mumbai,Instagram,Regular
C06256,2026-05-11,62,Male,Pune,Instagram,Premium
C06257,2024-06-15,19,Male,Lucknow,Direct,Regular
C06258,2025-09-28,40,Female,Jaipur,Direct,Regular
C06259,2025-06-02,27,Male,Lucknow,Google,Regular
C06260,2026-08-12,54,Female,Pune,Instagram,Regular
C06261,2024-10-15,28,Male,Bangalore,Google,Regular
C06262,2024-10-28,37,Male,Jaipur,Google,Budget
C06263,2025-05-16,34,Female,Hyderabad,Instagram,Budget
C06264,2026-01-29,50,Female,Kolkata,Instagram,Premium
C06265,2023-12-15,57,Other,Bangalore,Referral,Budget
C06266,2025-09-05,38,Male,Lucknow,Organic Search,Budget
C06267,2024-08-30,19,Male,Ahmedabad,Organic Search,Budget
C06268,2025-03-01,57,Female,Kolkata,Instagram,Premium
C06269,2025-12-13,53,Female,Mumbai,Instagram,Budget
C06270,2024-09-03,26,Female,Lucknow,Google,Budget
C06271,2025-07-01,54,Female,Mumbai,Google,Regular
C06272,2024-09-29,45,Female,Delhi,Instagram,Budget
C06273,2024-12-17,22,Other,Bangalore,Direct,Budget
C06274,2025-02-22,55,Female,Mumbai,Organic Search,Regular
C06275,2026-03-13,19,Female,Jaipur,YouTube,VIP
C06276,2026-01-06,21,Female,Lucknow,Google,Regular
C06277,2026-03-06,43,Male,Hyderabad,Direct,Regular
C06278,2025-04-06,33,Male,Bangalore,Direct,Regular
C06279,2024-07-07,27,Male,Jaipur,Organic Search,Premium
C06280,2023-10-19,53,Male,Lucknow,Organic Search,VIP
C06281,2026-08-23,46,Female,Chennai,Instagram,Regular
C06282,2024-11-10,36,Male,Jaipur,Google,Premium
C06283,2024-05-01,29,Male,Mumbai,YouTube,Budget
C06284,2025-11-19,21,Female,Pune,Instagram,Premium
C06285,2023-12-06,57,Female,Kolkata,Google,Premium
C06286,2026-03-10,39,Male,Lucknow,Instagram,Premium
C06287,2023-12-09,20,Female,Hyderabad,Google,Regular
C06288,2024-08-31,55,Male,Pune,Instagram,Regular
C06289,2023-11-09,44,Male,Ahmedabad,Direct,Regular
C06290,2026-01-22,53,Male,Chennai,Direct,Regular
C06291,2025-01-29,27,Male,Kolkata,Google,Budget
C06292,2024-04-13,48,Male,Lucknow,Google,Regular
C06293,2026-01-16,46,Other,Mumbai,Referral,Premium
C06294,2025-08-11,45,Male,Delhi,Referral,Regular
C06295,2024-07-23,59,Male,Jaipur,Instagram,Budget
C06296,2026-01-25,19,Male,Delhi,Referral,Regular
C06297,2024-12-14,27,Female,Chennai,Organic Search,Regular
C06298,2025-04-10,57,Male,Hyderabad,Organic Search,Regular
C06299,2024-04-03,19,Female,Jaipur,Referral,Regular
C06300,2024-11-10,25,Female,Lucknow,Organic Search,Budget
C06301,2025-07-12,40,Male,Ahmedabad,Organic Search,Regular
C06302,2025-01-05,62,Female,Bangalore,Direct,Budget
C06303,2025-12-11,40,Male,Ahmedabad,Referral,Premium
C06304,2024-03-12,35,Female,Hyderabad,Direct,Premium
C06305,2023-09-17,45,Male,Chennai,Referral,Regular
C06306,2025-10-06,59,Male,Mumbai,Google,Regular
C06307,2026-03-30,22,Female,Delhi,Referral,Budget
C06308,2025-05-21,59,Female,Hyderabad,Organic Search,Regular
C06309,2024-04-17,58,Male,Jaipur,YouTube,Premium
C06310,2026-07-17,26,Female,Jaipur,Direct,Budget
C06311,2025-11-18,62,Male,Hyderabad,Organic Search,Budget
C06312,2025-01-21,37,Male,Mumbai,Instagram,Budget
C06313,2026-06-20,36,Female,Lucknow,Direct,Regular
C06314,2025-04-02,29,Female,Hyderabad,Referral,Premium
C06315,2025-07-01,40,Male,Chennai,Google,Regular
C06316,2025-12-17,28,Male,Delhi,Google,Regular
C06317,2024-12-15,59,Male,Bangalore,Direct,Regular
C06318,2025-05-09,53,Male,Bangalore,Direct,Regular
C06319,2025-07-14,62,Female,Delhi,Instagram,Regular
C06320,2025-03-22,24,Male,Pune,Direct,Regular
C06321,2024-09-30,21,Other,Bangalore,Referral,VIP
C06322,2024-02-05,36,Male,Bangalore,YouTube,Regular
C06323,2024-02-08,30,Female,Ahmedabad,Google,Premium
C06324,2025-09-17,58,Male,Ahmedabad,Organic Search,Premium
C06325,2024-07-22,19,Female,Chennai,Google,Budget
C06326,2024-12-17,44,Male,Hyderabad,Organic Search,Regular
C06327,2024-08-11,47,Male,Kolkata,Referral,Premium
C06328,2026-02-22,30,Male,Pune,Organic Search,Budget
C06329,2023-11-06,43,Male,Ahmedabad,Organic Search,Regular
C06330,2024-04-07,21,Male,Kolkata,Google,VIP
C06331,2024-11-22,30,Female,Lucknow,Google,VIP
C06332,2026-02-15,21,Male,Jaipur,YouTube,Premium
C06333,2025-08-05,45,Female,Lucknow,Instagram,Regular
C06334,2024-06-04,42,Male,Bangalore,Instagram,Regular
C06335,2025-06-16,50,Male,Ahmedabad,Google,Budget
C06336,2024-11-14,25,Female,Mumbai,Instagram,Regular
C06337,2023-12-30,31,Male,Ahmedabad,YouTube,Premium
C06338,2024-03-25,34,Female,Mumbai,YouTube,Budget
C06339,2024-05-23,23,Female,Pune,Instagram,Premium
C06340,2026-02-19,53,Male,Jaipur,Direct,Budget
C06341,2025-01-17,25,Male,Jaipur,Organic Search,Regular
C06342,2025-05-02,57,Female,Hyderabad,Referral,Budget
C06343,2024-12-18,62,Male,Chennai,Google,Regular
C06344,2025-08-06,38,Male,Ahmedabad,Organic Search,Regular
C06345,2023-10-07,43,Female,Chennai,Instagram,Budget
C06346,2024-02-18,62,Female,Bangalore,Organic Search,Regular
C06347,2024-01-24,23,Female,Lucknow,Instagram,Regular
C06348,2024-06-06,56,Male,Bangalore,Direct,VIP
C06349,2026-01-24,50,Male,Kolkata,Direct,Premium
C06350,2025-08-18,32,Male,Hyderabad,Google,Premium
C06351,2024-03-07,33,Female,Jaipur,Google,Budget
C06352,2026-03-19,56,Female,Bangalore,Instagram,Budget
C06353,2026-07-19,37,Female,Kolkata,Organic Search,Regular
C06354,2025-02-10,31,Male,Ahmedabad,Google,Budget
C06355,2023-09-18,54,Female,Chennai,YouTube,Premium
C06356,2026-03-27,20,Male,Lucknow,Organic Search,Premium
C06357,2023-11-27,53,Female,Hyderabad,Instagram,Budget
C06358,2025-06-17,22,Male,Hyderabad,Referral,VIP
C06359,2026-04-04,53,Male,Kolkata,Google,Regular
C06360,2026-05-11,30,Female,Lucknow,Google,Regular
C06361,2024-11-16,57,Female,Bangalore,Organic Search,Regular
C06362,2024-09-29,64,Male,Pune,Google,Premium
C06363,2025-08-17,58,Other,Bangalore,YouTube,Regular
C06364,2023-12-04,39,Male,Delhi,Google,Premium
C06365,2026-06-26,34,Female,Ahmedabad,Organic Search,Regular
C06366,2025-10-29,60,Male,Chennai,Direct,Premium
C06367,2024-01-29,21,Female,Bangalore,Organic Search,Budget
C06368,2023-12-28,64,Male,Jaipur,Google,Premium
C06369,2025-11-09,48,Male,Pune,Referral,Premium
C06370,2026-06-15,28,Female,Ahmedabad,Instagram,Budget
C06371,2025-03-22,27,Male,Kolkata,Direct,Regular
C06372,2026-02-21,32,Female,Bangalore,Organic Search,Budget
C06373,2026-07-03,53,Other,Pune,Direct,Budget
C06374,2026-06-13,57,Female,Lucknow,Google,Budget
C06375,2024-05-29,18,Female,Chennai,Organic Search,Regular
C06376,2026-04-23,33,Female,Mumbai,Direct,Premium
C06377,2024-05-14,41,Female,Delhi,Referral,Budget
C06378,2024-01-09,53,Male,Chennai,Instagram,Premium
C06379,2026-01-28,21,Female,Pune,Instagram,Premium
C06380,2024-08-22,44,Other,Jaipur,Referral,Regular
C06381,2025-05-29,41,Female,Delhi,Google,VIP
C06382,2024-10-28,48,Female,Delhi,Instagram,Budget
C06383,2025-11-25,60,Other,Ahmedabad,Referral,Regular
C06384,2024-05-12,41,Female,Ahmedabad,Google,Regular
C06385,2024-12-03,42,Female,Jaipur,Google,Regular
C06386,2024-02-02,59,Male,Jaipur,Google,Regular
C06387,2024-03-06,23,Male,Bangalore,Referral,Budget
C06388,2026-07-26,36,Male,Hyderabad,Direct,Budget
C06389,2024-12-21,61,Female,Kolkata,Instagram,Regular
C06390,2024-06-01,60,Male,Kolkata,Organic Search,VIP
C06391,2025-06-04,42,Male,Jaipur,Organic Search,Budget
C06392,2025-02-15,53,Male,Jaipur,Organic Search,Regular
C06393,2024-10-11,38,Male,Delhi,Instagram,Budget
C06394,2026-07-02,51,Female,Kolkata,YouTube,Premium
C06395,2024-08-08,30,Male,Hyderabad,Direct,Regular
C06396,2024-12-04,53,Male,Kolkata,Referral,Budget
C06397,2025-09-14,58,Male,Kolkata,Referral,Regular
C06398,2026-07-18,53,Female,Lucknow,Direct,Regular
C06399,2026-04-17,45,Male,Kolkata,Instagram,Regular
C06400,2026-06-19,41,Female,Kolkata,Google,Budget
C06401,2024-09-28,36,Male,Jaipur,YouTube,Regular
C06402,2025-10-20,22,Female,Jaipur,Instagram,Premium
C06403,2026-02-13,28,Male,Ahmedabad,Instagram,Regular
C06404,2023-09-20,64,Female,Mumbai,Google,VIP
C06405,2026-07-22,45,Male,Jaipur,Referral,Regular
C06406,2025-06-21,34,Female,Ahmedabad,Direct,Premium
C06407,2026-03-07,28,Male,Chennai,Google,Budget
C06408,2025-08-22,45,Male,Jaipur,Referral,Premium
C06409,2026-06-24,24,Male,Pune,Referral,Regular
C06410,2025-09-22,30,Male,Jaipur,Instagram,Regular
C06411,2026-01-08,36,Male,Pune,Instagram,Regular
C06412,2024-05-16,34,Male,Bangalore,YouTube,Regular
C06413,2025-04-24,56,Other,Chennai,YouTube,Regular
C06414,2024-07-31,30,Female,Kolkata,Organic Search,Regular
C06415,2026-07-13,51,Male,Lucknow,Organic Search,Budget
C06416,2024-09-28,62,Male,Hyderabad,Google,Regular
C06417,2026-02-03,24,Male,Mumbai,Instagram,Budget
C06418,2024-01-08,29,Female,Mumbai,Instagram,Premium
C06419,2026-04-04,25,Male,Delhi,Instagram,Premium
C06420,2026-03-24,32,Female,Pune,Organic Search,Regular
C06421,2024-10-26,23,Female,Chennai,Instagram,VIP
C06422,2026-05-21,20,Male,Jaipur,Referral,Premium
C06423,2024-10-31,59,Female,Mumbai,YouTube,Regular
C06424,2026-08-03,60,Other,Chennai,Instagram,Regular
C06425,2024-06-03,62,Male,Mumbai,Organic Search,Regular
C06426,2023-12-04,23,Male,Bangalore,Direct,Regular
C06427,2026-02-14,49,Male,Ahmedabad,Organic Search,Regular
C06428,2024-05-12,32,Female,Hyderabad,Referral,Regular
C06429,2024-04-14,61,Female,Chennai,Google,Budget
C06430,2026-04-29,32,Male,Kolkata,Direct,Budget
C06431,2026-05-27,24,Female,Jaipur,Referral,Budget
C06432,2025-07-19,47,Male,Kolkata,Instagram,Regular
C06433,2026-04-17,46,Female,Kolkata,Google,Regular
C06434,2025-12-15,64,Male,Jaipur,YouTube,Regular
C06435,2024-11-15,34,Male,Ahmedabad,Instagram,Premium
C06436,2023-10-04,45,Male,Delhi,Referral,Regular
C06437,2026-04-03,31,Female,Pune,Organic Search,Premium
C06438,2026-02-15,34,Female,Delhi,Google,Premium
C06439,2026-06-23,18,Female,Delhi,Organic Search,Regular
C06440,2025-01-25,63,Male,Pune,YouTube,Budget
C06441,2024-11-22,42,Female,Pune,Organic Search,Regular
C06442,2026-03-06,40,Female,Ahmedabad,Referral,Regular
C06443,2025-10-22,64,Female,Bangalore,Referral,Regular
C06444,2026-04-14,44,Female,Delhi,Organic Search,Regular
C06445,2026-02-11,56,Male,Mumbai,Instagram,Budget
C06446,2026-02-16,24,Female,Hyderabad,Referral,VIP
C06447,2025-10-01,52,Female,Ahmedabad,Google,Regular
C06448,2025-03-04,36,Female,Pune,Instagram,Budget
C06449,2024-09-16,25,Female,Delhi,Referral,Regular
C06450,2025-06-17,46,Male,Lucknow,YouTube,Premium
C06451,2026-02-04,63,Other,Jaipur,YouTube,Budget
C06452,2025-11-13,59,Female,Hyderabad,YouTube,Premium
C06453,2025-01-05,23,Female,Kolkata,Direct,Regular
C06454,2023-09-26,20,Male,Pune,Referral,Budget
C06455,2023-10-24,28,Female,Hyderabad,Organic Search,Premium
C06456,2025-07-31,20,Male,Mumbai,Organic Search,Premium
C06457,2025-07-18,60,Male,Ahmedabad,Organic Search,VIP
C06458,2026-01-10,27,Male,Mumbai,Direct,Budget
C06459,2024-01-24,29,Male,Bangalore,Instagram,Regular
C06460,2024-11-09,61,Female,Ahmedabad,YouTube,Premium
C06461,2025-07-16,45,Female,Bangalore,Google,Regular
C06462,2024-08-05,56,Female,Kolkata,YouTube,Regular
C06463,2023-11-26,20,Female,Jaipur,Referral,Regular
C06464,2024-02-16,64,Male,Delhi,Google,Budget
C06465,2025-03-15,30,Male,Lucknow,Instagram,Premium
C06466,2026-07-25,27,Female,Pune,Instagram,Regular
C06467,2026-02-23,62,Male,Bangalore,Organic Search,Regular
C06468,2025-12-11,45,Male,Chennai,Google,Budget
C06469,2026-03-13,40,Male,Jaipur,Organic Search,Regular
C06470,2025-09-17,44,Female,Lucknow,YouTube,Budget
C06471,2026-01-12,49,Male,Delhi,YouTube,Premium
C06472,2024-08-12,18,Female,Lucknow,Referral,Premium
C06473,2025-02-02,26,Male,Chennai,Direct,Regular
C06474,2025-11-10,24,Male,Jaipur,Organic Search,Budget
C06475,2024-06-08,60,Male,Pune,Direct,Premium
C06476,2025-09-19,23,Male,Hyderabad,Instagram,Regular
C06477,2026-02-19,35,Female,Chennai,Organic Search,Regular
C06478,2026-01-20,29,Female,Jaipur,Direct,Budget
C06479,2024-04-01,27,Male,Bangalore,Organic Search,Budget
C06480,2024-11-24,23,Male,Kolkata,Organic Search,Regular
C06481,2024-03-14,19,Male,Jaipur,Organic Search,Premium
C06482,2026-04-14,38,Male,Ahmedabad,Instagram,Premium
C06483,2026-06-28,46,Male,Chennai,Referral,Regular
C06484,2026-04-23,62,Female,Kolkata,Referral,Regular
C06485,2024-04-30,20,Female,Bangalore,Google,Regular
C06486,2026-07-02,38,Female,Ahmedabad,Organic Search,Regular
C06487,2026-06-04,32,Male,Bangalore,Direct,Budget
C06488,2025-08-06,61,Female,Ahmedabad,Organic Search,Regular
C06489,2025-07-14,47,Male,Lucknow,Instagram,Regular
C06490,2026-05-17,57,Male,Jaipur,Instagram,Regular
C06491,2026-07-30,44,Male,Hyderabad,Referral,Regular
C06492,2024-04-01,35,Male,Delhi,Organic Search,Regular
C06493,2025-10-04,21,Male,Lucknow,Referral,Premium
C06494,2024-02-28,57,Male,Ahmedabad,Instagram,Regular
C06495,2024-11-09,24,Male,Chennai,Direct,Regular
C06496,2024-12-10,37,Male,Delhi,Instagram,Regular
C06497,2024-06-08,47,Female,Mumbai,Referral,Regular
C06498,2023-12-03,40,Female,Hyderabad,Google,Budget
C06499,2024-10-04,30,Male,Ahmedabad,Instagram,Regular
C06500,2026-07-01,42,Female,Jaipur,Direct,Premium
C06501,2024-01-03,24,Female,Lucknow,Instagram,Regular
C06502,2025-10-23,46,Male,Mumbai,Direct,Premium
C06503,2024-12-16,41,Male,Lucknow,Organic Search,Budget
C06504,2026-06-01,23,Male,Ahmedabad,Organic Search,Regular
C06505,2025-01-06,44,Male,Hyderabad,Organic Search,Regular
C06506,2025-09-04,26,Male,Pune,Google,Regular
C06507,2024-01-04,24,Female,Lucknow,Referral,Budget
C06508,2025-10-18,45,Male,Kolkata,Instagram,Regular
C06509,2024-03-23,20,Male,Hyderabad,Instagram,Premium
C06510,2026-03-29,45,Male,Jaipur,Instagram,Regular
C06511,2026-01-01,59,Female,Lucknow,Instagram,VIP
C06512,2024-07-08,36,Female,Bangalore,Organic Search,Budget
C06513,2025-02-19,62,Female,Jaipur,Instagram,Budget
C06514,2024-01-17,39,Male,Ahmedabad,Referral,Premium
C06515,2026-03-23,50,Female,Hyderabad,YouTube,Regular
C06516,2025-06-15,53,Female,Hyderabad,Referral,Premium
C06517,2026-08-22,43,Female,Mumbai,Direct,Budget
C06518,2024-07-03,52,Male,Kolkata,Referral,Premium
C06519,2025-09-08,32,Male,Kolkata,Referral,Budget
C06520,2024-11-28,18,Female,Bangalore,Organic Search,Budget
C06521,2024-11-17,47,Male,Delhi,Referral,Budget
C06522,2024-02-03,27,Female,Jaipur,Google,Regular
C06523,2024-07-11,44,Female,Ahmedabad,Referral,Premium
C06524,2024-06-09,50,Female,Bangalore,Referral,Regular
C06525,2025-07-04,61,Female,Ahmedabad,Referral,Budget
C06526,2026-05-18,56,Male,Kolkata,Referral,Regular
C06527,2024-10-06,41,Female,Hyderabad,Google,Budget
C06528,2025-09-15,49,Female,Bangalore,Organic Search,Regular
C06529,2025-01-11,37,Male,Delhi,YouTube,Regular
C06530,2023-09-08,55,Male,Chennai,Direct,VIP
C06531,2024-01-20,21,Female,Lucknow,Instagram,Budget
C06532,2024-08-16,25,Female,Lucknow,Google,Premium
C06533,2025-09-25,43,Female,Lucknow,Referral,VIP
C06534,2025-09-18,27,Male,Pune,YouTube,VIP
C06535,2025-10-17,62,Male,Ahmedabad,Instagram,Budget
C06536,2025-10-12,20,Female,Chennai,Organic Search,Premium
C06537,2025-11-11,63,Male,Delhi,Instagram,Premium
C06538,2024-06-03,19,Female,Jaipur,Direct,Regular
C06539,2023-12-10,30,Female,Jaipur,Direct,Regular
C06540,2023-10-31,54,Male,Delhi,Organic Search,VIP
C06541,2024-08-26,25,Male,Lucknow,Referral,Regular
C06542,2024-05-11,47,Male,Ahmedabad,Organic Search,Budget
C06543,2026-05-19,38,Male,Pune,Referral,Premium
C06544,2026-08-24,40,Female,Hyderabad,Referral,Regular
C06545,2026-06-22,63,Male,Jaipur,Google,Regular
C06546,2026-07-23,36,Male,Pune,Organic Search,Regular
C06547,2025-06-13,40,Male,Kolkata,Instagram,Regular
C06548,2025-11-25,46,Female,Lucknow,Referral,Regular
C06549,2023-10-16,21,Male,Lucknow,Instagram,Budget
C06550,2024-06-01,37,Female,Kolkata,Instagram,Regular
C06551,2025-07-07,38,Female,Lucknow,Google,Budget
C06552,2024-07-24,56,Male,Ahmedabad,Referral,Premium
C06553,2024-11-02,56,Female,Hyderabad,Direct,Budget
C06554,2024-10-07,61,Female,Kolkata,Referral,Regular
C06555,2026-07-23,18,Male,Chennai,Instagram,Premium
C06556,2025-05-02,60,Male,Kolkata,Organic Search,Budget
C06557,2025-05-25,27,Male,Delhi,Organic Search,Regular
C06558,2024-06-08,45,Female,Hyderabad,Instagram,Budget
C06559,2025-03-02,21,Male,Bangalore,YouTube,Premium
C06560,2026-06-12,44,Female,Pune,Organic Search,Budget
C06561,2026-04-16,37,Female,Kolkata,YouTube,Budget
C06562,2024-01-19,31,Female,Mumbai,YouTube,Premium
C06563,2024-08-09,22,Male,Hyderabad,Google,Regular
C06564,2025-03-31,64,Male,Pune,Direct,Premium
C06565,2024-01-30,63,Female,Pune,Organic Search,Regular
C06566,2024-01-03,45,Male,Ahmedabad,Direct,Regular
C06567,2023-10-15,24,Female,Hyderabad,Direct,Regular
C06568,2024-01-15,52,Female,Chennai,Direct,Regular
C06569,2026-04-09,46,Female,Bangalore,Google,Regular
C06570,2026-02-27,44,Female,Pune,Direct,Premium
C06571,2025-11-24,28,Male,Kolkata,Google,Regular
C06572,2026-06-08,52,Female,Jaipur,Google,Premium
C06573,2024-07-03,47,Female,Mumbai,Google,Premium
C06574,2026-04-15,61,Male,Chennai,Direct,Regular
C06575,2025-06-29,36,Female,Kolkata,Google,Budget
C06576,2025-12-09,61,Other,Kolkata,Organic Search,Premium
C06577,2024-06-12,26,Female,Ahmedabad,Google,Regular
C06578,2024-08-05,45,Female,Lucknow,Direct,Regular
C06579,2026-05-02,31,Male,Bangalore,Organic Search,Budget
C06580,2024-08-07,20,Other,Jaipur,Direct,Regular
C06581,2026-08-22,64,Female,Mumbai,Referral,Budget
C06582,2025-12-11,22,Male,Bangalore,Direct,Regular
C06583,2024-02-09,35,Male,Hyderabad,Google,Regular
C06584,2026-03-19,37,Female,Mumbai,Instagram,Premium
C06585,2025-08-17,42,Male,Bangalore,Direct,Regular
C06586,2026-01-18,64,Male,Delhi,Referral,Regular
C06587,2023-10-25,49,Male,Bangalore,Instagram,Premium
C06588,2024-02-06,60,Female,Bangalore,Google,VIP
C06589,2024-05-05,35,Female,Jaipur,Organic Search,Regular
C06590,2023-10-06,19,Male,Delhi,Referral,Regular
C06591,2024-06-08,25,Male,Kolkata,Direct,Regular
C06592,2025-10-09,31,Male,Bangalore,Google,Premium
C06593,2024-12-18,28,Female,Jaipur,Organic Search,Regular
C06594,2026-08-22,48,Female,Chennai,Google,Budget
C06595,2026-06-09,35,Male,Kolkata,Instagram,Premium
C06596,2023-10-11,59,Female,Chennai,Google,Budget
C06597,2024-09-21,45,Female,Delhi,YouTube,Regular
C06598,2025-10-13,24,Male,Hyderabad,Instagram,Premium
C06599,2025-02-09,23,Male,Pune,YouTube,Budget
C06600,2025-02-18,63,Female,Jaipur,Referral,Budget
C06601,2026-03-12,57,Other,Ahmedabad,Google,Premium
C06602,2026-04-04,58,Male,Pune,Organic Search,Regular
C06603,2024-01-10,22,Other,Jaipur,YouTube,Premium
C06604,2023-12-08,44,Male,Ahmedabad,Google,Regular
C06605,2026-04-05,32,Female,Pune,Organic Search,Regular
C06606,2024-03-12,32,Female,Lucknow,Organic Search,Regular
C06607,2024-02-28,39,Female,Mumbai,Google,Regular
C06608,2025-03-07,42,Male,Delhi,Direct,Regular
C06609,2024-06-21,54,Male,Pune,Organic Search,Regular
C06610,2026-04-30,44,Female,Jaipur,Instagram,Premium
C06611,2025-05-30,32,Female,Mumbai,Referral,VIP
C06612,2025-05-28,62,Female,Chennai,Instagram,Regular
C06613,2026-07-27,56,Male,Bangalore,Organic Search,Regular
C06614,2025-03-26,18,Female,Lucknow,Organic Search,Budget
C06615,2025-05-14,51,Male,Kolkata,Direct,Regular
C06616,2024-11-26,52,Male,Lucknow,YouTube,VIP
C06617,2023-11-20,28,Female,Mumbai,Organic Search,Budget
C06618,2025-12-17,31,Female,Pune,Direct,Regular
C06619,2025-09-07,57,Male,Delhi,Google,Regular
C06620,2026-04-26,45,Female,Chennai,Referral,Regular
C06621,2023-09-25,64,Other,Ahmedabad,Referral,Premium
C06622,2025-09-12,19,Male,Pune,Referral,VIP
C06623,2025-09-11,55,Female,Hyderabad,YouTube,Regular
C06624,2024-11-02,38,Male,Ahmedabad,Instagram,Premium
C06625,2025-06-05,21,Female,Pune,Organic Search,Regular
C06626,2026-07-05,32,Male,Mumbai,Organic Search,Budget
C06627,2026-03-02,35,Male,Jaipur,Referral,Premium
C06628,2024-02-12,63,Male,Jaipur,Direct,Regular
C06629,2023-11-24,28,Male,Bangalore,Organic Search,Premium
C06630,2026-02-23,57,Female,Ahmedabad,Organic Search,Premium
C06631,2025-08-19,28,Male,Hyderabad,Organic Search,Premium
C06632,2025-01-06,52,Female,Ahmedabad,Organic Search,Budget
C06633,2026-07-09,36,Male,Bangalore,Instagram,Regular
C06634,2025-06-09,43,Male,Ahmedabad,Instagram,Regular
C06635,2023-09-03,61,Female,Kolkata,Direct,Regular
C06636,2026-07-25,42,Male,Kolkata,Instagram,Regular
C06637,2025-08-16,45,Female,Ahmedabad,Organic Search,Regular
C06638,2026-07-05,56,Female,Hyderabad,Referral,VIP
C06639,2024-08-18,37,Male,Chennai,Google,Premium
C06640,2025-11-06,39,Male,Pune,YouTube,Regular
C06641,2025-11-09,21,Female,Kolkata,Google,Premium
C06642,2026-07-12,56,Male,Hyderabad,Instagram,Premium
C06643,2025-05-12,58,Male,Bangalore,Instagram,Premium
C06644,2024-04-15,33,Male,Pune,Google,Regular
C06645,2023-10-20,31,Male,Pune,Instagram,Regular
C06646,2025-08-02,53,Male,Pune,Organic Search,Premium
C06647,2024-08-16,34,Female,Hyderabad,Organic Search,Budget
C06648,2023-10-27,44,Female,Ahmedabad,Google,Regular
C06649,2023-11-13,47,Male,Hyderabad,Direct,Regular
C06650,2026-07-06,18,Other,Lucknow,Instagram,Regular
C06651,2024-10-19,30,Other,Kolkata,Direct,Regular
C06652,2024-11-07,58,Male,Chennai,Instagram,Premium
C06653,2024-03-10,52,Male,Mumbai,YouTube,Regular
C06654,2026-07-20,59,Male,Lucknow,Organic Search,Regular
C06655,2026-04-02,28,Male,Bangalore,Google,Budget
C06656,2023-12-03,24,Female,Pune,Referral,Regular
C06657,2026-03-19,64,Female,Mumbai,Organic Search,Budget
C06658,2024-02-22,50,Female,Kolkata,Instagram,Regular
C06659,2025-12-29,36,Female,Lucknow,Referral,Budget
C06660,2024-07-05,39,Female,Ahmedabad,Instagram,Budget
C06661,2025-11-29,31,Female,Pune,Google,Regular
C06662,2025-08-13,45,Male,Lucknow,Google,Premium
C06663,2024-01-07,27,Female,Ahmedabad,Organic Search,Premium
C06664,2025-02-15,64,Male,Lucknow,Organic Search,VIP
C06665,2024-12-13,41,Male,Bangalore,Direct,Regular
C06666,2026-01-27,60,Female,Bangalore,Instagram,Premium
C06667,2024-08-01,44,Male,Kolkata,Instagram,Budget
C06668,2025-09-16,33,Female,Ahmedabad,Referral,Budget
C06669,2024-01-18,54,Female,Pune,Instagram,Regular
C06670,2025-08-26,39,Male,Mumbai,Direct,Regular
C06671,2026-02-24,24,Female,Jaipur,Organic Search,Regular
C06672,2025-03-11,58,Male,Kolkata,YouTube,Premium
C06673,2025-02-14,63,Male,Chennai,YouTube,VIP
C06674,2026-04-24,21,Male,Lucknow,Organic Search,Regular
C06675,2025-01-31,36,Male,Chennai,Google,Budget
C06676,2025-05-06,24,Female,Kolkata,Organic Search,Premium
C06677,2024-12-03,36,Female,Pune,Referral,Regular
C06678,2025-12-04,30,Female,Chennai,Google,Budget
C06679,2026-02-01,35,Female,Kolkata,Organic Search,Budget
C06680,2025-06-30,35,Male,Kolkata,Google,VIP
C06681,2024-12-15,55,Female,Jaipur,Instagram,Regular
C06682,2024-12-06,49,Male,Bangalore,Google,Regular
C06683,2023-10-11,48,Male,Mumbai,Instagram,Regular
C06684,2024-09-05,24,Other,Delhi,Google,VIP
C06685,2025-01-17,19,Male,Lucknow,Referral,VIP
C06686,2024-04-29,26,Female,Lucknow,Google,Regular
C06687,2025-09-18,52,Female,Chennai,Organic Search,Regular
C06688,2024-02-13,18,Other,Lucknow,Direct,Budget
C06689,2025-02-20,49,Male,Kolkata,Instagram,Regular
C06690,2025-07-17,47,Female,Kolkata,Instagram,Regular
C06691,2025-03-25,49,Male,Hyderabad,Instagram,Regular
C06692,2024-07-11,33,Male,Jaipur,Instagram,Regular
C06693,2024-12-19,58,Male,Lucknow,Instagram,Regular
C06694,2026-05-18,55,Male,Hyderabad,Direct,Premium
C06695,2025-02-01,54,Other,Hyderabad,Organic Search,Regular
C06696,2024-02-06,59,Female,Bangalore,Organic Search,Regular
C06697,2024-01-15,44,Female,Jaipur,Direct,Premium
C06698,2026-05-13,41,Female,Hyderabad,Instagram,Budget
C06699,2026-03-07,38,Male,Hyderabad,Organic Search,Budget
C06700,2025-03-23,59,Other,Hyderabad,YouTube,Budget
C06701,2024-07-16,52,Female,Chennai,Organic Search,Budget
C06702,2023-10-19,36,Male,Mumbai,Google,Regular
C06703,2023-11-19,46,Male,Ahmedabad,Google,Premium
C06704,2023-10-16,41,Female,Ahmedabad,YouTube,Regular
C06705,2023-12-23,62,Female,Hyderabad,Instagram,Budget
C06706,2024-12-05,22,Female,Lucknow,Direct,Regular
C06707,2023-12-09,51,Female,Ahmedabad,Instagram,Regular
C06708,2025-08-21,49,Female,Chennai,Google,Budget
C06709,2025-05-12,51,Male,Mumbai,Organic Search,Premium
C06710,2024-05-31,49,Male,Pune,Referral,Regular
C06711,2024-06-02,49,Male,Jaipur,Instagram,Premium
C06712,2023-11-25,31,Male,Delhi,YouTube,Budget
C06713,2025-03-01,35,Male,Pune,YouTube,Regular
C06714,2023-12-30,60,Female,Delhi,Direct,VIP
C06715,2025-08-22,30,Female,Hyderabad,Google,Regular
C06716,2024-03-11,37,Female,Jaipur,Direct,Budget
C06717,2024-03-14,20,Female,Mumbai,Google,Budget
C06718,2024-10-31,56,Male,Mumbai,Organic Search,Premium
C06719,2023-11-27,21,Male,Lucknow,Referral,Premium
C06720,2026-04-14,55,Female,Chennai,Referral,Premium
C06721,2024-07-19,63,Female,Lucknow,Google,Budget
C06722,2025-06-01,60,Male,Mumbai,Instagram,Regular
C06723,2025-01-07,24,Female,Hyderabad,Google,Regular
C06724,2025-08-31,47,Male,Mumbai,Instagram,Budget
C06725,2025-07-11,25,Male,Hyderabad,Referral,Budget
C06726,2024-06-13,50,Female,Bangalore,Instagram,Regular
C06727,2026-07-22,22,Female,Lucknow,Instagram,Premium
C06728,2026-04-08,25,Male,Kolkata,YouTube,Regular
C06729,2024-03-20,38,Male,Chennai,Google,Budget
C06730,2024-03-17,56,Male,Kolkata,Direct,VIP
C06731,2025-11-23,27,Other,Bangalore,Direct,Regular
C06732,2025-06-20,44,Female,Bangalore,YouTube,Budget
C06733,2026-04-09,23,Male,Lucknow,Direct,Regular
C06734,2023-12-22,40,Male,Pune,Instagram,VIP
C06735,2025-04-04,38,Male,Mumbai,Google,Budget
C06736,2023-09-03,27,Male,Ahmedabad,Referral,Budget
C06737,2024-01-02,24,Female,Bangalore,Google,Budget
C06738,2024-03-03,49,Male,Jaipur,Google,Premium
C06739,2025-01-31,21,Male,Kolkata,Instagram,Regular
C06740,2025-09-24,39,Male,Jaipur,Instagram,Regular
C06741,2026-04-06,54,Female,Hyderabad,Google,Regular
C06742,2026-07-21,26,Male,Hyderabad,Direct,VIP
C06743,2025-06-17,55,Female,Jaipur,YouTube,Premium
C06744,2025-02-11,54,Male,Delhi,Organic Search,Regular
C06745,2025-07-05,56,Male,Lucknow,Google,Budget
C06746,2026-07-30,58,Female,Delhi,Instagram,Regular
C06747,2024-09-26,39,Male,Pune,YouTube,VIP
C06748,2025-09-04,50,Male,Chennai,Referral,Budget
C06749,2025-09-22,50,Female,Delhi,Direct,Budget
C06750,2024-11-02,42,Male,Ahmedabad,Google,Regular
C06751,2024-07-24,41,Female,Jaipur,Instagram,Premium
C06752,2024-01-12,39,Female,Mumbai,Direct,Regular
C06753,2023-09-12,36,Male,Lucknow,Google,Regular
C06754,2023-12-28,30,Male,Ahmedabad,Referral,Premium
C06755,2023-09-14,62,Female,Lucknow,Direct,Regular
C06756,2026-07-26,31,Male,Pune,Organic Search,Budget
C06757,2026-03-26,58,Male,Ahmedabad,Google,Budget
C06758,2024-04-13,53,Female,Hyderabad,Referral,Premium
C06759,2025-08-07,51,Female,Jaipur,YouTube,Premium
C06760,2025-08-09,62,Male,Mumbai,YouTube,Regular
C06761,2024-12-17,34,Male,Mumbai,Direct,Regular
C06762,2025-07-14,27,Male,Mumbai,Organic Search,Budget
C06763,2026-01-09,35,Female,Chennai,Organic Search,Regular
C06764,2024-03-24,52,Female,Hyderabad,Referral,Regular
C06765,2024-07-22,40,Female,Delhi,Instagram,Regular
C06766,2025-01-16,22,Male,Mumbai,Referral,Regular
C06767,2025-01-28,26,Male,Mumbai,Organic Search,VIP
C06768,2023-09-20,21,Male,Chennai,Referral,VIP
C06769,2024-02-26,49,Female,Bangalore,Organic Search,Budget
C06770,2024-02-11,32,Female,Delhi,Organic Search,Premium
C06771,2025-10-06,58,Female,Mumbai,Organic Search,Regular
C06772,2026-07-19,38,Male,Mumbai,Direct,Regular
C06773,2025-01-25,49,Male,Jaipur,Referral,Regular
C06774,2026-03-27,61,Female,Kolkata,Instagram,Premium
C06775,2025-05-30,31,Male,Chennai,Referral,Regular
C06776,2024-04-04,44,Female,Lucknow,Direct,Regular
C06777,2025-05-13,39,Male,Delhi,YouTube,VIP
C06778,2026-02-26,36,Female,Delhi,Google,Budget
C06779,2023-10-22,38,Female,Ahmedabad,Referral,Regular
C06780,2023-09-05,37,Male,Jaipur,Referral,Regular
C06781,2025-07-18,46,Male,Pune,Instagram,Regular
C06782,2025-10-17,23,Female,Pune,Instagram,VIP
C06783,2026-08-05,52,Male,Hyderabad,YouTube,VIP
C06784,2026-03-15,46,Female,Ahmedabad,Organic Search,Budget
C06785,2025-11-12,23,Male,Lucknow,Organic Search,Regular
C06786,2025-06-11,64,Male,Kolkata,Google,Premium
C06787,2025-04-26,23,Male,Hyderabad,Instagram,VIP
C06788,2024-07-11,52,Male,Hyderabad,Google,Regular
C06789,2025-02-12,53,Female,Kolkata,Instagram,Budget
C06790,2025-02-10,54,Female,Jaipur,Referral,VIP
C06791,2025-06-05,54,Female,Lucknow,Instagram,Regular
C06792,2025-06-28,24,Female,Hyderabad,YouTube,Regular
C06793,2025-09-09,56,Female,Kolkata,Instagram,Premium
C06794,2026-02-08,36,Female,Chennai,YouTube,VIP
C06795,2025-02-12,27,Female,Hyderabad,Instagram,VIP
C06796,2025-10-18,32,Female,Lucknow,Referral,Regular
C06797,2025-03-29,19,Female,Jaipur,Google,Premium
C06798,2024-12-02,19,Male,Ahmedabad,YouTube,VIP
C06799,2024-08-08,46,Male,Pune,Instagram,Regular
C06800,2023-11-05,63,Female,Mumbai,Google,Regular
C06801,2026-05-02,38,Female,Mumbai,Referral,Regular
C06802,2024-11-27,21,Male,Pune,Organic Search,Budget
C06803,2025-01-27,36,Female,Ahmedabad,Google,Premium
C06804,2025-02-20,24,Male,Bangalore,Organic Search,Premium
C06805,2026-06-22,43,Female,Lucknow,Organic Search,VIP
C06806,2024-09-11,44,Female,Mumbai,Google,Premium
C06807,2025-09-30,44,Female,Chennai,Google,Regular
C06808,2023-09-19,41,Other,Hyderabad,YouTube,Regular
C06809,2024-07-08,33,Female,Kolkata,Instagram,Regular
C06810,2024-03-25,64,Male,Bangalore,Google,Budget
C06811,2024-09-07,23,Female,Mumbai,Referral,Regular
C06812,2024-05-08,55,Female,Kolkata,Google,Budget
C06813,2024-04-24,35,Male,Bangalore,Instagram,Regular
C06814,2026-05-20,40,Male,Lucknow,Organic Search,Regular
C06815,2024-09-02,34,Female,Hyderabad,Referral,Regular
C06816,2025-06-17,34,Female,Delhi,Direct,Premium
C06817,2026-03-08,46,Female,Ahmedabad,Instagram,Regular
C06818,2025-08-17,31,Male,Ahmedabad,Direct,Budget
C06819,2024-01-18,34,Female,Kolkata,Direct,Budget
C06820,2024-07-14,45,Female,Pune,Instagram,Budget
C06821,2025-10-15,56,Female,Lucknow,Google,Budget
C06822,2026-07-14,27,Male,Lucknow,Google,Budget
C06823,2026-02-26,31,Male,Pune,Direct,Budget
C06824,2025-09-03,56,Female,Chennai,Organic Search,Premium
C06825,2025-11-10,43,Male,Pune,Google,Budget
C06826,2026-01-16,45,Female,Bangalore,Direct,Budget
C06827,2026-01-20,36,Female,Pune,YouTube,Regular
C06828,2026-03-10,59,Female,Kolkata,Direct,Regular
C06829,2025-07-09,28,Female,Delhi,Direct,Regular
C06830,2024-07-02,60,Female,Hyderabad,Google,Regular
C06831,2025-11-26,57,Female,Hyderabad,Organic Search,VIP
C06832,2025-08-28,43,Male,Lucknow,Organic Search,Budget
C06833,2024-01-16,56,Female,Hyderabad,Instagram,VIP
C06834,2024-04-02,26,Male,Ahmedabad,Referral,Regular
C06835,2025-06-21,30,Female,Jaipur,Instagram,Regular
C06836,2023-12-16,57,Female,Ahmedabad,Organic Search,VIP
C06837,2024-11-25,27,Female,Bangalore,Referral,Budget
C06838,2026-08-21,55,Female,Chennai,Instagram,Budget
C06839,2024-07-25,37,Male,Delhi,Google,Budget
C06840,2024-04-13,52,Female,Kolkata,Referral,Premium
C06841,2023-10-18,40,Female,Delhi,Referral,Budget
C06842,2023-09-16,30,Female,Delhi,Direct,Premium
C06843,2026-04-19,18,Male,Pune,Google,Budget
C06844,2024-09-22,39,Male,Jaipur,Instagram,Regular
C06845,2024-02-17,57,Female,Chennai,Google,Budget
C06846,2026-02-20,33,Male,Lucknow,Referral,VIP
C06847,2026-05-04,25,Female,Delhi,Organic Search,VIP
C06848,2023-10-02,20,Female,Mumbai,Google,Regular
C06849,2023-11-05,49,Female,Pune,Referral,VIP
C06850,2024-12-11,38,Male,Pune,Referral,Regular
C06851,2025-07-04,62,Male,Mumbai,Instagram,Regular
C06852,2024-01-07,49,Male,Chennai,Direct,Regular
C06853,2024-04-29,62,Female,Hyderabad,Organic Search,Premium
C06854,2024-06-05,28,Male,Delhi,YouTube,Premium
C06855,2024-09-03,54,Male,Bangalore,Instagram,Regular
C06856,2024-09-20,29,Female,Delhi,Google,Premium
C06857,2023-10-18,61,Female,Chennai,YouTube,Budget
C06858,2026-04-15,36,Other,Kolkata,Organic Search,Regular
C06859,2024-06-16,61,Female,Jaipur,Instagram,Budget
C06860,2024-02-09,59,Male,Lucknow,Google,VIP
C06861,2025-09-22,47,Male,Chennai,Instagram,Regular
C06862,2025-03-14,33,Female,Hyderabad,Instagram,Premium
C06863,2025-08-30,44,Female,Bangalore,Google,Budget
C06864,2025-10-10,19,Male,Delhi,Organic Search,Budget
C06865,2026-06-08,25,Male,Delhi,Direct,Regular
C06866,2024-12-19,44,Female,Kolkata,Google,Regular
C06867,2025-01-10,63,Female,Ahmedabad,Direct,Budget
C06868,2026-03-07,41,Male,Lucknow,Referral,Budget
C06869,2023-12-27,32,Male,Lucknow,Instagram,Budget
C06870,2023-12-22,58,Male,Kolkata,Organic Search,Budget
C06871,2025-06-27,44,Male,Delhi,Instagram,Regular
C06872,2026-01-01,46,Male,Pune,Referral,Regular
C06873,2026-07-01,30,Male,Ahmedabad,Organic Search,Regular
C06874,2026-02-15,18,Male,Bangalore,Google,Budget
C06875,2023-10-12,48,Female,Jaipur,YouTube,Budget
C06876,2023-12-21,30,Other,Pune,Google,Regular
C06877,2025-07-18,20,Male,Lucknow,Organic Search,Budget
C06878,2026-04-08,52,Female,Ahmedabad,Google,Regular
C06879,2026-05-22,60,Male,Pune,Organic Search,Budget
C06880,2024-02-16,53,Male,Delhi,Direct,Budget
C06881,2024-07-13,23,Female,Lucknow,Referral,Budget
C06882,2024-12-23,45,Female,Mumbai,Google,VIP
C06883,2025-03-04,64,Male,Ahmedabad,Google,Budget
C06884,2025-11-07,48,Female,Delhi,Organic Search,Regular
C06885,2023-12-14,35,Female,Jaipur,YouTube,VIP
C06886,2025-08-06,20,Female,Ahmedabad,YouTube,Budget
C06887,2024-08-28,46,Female,Hyderabad,Instagram,Budget
C06888,2024-01-25,40,Female,Pune,Organic Search,Premium
C06889,2026-03-15,44,Female,Delhi,Instagram,Regular
C06890,2024-12-21,37,Female,Hyderabad,Organic Search,Regular
C06891,2024-11-25,55,Male,Bangalore,Referral,Regular
C06892,2025-12-17,45,Female,Ahmedabad,Google,Budget
C06893,2024-05-22,32,Male,Kolkata,Organic Search,Budget
C06894,2026-01-30,21,Female,Lucknow,Organic Search,Regular
C06895,2024-09-05,47,Other,Lucknow,Organic Search,Premium
C06896,2025-03-03,36,Female,Mumbai,Organic Search,Regular
C06897,2023-11-29,51,Other,Pune,Instagram,Premium
C06898,2024-10-09,62,Male,Mumbai,Referral,Regular
C06899,2025-12-02,57,Female,Lucknow,Google,Premium
C06900,2024-09-26,29,Female,Bangalore,Organic Search,Premium
C06901,2025-08-25,48,Female,Pune,Google,Budget
C06902,2024-02-10,31,Female,Chennai,Instagram,Regular
C06903,2025-11-30,58,Female,Chennai,Direct,Budget
C06904,2024-12-02,30,Male,Ahmedabad,Instagram,Regular
C06905,2024-05-04,41,Female,Mumbai,Instagram,Budget
C06906,2026-01-22,39,Female,Jaipur,Google,Regular
C06907,2024-11-23,28,Female,Bangalore,Instagram,Premium
C06908,2024-11-18,21,Male,Jaipur,Google,Premium
C06909,2025-01-11,53,Female,Lucknow,YouTube,Regular
C06910,2026-03-19,33,Male,Jaipur,YouTube,Budget
C06911,2026-01-14,44,Other,Jaipur,Direct,Premium
C06912,2024-09-27,32,Male,Mumbai,Organic Search,Budget
C06913,2023-09-29,37,Male,Chennai,Google,Budget
C06914,2024-02-03,28,Male,Ahmedabad,Direct,Regular
C06915,2023-09-07,27,Male,Hyderabad,Google,VIP
C06916,2026-01-27,60,Male,Hyderabad,Direct,VIP
C06917,2026-06-27,37,Female,Chennai,Organic Search,Regular
C06918,2023-11-28,52,Female,Mumbai,Referral,Regular
C06919,2024-08-07,51,Female,Pune,Direct,Premium
C06920,2026-08-08,46,Male,Lucknow,Organic Search,Regular
C06921,2024-02-24,60,Male,Ahmedabad,Direct,Regular
C06922,2023-11-03,64,Female,Mumbai,Organic Search,Regular
C06923,2025-12-07,35,Male,Lucknow,Google,Regular
C06924,2025-08-20,58,Male,Mumbai,Google,Premium
C06925,2025-07-31,27,Female,Bangalore,Organic Search,Regular
C06926,2026-05-13,31,Female,Delhi,Organic Search,Budget
C06927,2023-10-30,57,Female,Kolkata,Organic Search,Budget
C06928,2025-07-20,24,Male,Ahmedabad,Organic Search,Premium
C06929,2025-10-17,53,Female,Chennai,Google,Regular
C06930,2025-08-20,19,Female,Delhi,Instagram,Regular
C06931,2025-03-19,20,Male,Chennai,Instagram,Premium
C06932,2024-07-17,26,Female,Ahmedabad,Direct,Regular
C06933,2024-11-10,58,Female,Lucknow,Organic Search,Regular
C06934,2025-09-12,33,Male,Pune,Organic Search,Budget
C06935,2025-04-25,51,Other,Kolkata,Direct,Premium
C06936,2024-07-26,29,Male,Mumbai,YouTube,Regular
C06937,2025-11-18,61,Male,Mumbai,Direct,Regular
C06938,2026-05-20,45,Female,Bangalore,Organic Search,Regular
C06939,2023-09-05,34,Male,Pune,Referral,Budget
C06940,2024-06-29,40,Male,Lucknow,Organic Search,Regular
C06941,2025-03-28,47,Female,Chennai,Instagram,Budget
C06942,2026-06-01,52,Female,Hyderabad,Google,Premium
C06943,2025-10-03,59,Female,Lucknow,Google,Premium
C06944,2024-12-29,63,Female,Ahmedabad,Direct,Regular
C06945,2024-04-08,45,Male,Mumbai,Organic Search,Regular
C06946,2025-04-15,60,Female,Hyderabad,Direct,Regular
C06947,2026-01-08,62,Female,Pune,Direct,Regular
C06948,2025-08-11,32,Female,Kolkata,Google,Budget
C06949,2025-09-30,51,Male,Chennai,Instagram,Regular
C06950,2026-04-26,18,Male,Bangalore,Google,Regular
C06951,2025-12-31,58,Male,Lucknow,Instagram,Regular
C06952,2024-11-13,61,Female,Mumbai,Organic Search,Budget
C06953,2024-03-31,28,Other,Delhi,Google,Budget
C06954,2024-07-23,26,Female,Kolkata,Organic Search,Premium
C06955,2023-10-07,45,Female,Mumbai,Organic Search,Regular
C06956,2024-08-28,59,Other,Lucknow,Instagram,VIP
C06957,2025-10-30,21,Female,Kolkata,Google,Budget
C06958,2025-11-16,42,Male,Hyderabad,Instagram,Premium
C06959,2024-01-13,38,Male,Delhi,Instagram,Budget
C06960,2026-08-19,22,Male,Lucknow,Organic Search,Regular
C06961,2024-07-04,55,Female,Pune,YouTube,Budget
C06962,2023-12-07,50,Female,Kolkata,Referral,Budget
C06963,2025-04-23,61,Female,Hyderabad,Google,Premium
C06964,2025-03-21,46,Other,Bangalore,Instagram,Budget
C06965,2025-12-04,40,Female,Pune,Organic Search,Budget
C06966,2024-02-19,64,Male,Mumbai,Referral,Premium
C06967,2023-09-27,42,Male,Delhi,Instagram,Budget
C06968,2026-01-17,25,Female,Bangalore,Google,Budget
C06969,2025-06-07,30,Male,Chennai,Organic Search,Regular
C06970,2024-05-18,29,Male,Hyderabad,YouTube,Regular
C06971,2025-12-23,25,Female,Bangalore,YouTube,Budget
C06972,2025-11-01,55,Male,Jaipur,Instagram,Premium
C06973,2026-08-13,29,Male,Lucknow,Instagram,Regular
C06974,2023-12-27,21,Male,Lucknow,Referral,Budget
C06975,2023-11-01,51,Female,Pune,Direct,Budget
C06976,2024-10-09,18,Male,Mumbai,Google,Regular
C06977,2025-07-15,61,Female,Kolkata,Instagram,VIP
C06978,2024-09-19,40,Male,Bangalore,Organic Search,Regular
C06979,2023-10-19,23,Male,Jaipur,Direct,Budget
C06980,2025-08-10,46,Female,Lucknow,Organic Search,Premium
C06981,2024-01-11,36,Male,Mumbai,Google,Premium
C06982,2024-07-19,38,Male,Kolkata,Organic Search,Regular
C06983,2025-11-12,56,Male,Pune,Referral,Regular
C06984,2025-01-05,43,Male,Delhi,Instagram,Budget
C06985,2026-08-09,24,Male,Bangalore,Instagram,Budget
C06986,2026-01-26,60,Female,Bangalore,Organic Search,Premium
C06987,2026-08-15,30,Male,Pune,Direct,VIP
C06988,2025-05-08,63,Female,Delhi,Direct,Regular
C06989,2026-05-04,47,Female,Jaipur,Instagram,Premium
C06990,2025-07-16,31,Male,Ahmedabad,Direct,Regular
C06991,2025-04-03,45,Male,Kolkata,YouTube,Premium
C06992,2025-06-10,51,Male,Hyderabad,Organic Search,VIP
C06993,2024-09-14,41,Female,Chennai,Google,Regular
C06994,2024-07-04,55,Female,Mumbai,Instagram,Premium
C06995,2026-01-04,30,Male,Jaipur,Organic Search,Regular
C06996,2025-10-19,52,Male,Lucknow,Instagram,Budget
C06997,2025-09-02,35,Female,Jaipur,Google,VIP
C06998,2025-10-18,47,Male,Mumbai,YouTube,Regular
C06999,2025-03-19,47,Male,Bangalore,YouTube,Regular
C07000,2024-05-25,63,Other,Bangalore,Instagram,Regular
C07001,2024-08-21,23,Female,Delhi,Direct,Regular
C07002,2025-05-27,49,Male,Jaipur,Organic Search,Premium
C07003,2026-02-14,52,Male,Kolkata,Instagram,Regular
C07004,2024-09-26,37,Female,Ahmedabad,Instagram,Budget
C07005,2023-12-13,58,Female,Ahmedabad,Referral,VIP
C07006,2025-10-15,48,Male,Bangalore,Google,Regular
C07007,2026-02-20,63,Male,Kolkata,Organic Search,Regular
C07008,2023-11-25,50,Male,Kolkata,YouTube,VIP
C07009,2023-11-04,54,Female,Lucknow,Instagram,Regular
C07010,2026-04-27,51,Male,Jaipur,Google,Budget
C07011,2025-01-30,64,Female,Hyderabad,Instagram,Budget
C07012,2024-12-28,46,Other,Bangalore,Instagram,Regular
C07013,2024-10-05,26,Female,Hyderabad,Direct,Regular
C07014,2025-03-26,42,Other,Kolkata,Direct,VIP
C07015,2025-06-02,42,Female,Lucknow,Referral,Regular
C07016,2025-03-18,36,Female,Mumbai,Google,Regular
C07017,2024-11-02,36,Male,Pune,Referral,Regular
C07018,2024-06-12,53,Female,Lucknow,Referral,Premium
C07019,2025-02-24,54,Male,Chennai,Google,Budget
C07020,2024-12-04,46,Female,Hyderabad,Instagram,VIP
C07021,2024-12-22,34,Other,Lucknow,Referral,Premium
C07022,2026-06-13,61,Female,Lucknow,Instagram,VIP
C07023,2025-02-14,62,Male,Ahmedabad,YouTube,Regular
C07024,2026-07-29,28,Female,Lucknow,Direct,Budget
C07025,2026-02-15,37,Male,Bangalore,Referral,Regular
C07026,2024-02-02,32,Female,Chennai,Google,Regular
C07027,2024-01-14,23,Male,Kolkata,Organic Search,Regular
C07028,2025-10-15,63,Male,Ahmedabad,Referral,Budget
C07029,2024-01-16,36,Male,Pune,Direct,Budget
C07030,2025-10-08,29,Male,Bangalore,Instagram,Regular
C07031,2026-03-31,48,Male,Jaipur,Organic Search,Premium
C07032,2024-01-04,31,Male,Chennai,Direct,Budget
C07033,2024-04-17,56,Male,Ahmedabad,Referral,Premium
C07034,2025-01-27,38,Female,Jaipur,Direct,Premium
C07035,2025-11-23,21,Female,Jaipur,Referral,Budget
C07036,2026-06-27,23,Male,Kolkata,Direct,Premium
C07037,2024-10-05,20,Female,Bangalore,Google,Regular
C07038,2026-07-06,50,Male,Ahmedabad,Direct,Regular
C07039,2025-06-17,26,Female,Kolkata,Instagram,Regular
C07040,2024-11-17,25,Male,Mumbai,Direct,Regular
C07041,2024-01-07,44,Male,Mumbai,Google,Budget
C07042,2025-05-15,45,Female,Delhi,Referral,Budget
C07043,2023-10-11,48,Male,Kolkata,Direct,VIP
C07044,2024-02-12,55,Female,Pune,Organic Search,Budget
C07045,2024-10-08,55,Female,Pune,Google,Premium
C07046,2026-08-18,39,Male,Ahmedabad,YouTube,Premium
C07047,2024-07-25,22,Female,Chennai,Referral,Premium
C07048,2025-02-10,41,Male,Chennai,Instagram,Budget
C07049,2026-01-11,31,Female,Hyderabad,YouTube,Budget
C07050,2024-01-30,31,Female,Hyderabad,Google,Regular
C07051,2025-06-04,52,Male,Hyderabad,Direct,Budget
C07052,2023-10-20,37,Female,Pune,Google,Regular
C07053,2026-05-04,19,Male,Ahmedabad,Organic Search,VIP
C07054,2026-04-28,25,Male,Delhi,Google,Budget
C07055,2024-04-20,38,Male,Ahmedabad,Organic Search,Budget
C07056,2026-02-10,38,Other,Ahmedabad,Google,Regular
C07057,2025-02-13,19,Female,Chennai,Google,Premium
C07058,2024-01-09,39,Male,Chennai,Instagram,Budget
C07059,2024-09-13,18,Male,Bangalore,Direct,Budget
C07060,2026-04-07,40,Male,Jaipur,Google,Premium
C07061,2024-11-27,50,Male,Jaipur,Direct,Regular
C07062,2025-05-17,39,Female,Mumbai,Instagram,Budget
C07063,2025-05-09,45,Male,Bangalore,Direct,Regular
C07064,2026-05-10,30,Female,Mumbai,Instagram,Regular
C07065,2025-12-31,47,Male,Chennai,Instagram,Regular
C07066,2025-01-29,36,Other,Chennai,Instagram,Premium
C07067,2025-10-25,35,Male,Jaipur,YouTube,Premium
C07068,2025-06-21,57,Female,Mumbai,Instagram,Budget
C07069,2025-12-10,56,Male,Delhi,YouTube,Regular
C07070,2025-03-03,51,Male,Mumbai,Referral,Premium
C07071,2025-01-14,37,Male,Bangalore,Referral,Regular
C07072,2025-01-02,44,Male,Jaipur,Organic Search,Budget
C07073,2025-01-01,37,Female,Pune,Organic Search,Premium
C07074,2026-04-03,45,Male,Pune,Organic Search,Premium
C07075,2024-08-18,24,Female,Hyderabad,Instagram,Regular
C07076,2026-01-20,34,Other,Mumbai,Google,Regular
C07077,2025-08-25,40,Female,Bangalore,Instagram,Regular
C07078,2024-11-18,36,Other,Hyderabad,Google,Regular
C07079,2024-05-09,26,Male,Mumbai,Instagram,Premium
C07080,2024-11-03,41,Male,Delhi,Direct,Regular
C07081,2025-04-11,64,Female,Lucknow,Google,Regular
C07082,2026-07-13,60,Female,Kolkata,Direct,Regular
C07083,2026-04-29,19,Male,Hyderabad,Referral,VIP
C07084,2025-11-11,55,Female,Pune,Instagram,Premium
C07085,2025-08-04,26,Female,Hyderabad,Google,Premium
C07086,2026-04-03,25,Female,Chennai,Google,Budget
C07087,2025-10-11,62,Male,Chennai,Instagram,Regular
C07088,2025-05-15,40,Male,Jaipur,YouTube,Regular
C07089,2026-01-16,45,Female,Mumbai,Organic Search,Budget
C07090,2025-10-11,26,Male,Bangalore,Direct,Budget
C07091,2025-05-03,26,Female,Mumbai,Instagram,Regular
C07092,2024-01-10,22,Female,Chennai,Instagram,Budget
C07093,2025-05-02,25,Female,Kolkata,Direct,Regular
C07094,2024-03-25,45,Female,Pune,Direct,Regular
C07095,2025-07-06,18,Female,Jaipur,Google,Regular
C07096,2025-05-21,55,Female,Mumbai,Direct,Regular
C07097,2023-10-24,19,Female,Chennai,Google,Budget
C07098,2025-05-13,19,Male,Lucknow,Instagram,Premium
C07099,2024-03-22,55,Female,Delhi,Referral,Budget
C07100,2025-01-30,61,Male,Hyderabad,Instagram,Regular
C07101,2026-05-06,29,Male,Bangalore,Instagram,Regular
C07102,2024-01-06,21,Male,Jaipur,Organic Search,Regular
C07103,2026-06-19,26,Female,Pune,Instagram,Regular
C07104,2024-03-11,45,Female,Mumbai,Google,Budget
C07105,2023-09-17,31,Male,Ahmedabad,Google,Regular
C07106,2026-01-06,24,Female,Bangalore,Google,Budget
C07107,2024-05-22,39,Male,Delhi,Instagram,Regular
C07108,2025-10-09,64,Male,Mumbai,Google,Budget
C07109,2026-04-26,34,Female,Hyderabad,Organic Search,Budget
C07110,2024-12-26,57,Female,Mumbai,Instagram,Premium
C07111,2026-01-28,48,Other,Pune,Organic Search,Premium
C07112,2025-06-23,21,Female,Jaipur,Google,Budget
C07113,2024-11-10,53,Female,Pune,Referral,Regular
C07114,2023-10-16,60,Male,Mumbai,Referral,Budget
C07115,2026-03-29,54,Female,Kolkata,YouTube,Regular
C07116,2023-09-22,46,Female,Mumbai,Direct,Premium
C07117,2024-12-18,55,Male,Ahmedabad,Google,VIP
C07118,2024-11-24,25,Female,Ahmedabad,YouTube,Premium
C07119,2026-03-27,62,Male,Bangalore,Referral,Regular
C07120,2024-08-09,23,Male,Kolkata,Referral,Premium
C07121,2024-06-04,46,Male,Bangalore,Referral,Premium
C07122,2023-12-31,57,Female,Hyderabad,Organic Search,Regular
C07123,2023-12-14,58,Male,Pune,Referral,Regular
C07124,2024-02-28,57,Male,Lucknow,Organic Search,Premium
C07125,2024-02-01,50,Male,Kolkata,Google,Regular
C07126,2024-06-03,25,Female,Hyderabad,Direct,Budget
C07127,2023-12-04,20,Female,Delhi,Organic Search,Budget
C07128,2024-07-29,45,Male,Bangalore,Organic Search,Budget
C07129,2024-11-16,52,Male,Kolkata,Referral,Premium
C07130,2024-02-29,25,Male,Delhi,Organic Search,Regular
C07131,2025-07-01,27,Female,Chennai,Google,Premium
C07132,2024-08-18,23,Male,Bangalore,Instagram,Regular
C07133,2023-09-26,31,Female,Chennai,Direct,Regular
C07134,2023-10-31,49,Male,Lucknow,Organic Search,Regular
C07135,2024-10-28,53,Female,Jaipur,Instagram,VIP
C07136,2024-08-12,24,Male,Jaipur,YouTube,Regular
C07137,2024-11-22,20,Female,Chennai,Google,Regular
C07138,2024-08-17,40,Female,Kolkata,Referral,Premium
C07139,2024-10-12,60,Female,Lucknow,YouTube,Regular
C07140,2026-02-20,32,Female,Jaipur,Instagram,Regular
C07141,2024-01-07,55,Male,Bangalore,Google,Budget
C07142,2024-04-06,58,Male,Mumbai,Organic Search,Premium
C07143,2025-11-29,53,Male,Ahmedabad,Organic Search,VIP
C07144,2025-05-31,47,Female,Lucknow,Direct,Regular
C07145,2025-02-18,43,Female,Bangalore,Referral,Regular
C07146,2025-11-29,34,Female,Pune,Organic Search,Budget
C07147,2024-10-23,39,Male,Pune,Instagram,Regular
C07148,2024-01-01,20,Male,Delhi,Referral,Regular
C07149,2023-11-02,42,Female,Bangalore,Instagram,Budget
C07150,2025-01-18,32,Male,Chennai,Referral,Regular
C07151,2024-11-16,33,Female,Pune,Organic Search,Budget
C07152,2025-02-08,64,Male,Ahmedabad,Google,Premium
C07153,2024-11-16,33,Male,Hyderabad,Direct,Premium
C07154,2024-05-10,28,Male,Delhi,Instagram,Regular
C07155,2026-04-25,22,Male,Pune,Direct,Premium
C07156,2024-06-17,46,Male,Kolkata,Direct,Regular
C07157,2026-07-18,50,Female,Kolkata,Referral,Regular
C07158,2025-09-05,32,Male,Bangalore,Referral,Budget
C07159,2024-05-23,56,Female,Hyderabad,Google,Budget
C07160,2025-04-26,40,Male,Bangalore,Instagram,Regular
C07161,2026-01-04,53,Male,Delhi,Referral,Regular
C07162,2024-07-26,58,Male,Pune,YouTube,Regular
C07163,2024-11-15,64,Female,Delhi,Organic Search,Budget
C07164,2023-11-27,50,Male,Bangalore,Instagram,Regular
C07165,2025-07-24,55,Female,Ahmedabad,YouTube,Regular
C07166,2024-04-06,38,Female,Lucknow,Referral,Budget
C07167,2026-07-23,47,Male,Hyderabad,YouTube,VIP
C07168,2024-10-10,25,Male,Hyderabad,Google,Budget
C07169,2026-08-11,53,Male,Pune,Google,Regular
C07170,2026-01-01,44,Male,Jaipur,Google,Premium
C07171,2025-04-08,62,Male,Bangalore,Direct,Budget
C07172,2024-12-04,47,Female,Chennai,Organic Search,VIP
C07173,2026-05-22,22,Male,Pune,Organic Search,Regular
C07174,2025-01-04,46,Male,Ahmedabad,Instagram,Regular
C07175,2023-08-29,61,Male,Delhi,Organic Search,Budget
C07176,2025-01-18,34,Male,Kolkata,Google,Regular
C07177,2026-02-21,27,Male,Mumbai,Google,Regular
C07178,2024-07-10,21,Female,Ahmedabad,Instagram,Budget
C07179,2026-07-28,28,Male,Kolkata,Google,Regular
C07180,2023-08-28,23,Male,Hyderabad,Instagram,Premium
C07181,2026-06-16,41,Male,Hyderabad,Google,Budget
C07182,2025-02-06,24,Female,Chennai,Organic Search,VIP
C07183,2025-06-13,19,Female,Chennai,Referral,Regular
C07184,2026-03-05,20,Female,Kolkata,Instagram,Premium
C07185,2024-10-17,45,Male,Chennai,Organic Search,Regular
C07186,2024-09-16,56,Male,Bangalore,Referral,Regular
C07187,2025-07-20,38,Male,Delhi,Instagram,Budget
C07188,2025-05-30,64,Male,Lucknow,Instagram,Regular
C07189,2025-03-09,55,Female,Ahmedabad,Direct,Regular
C07190,2023-10-16,47,Male,Chennai,Organic Search,Regular
C07191,2025-11-15,48,Male,Chennai,YouTube,Premium
C07192,2025-05-06,33,Female,Mumbai,Referral,Regular
C07193,2024-07-22,50,Male,Kolkata,Google,Regular
C07194,2024-11-03,24,Female,Mumbai,Organic Search,Regular
C07195,2024-01-09,36,Female,Jaipur,Referral,Regular
C07196,2024-01-28,61,Male,Lucknow,Referral,Budget
C07197,2025-04-28,33,Male,Mumbai,Instagram,Budget
C07198,2024-06-29,28,Male,Pune,YouTube,Regular
C07199,2024-12-13,44,Male,Lucknow,Direct,Budget
C07200,2025-06-27,23,Male,Delhi,Referral,Premium
C07201,2026-07-12,18,Male,Hyderabad,Direct,Budget
C07202,2024-08-10,64,Female,Jaipur,Instagram,Regular
C07203,2025-09-13,47,Female,Bangalore,Instagram,Budget
C07204,2024-09-06,35,Male,Pune,Google,Premium
C07205,2024-06-09,32,Male,Bangalore,Direct,Budget
C07206,2025-11-29,64,Male,Hyderabad,Direct,Regular
C07207,2025-01-05,54,Male,Pune,Referral,Regular
C07208,2024-05-23,44,Male,Ahmedabad,Google,Regular
C07209,2026-08-09,26,Female,Kolkata,Referral,Regular
C07210,2024-09-05,37,Male,Hyderabad,Referral,VIP
C07211,2025-01-12,42,Male,Kolkata,YouTube,Regular
C07212,2025-06-15,47,Female,Chennai,Organic Search,Regular
C07213,2023-09-14,41,Female,Delhi,Google,VIP
C07214,2025-09-24,34,Female,Pune,YouTube,Premium
C07215,2025-08-05,40,Female,Kolkata,Referral,Premium
C07216,2023-08-30,25,Female,Lucknow,YouTube,Premium
C07217,2025-01-31,33,Female,Ahmedabad,Google,Budget
C07218,2026-05-11,30,Female,Mumbai,Google,Regular
C07219,2025-09-03,22,Female,Jaipur,Direct,Budget
C07220,2024-11-22,49,Female,Pune,Instagram,Regular
C07221,2026-05-05,55,Male,Jaipur,Direct,Regular
C07222,2025-10-06,46,Female,Hyderabad,Referral,Premium
C07223,2025-12-10,44,Female,Lucknow,Referral,Budget
C07224,2025-04-08,36,Female,Hyderabad,Google,Regular
C07225,2026-01-06,59,Male,Ahmedabad,Google,Regular
C07226,2025-08-08,56,Female,Jaipur,Instagram,Regular
C07227,2023-11-20,61,Male,Bangalore,Direct,Regular
C07228,2023-09-30,41,Male,Pune,Instagram,Premium
C07229,2026-02-24,47,Male,Hyderabad,Instagram,Premium
C07230,2025-09-02,59,Female,Ahmedabad,Organic Search,Premium
C07231,2025-09-02,37,Female,Chennai,Google,Regular
C07232,2024-09-17,23,Male,Jaipur,Organic Search,Budget
C07233,2026-02-03,59,Male,Chennai,Instagram,VIP
C07234,2026-02-19,25,Male,Jaipur,Referral,Premium
C07235,2024-09-23,50,Female,Jaipur,YouTube,Budget
C07236,2024-03-09,34,Female,Hyderabad,YouTube,Budget
C07237,2025-12-16,31,Male,Delhi,YouTube,Premium
C07238,2025-09-29,48,Male,Hyderabad,YouTube,Regular
C07239,2023-09-06,49,Female,Chennai,Referral,Budget
C07240,2025-01-16,53,Female,Mumbai,Google,Budget
C07241,2026-06-19,26,Male,Pune,Organic Search,Regular
C07242,2024-12-27,40,Female,Ahmedabad,Direct,Regular
C07243,2024-04-26,41,Male,Ahmedabad,Google,Premium
C07244,2023-09-18,53,Male,Ahmedabad,Instagram,Regular
C07245,2024-07-01,36,Female,Mumbai,Instagram,Regular
C07246,2026-06-02,44,Female,Hyderabad,Organic Search,Premium
C07247,2024-09-23,32,Female,Bangalore,Referral,Regular
C07248,2023-12-04,60,Female,Pune,Organic Search,Regular
C07249,2025-06-30,32,Male,Kolkata,Instagram,Premium
C07250,2024-07-25,46,Male,Hyderabad,Direct,VIP
C07251,2025-10-22,23,Male,Delhi,Google,VIP
C07252,2024-05-10,29,Female,Bangalore,Direct,Budget
C07253,2025-02-19,46,Female,Delhi,Direct,Budget
C07254,2024-09-28,33,Male,Bangalore,Google,Budget
C07255,2024-06-30,48,Female,Lucknow,YouTube,Premium
C07256,2026-05-15,29,Female,Hyderabad,Instagram,Premium
C07257,2025-10-10,27,Male,Delhi,Organic Search,VIP
C07258,2024-04-13,29,Male,Lucknow,Instagram,Regular
C07259,2024-03-29,36,Male,Pune,Direct,VIP
C07260,2026-02-12,22,Female,Hyderabad,YouTube,Premium
C07261,2024-11-04,48,Female,Delhi,Instagram,Premium
C07262,2026-04-07,39,Female,Hyderabad,Direct,Regular
C07263,2025-05-12,57,Male,Ahmedabad,Instagram,Premium
C07264,2025-02-19,19,Male,Hyderabad,Instagram,Budget
C07265,2025-04-23,35,Female,Mumbai,Direct,Premium
C07266,2025-08-20,45,Female,Chennai,Instagram,Budget
C07267,2025-05-09,26,Female,Mumbai,Instagram,Budget
C07268,2025-09-13,40,Female,Lucknow,Referral,Budget
C07269,2025-05-08,32,Female,Jaipur,Google,Premium
C07270,2023-11-07,23,Female,Lucknow,Google,Budget
C07271,2024-01-15,38,Female,Delhi,YouTube,Regular
C07272,2023-11-07,36,Female,Delhi,Direct,Premium
C07273,2024-06-07,51,Male,Kolkata,Instagram,Regular
C07274,2025-05-13,48,Male,Mumbai,Organic Search,Regular
C07275,2024-05-03,62,Male,Ahmedabad,Instagram,Regular
C07276,2025-03-23,44,Male,Kolkata,Direct,Regular
C07277,2026-01-01,47,Female,Hyderabad,YouTube,Premium
C07278,2024-03-25,40,Male,Bangalore,Referral,Premium
C07279,2025-09-09,24,Female,Chennai,Referral,Regular
C07280,2026-08-19,37,Female,Ahmedabad,Referral,Budget
C07281,2025-09-25,53,Male,Jaipur,Referral,Regular
C07282,2025-04-03,45,Male,Chennai,Instagram,Regular
C07283,2024-05-31,19,Female,Mumbai,Organic Search,Budget
C07284,2025-05-02,27,Male,Kolkata,Referral,Regular
C07285,2025-01-06,22,Female,Delhi,Google,Premium
C07286,2026-06-20,54,Female,Kolkata,Instagram,Regular
C07287,2025-07-30,59,Male,Hyderabad,Referral,Budget
C07288,2026-06-26,50,Female,Hyderabad,Organic Search,Regular
C07289,2023-10-23,19,Female,Delhi,Direct,Regular
C07290,2026-06-21,28,Male,Hyderabad,Instagram,Budget
C07291,2024-12-14,45,Male,Pune,Organic Search,Budget
C07292,2026-08-22,24,Female,Hyderabad,YouTube,Regular
C07293,2024-06-23,43,Male,Mumbai,Instagram,Regular
C07294,2025-09-11,50,Male,Kolkata,Direct,Regular
C07295,2025-01-20,57,Male,Chennai,Instagram,Regular
C07296,2024-09-27,64,Female,Mumbai,Direct,Premium
C07297,2025-12-06,61,Male,Jaipur,Organic Search,Regular
C07298,2026-04-22,39,Female,Lucknow,YouTube,Regular
C07299,2024-04-30,45,Male,Kolkata,Instagram,Regular
C07300,2024-06-27,23,Male,Kolkata,Google,Budget
C07301,2024-11-30,55,Female,Chennai,Referral,Premium
C07302,2024-12-31,42,Male,Delhi,Instagram,VIP
C07303,2023-09-02,59,Female,Chennai,Google,Regular
C07304,2024-03-28,43,Male,Chennai,Referral,Budget
C07305,2023-11-25,59,Male,Lucknow,Instagram,Regular
C07306,2025-05-15,57,Female,Chennai,YouTube,Regular
C07307,2023-09-24,56,Male,Pune,Google,Budget
C07308,2025-11-13,28,Male,Lucknow,Instagram,Regular
C07309,2026-08-03,33,Female,Jaipur,Direct,Budget
C07310,2024-12-04,62,Male,Bangalore,Google,Regular
C07311,2023-11-17,21,Female,Ahmedabad,YouTube,Premium
C07312,2024-05-27,46,Male,Delhi,Google,Premium
C07313,2024-02-24,48,Male,Chennai,Instagram,Regular
C07314,2024-08-02,25,Female,Chennai,YouTube,Regular
C07315,2025-07-14,53,Male,Ahmedabad,Google,Budget
C07316,2023-12-12,19,Male,Pune,Organic Search,VIP
C07317,2025-02-04,22,Male,Kolkata,Referral,Budget
C07318,2026-01-29,21,Male,Lucknow,Instagram,Regular
C07319,2025-06-07,45,Male,Jaipur,Direct,Budget
C07320,2025-07-14,20,Male,Ahmedabad,Direct,Regular
C07321,2024-08-28,41,Female,Ahmedabad,Referral,Premium
C07322,2024-05-28,23,Male,Hyderabad,Organic Search,Regular
C07323,2023-12-24,46,Male,Ahmedabad,Google,Regular
C07324,2024-05-15,63,Male,Delhi,Google,Regular
C07325,2024-09-04,48,Male,Mumbai,Organic Search,Budget
C07326,2023-10-26,18,Male,Bangalore,YouTube,Regular
C07327,2024-08-27,20,Male,Bangalore,Instagram,Regular
C07328,2026-01-14,55,Female,Kolkata,YouTube,Budget
C07329,2026-06-27,52,Female,Kolkata,Google,Premium
C07330,2025-12-25,51,Male,Kolkata,Referral,Budget
C07331,2025-07-07,38,Male,Bangalore,Organic Search,Regular
C07332,2025-12-12,62,Female,Jaipur,Instagram,Regular
C07333,2025-07-13,49,Male,Lucknow,Referral,VIP
C07334,2025-05-23,63,Male,Hyderabad,Organic Search,Premium
C07335,2023-11-29,50,Female,Pune,YouTube,Premium
C07336,2023-11-02,38,Female,Ahmedabad,Organic Search,Premium
C07337,2023-10-03,57,Male,Mumbai,YouTube,Regular
C07338,2024-08-05,37,Female,Lucknow,Organic Search,Premium
C07339,2026-03-14,51,Female,Hyderabad,Direct,VIP
C07340,2023-11-07,58,Female,Jaipur,Google,Premium
C07341,2024-01-14,58,Female,Bangalore,YouTube,VIP
C07342,2026-05-31,49,Female,Bangalore,Organic Search,Regular
C07343,2024-12-24,58,Female,Pune,Instagram,Premium
C07344,2024-07-23,27,Female,Bangalore,Google,Budget
C07345,2025-07-14,63,Female,Delhi,YouTube,Budget
C07346,2023-11-08,42,Male,Jaipur,YouTube,Budget
C07347,2025-09-08,18,Female,Kolkata,Instagram,Budget
C07348,2025-05-01,26,Female,Mumbai,Instagram,Premium
C07349,2024-07-16,18,Female,Ahmedabad,Organic Search,Budget
C07350,2024-10-19,29,Male,Pune,Google,VIP
C07351,2023-12-11,56,Female,Bangalore,Google,Budget
C07352,2025-11-29,56,Female,Mumbai,Referral,Regular
C07353,2024-05-09,39,Female,Delhi,Instagram,Regular
C07354,2025-06-15,33,Female,Bangalore,Referral,Budget
C07355,2025-08-20,50,Female,Hyderabad,YouTube,Regular
C07356,2023-09-08,55,Female,Kolkata,Google,Regular
C07357,2024-10-21,58,Female,Hyderabad,Organic Search,Regular
C07358,2026-01-15,39,Male,Bangalore,Direct,Budget
C07359,2026-04-18,39,Female,Jaipur,Organic Search,Regular
C07360,2025-07-06,56,Female,Mumbai,Instagram,Regular
C07361,2024-09-03,56,Male,Kolkata,Referral,Budget
C07362,2026-06-20,33,Male,Delhi,YouTube,Regular
C07363,2026-01-02,37,Female,Kolkata,YouTube,Premium
C07364,2025-01-06,26,Female,Bangalore,Referral,Regular
C07365,2024-08-21,52,Female,Kolkata,Instagram,Regular
C07366,2024-03-25,56,Male,Delhi,YouTube,Regular
C07367,2023-12-18,42,Female,Ahmedabad,Google,Regular
C07368,2025-06-10,53,Male,Bangalore,YouTube,Premium
C07369,2023-11-10,41,Male,Mumbai,Google,Budget
C07370,2026-01-09,58,Male,Ahmedabad,Google,Budget
C07371,2024-03-27,40,Female,Kolkata,Referral,Regular
C07372,2025-05-17,35,Female,Chennai,Google,Regular
C07373,2025-07-26,59,Female,Kolkata,Instagram,Premium
C07374,2024-06-03,53,Male,Pune,Instagram,VIP
C07375,2024-12-01,28,Other,Mumbai,Google,Budget
C07376,2025-10-30,53,Male,Pune,Organic Search,Premium
C07377,2024-12-27,52,Male,Delhi,Referral,Budget
C07378,2024-05-20,45,Female,Chennai,Referral,Premium
C07379,2026-01-17,26,Female,Chennai,Referral,Budget
C07380,2023-11-02,40,Male,Pune,Organic Search,Budget
C07381,2024-08-03,64,Female,Hyderabad,YouTube,Regular
C07382,2024-12-17,54,Female,Mumbai,Instagram,Regular
C07383,2026-07-14,63,Male,Mumbai,Instagram,Budget
C07384,2025-12-01,20,Female,Bangalore,Direct,Regular
C07385,2024-08-03,35,Female,Pune,Google,Premium
C07386,2026-04-24,41,Female,Ahmedabad,Referral,VIP
C07387,2025-12-24,23,Male,Kolkata,Organic Search,Budget
C07388,2024-02-05,54,Female,Pune,Instagram,Premium
C07389,2024-07-31,22,Male,Lucknow,Instagram,Premium
C07390,2024-09-06,20,Male,Kolkata,Instagram,Regular
C07391,2024-10-05,43,Male,Ahmedabad,Referral,Regular
C07392,2023-09-05,60,Female,Lucknow,Organic Search,Premium
C07393,2025-05-31,48,Female,Jaipur,Referral,Regular
C07394,2025-09-09,53,Male,Delhi,Direct,Regular
C07395,2023-10-29,34,Male,Hyderabad,Instagram,Budget
C07396,2025-03-05,48,Female,Jaipur,Direct,Budget
C07397,2026-02-28,40,Male,Pune,Direct,Regular
C07398,2026-03-26,46,Male,Kolkata,Direct,Regular
C07399,2024-12-02,57,Male,Lucknow,Google,Budget
C07400,2024-03-29,59,Female,Jaipur,Referral,Regular
C07401,2024-04-03,48,Male,Lucknow,Organic Search,Regular
C07402,2026-05-19,62,Male,Mumbai,Google,Regular
C07403,2026-01-04,63,Female,Ahmedabad,Organic Search,Budget
C07404,2024-09-05,60,Male,Mumbai,Google,Regular
C07405,2025-08-28,30,Male,Jaipur,Organic Search,Regular
C07406,2025-09-27,63,Male,Pune,Organic Search,Regular
C07407,2026-08-08,62,Female,Jaipur,Google,VIP
C07408,2025-06-15,55,Female,Mumbai,Direct,Budget
C07409,2024-08-24,53,Female,Bangalore,Google,Regular
C07410,2025-05-22,49,Female,Bangalore,Instagram,Regular
C07411,2026-07-18,58,Female,Ahmedabad,Instagram,Premium
C07412,2025-07-03,27,Female,Pune,Organic Search,Premium
C07413,2024-11-28,56,Female,Mumbai,Organic Search,Budget
C07414,2024-02-21,29,Female,Hyderabad,Referral,Premium
C07415,2025-01-06,35,Male,Pune,Referral,Budget
C07416,2026-01-08,59,Other,Delhi,Direct,Regular
C07417,2023-10-13,22,Male,Delhi,Referral,Regular
C07418,2024-04-24,41,Male,Kolkata,Google,VIP
C07419,2023-09-01,50,Male,Ahmedabad,Referral,Budget
C07420,2024-04-28,27,Male,Ahmedabad,Instagram,Regular
C07421,2024-05-06,61,Male,Pune,Referral,Budget
C07422,2025-07-11,31,Male,Chennai,Direct,Regular
C07423,2024-05-15,39,Female,Bangalore,Direct,Regular
C07424,2025-11-10,55,Male,Lucknow,YouTube,Premium
C07425,2026-07-07,35,Male,Kolkata,Google,Regular
C07426,2024-08-25,18,Female,Pune,YouTube,Regular
C07427,2025-11-16,45,Female,Hyderabad,Referral,Budget
C07428,2024-04-09,57,Female,Pune,Organic Search,Regular
C07429,2024-03-16,60,Female,Jaipur,Referral,Premium
C07430,2026-08-16,57,Other,Lucknow,Direct,Premium
C07431,2024-09-28,20,Male,Ahmedabad,Direct,Regular
C07432,2023-11-16,21,Male,Kolkata,Referral,VIP
C07433,2023-09-29,40,Male,Lucknow,Direct,Regular
C07434,2024-01-01,43,Male,Bangalore,Google,Regular
C07435,2024-07-11,37,Female,Kolkata,Google,Regular
C07436,2024-03-28,50,Male,Pune,Direct,Premium
C07437,2025-05-30,40,Other,Ahmedabad,Organic Search,Premium
C07438,2025-12-14,25,Male,Mumbai,Direct,Regular
C07439,2023-10-15,51,Male,Ahmedabad,Referral,Regular
C07440,2023-09-29,31,Female,Delhi,Direct,VIP
C07441,2024-03-31,41,Other,Pune,Direct,Budget
C07442,2024-03-05,28,Male,Chennai,Direct,Regular
C07443,2026-04-24,27,Male,Pune,Instagram,VIP
C07444,2025-10-23,20,Female,Lucknow,Referral,VIP
C07445,2024-09-03,45,Male,Kolkata,Organic Search,Regular
C07446,2025-04-26,34,Female,Hyderabad,Direct,Regular
C07447,2024-03-10,23,Female,Bangalore,Organic Search,Regular
C07448,2023-09-20,38,Male,Hyderabad,Referral,Premium
C07449,2026-03-08,36,Female,Jaipur,Instagram,Regular
C07450,2026-05-22,20,Female,Bangalore,Organic Search,Budget
C07451,2023-09-20,36,Female,Jaipur,Direct,Regular
C07452,2025-09-08,56,Male,Lucknow,YouTube,Premium
C07453,2024-10-16,64,Female,Hyderabad,Direct,Regular
C07454,2026-01-07,26,Male,Mumbai,Google,Premium
C07455,2023-12-27,41,Male,Delhi,Instagram,Premium
C07456,2026-06-18,60,Male,Lucknow,Direct,Regular
C07457,2024-07-27,60,Female,Jaipur,Instagram,Regular
C07458,2024-05-17,20,Male,Delhi,Google,Regular
C07459,2026-01-31,48,Female,Delhi,Direct,Budget
C07460,2025-08-21,64,Male,Hyderabad,YouTube,VIP
C07461,2026-06-24,60,Female,Kolkata,Instagram,Premium
C07462,2026-08-02,47,Male,Chennai,YouTube,Premium
C07463,2026-08-25,20,Female,Kolkata,Organic Search,Regular
C07464,2026-04-20,40,Female,Mumbai,YouTube,Regular
C07465,2026-04-16,55,Female,Jaipur,Direct,Budget
C07466,2023-11-07,30,Female,Jaipur,YouTube,Premium
C07467,2024-02-02,29,Female,Lucknow,Instagram,Regular
C07468,2026-06-05,41,Male,Jaipur,Direct,Regular
C07469,2026-01-15,25,Male,Bangalore,Direct,Budget
C07470,2024-03-25,45,Male,Kolkata,Organic Search,Premium
C07471,2024-10-15,19,Male,Jaipur,Referral,Regular
C07472,2024-10-11,24,Male,Jaipur,Instagram,Regular
C07473,2025-06-15,58,Female,Delhi,YouTube,Regular
C07474,2026-08-02,45,Male,Delhi,Direct,Regular
C07475,2024-05-22,26,Male,Delhi,Referral,Regular
C07476,2023-10-17,48,Female,Kolkata,Instagram,Premium
C07477,2025-07-03,37,Female,Chennai,Direct,VIP
C07478,2024-03-22,46,Female,Ahmedabad,Instagram,VIP
C07479,2025-04-05,61,Male,Bangalore,Google,Budget
C07480,2026-01-09,57,Female,Bangalore,YouTube,Regular
C07481,2024-08-21,26,Female,Jaipur,Referral,Budget
C07482,2023-10-25,57,Female,Ahmedabad,Direct,VIP
C07483,2026-01-15,39,Female,Kolkata,Organic Search,VIP
C07484,2026-04-10,38,Female,Chennai,Instagram,Regular
C07485,2026-03-18,27,Male,Delhi,Organic Search,Regular
C07486,2026-07-24,24,Female,Pune,YouTube,Regular
C07487,2026-04-24,30,Male,Bangalore,Direct,VIP
C07488,2024-04-13,23,Female,Bangalore,YouTube,Regular
C07489,2023-11-25,38,Male,Bangalore,Organic Search,Premium
C07490,2025-01-24,62,Female,Lucknow,Google,Budget
C07491,2025-08-24,62,Male,Kolkata,Instagram,Premium
C07492,2023-11-07,29,Male,Delhi,Referral,Regular
C07493,2025-03-07,22,Female,Lucknow,Organic Search,Budget
C07494,2025-11-28,28,Female,Pune,Organic Search,Regular
C07495,2025-08-03,27,Female,Bangalore,Organic Search,Budget
C07496,2025-03-08,31,Female,Jaipur,Referral,Premium
C07497,2025-02-24,63,Male,Lucknow,Instagram,Regular
C07498,2025-01-17,47,Male,Kolkata,YouTube,Premium
C07499,2024-08-14,22,Male,Lucknow,Google,Regular
C07500,2024-10-10,19,Female,Bangalore,YouTube,Premium
C07501,2025-09-27,34,Female,Bangalore,YouTube,Budget
C07502,2025-10-20,47,Female,Ahmedabad,Instagram,Budget
C07503,2025-02-20,35,Female,Bangalore,Organic Search,Budget
C07504,2024-06-17,64,Female,Pune,Referral,Regular
C07505,2024-11-09,26,Male,Hyderabad,Referral,Regular
C07506,2026-06-02,28,Male,Delhi,Referral,Regular
C07507,2025-05-29,22,Female,Lucknow,YouTube,Budget
C07508,2023-10-07,40,Female,Hyderabad,Referral,VIP
C07509,2024-04-24,63,Male,Hyderabad,Organic Search,Regular
C07510,2024-04-06,42,Female,Bangalore,Referral,Regular
C07511,2026-03-31,50,Female,Pune,Organic Search,Premium
C07512,2024-11-03,60,Male,Delhi,Referral,Premium
C07513,2024-07-28,45,Male,Hyderabad,Referral,Premium
C07514,2026-04-28,53,Male,Hyderabad,YouTube,Premium
C07515,2025-05-15,41,Female,Kolkata,Direct,Regular
C07516,2026-06-18,30,Female,Kolkata,Organic Search,VIP
C07517,2024-10-11,30,Male,Delhi,YouTube,Budget
C07518,2025-04-22,18,Male,Delhi,Instagram,VIP
C07519,2024-01-22,47,Male,Hyderabad,Google,Premium
C07520,2023-11-28,53,Male,Ahmedabad,Google,Regular
C07521,2024-12-27,47,Male,Mumbai,Referral,Regular
C07522,2024-09-16,56,Male,Lucknow,Google,Budget
C07523,2025-05-29,29,Female,Bangalore,Organic Search,Budget
C07524,2025-01-18,62,Female,Delhi,Instagram,Regular
C07525,2025-07-08,53,Female,Bangalore,Organic Search,VIP
C07526,2024-12-07,58,Other,Delhi,Google,Budget
C07527,2025-01-21,44,Male,Lucknow,Referral,Budget
C07528,2024-11-18,25,Male,Bangalore,YouTube,Budget
C07529,2026-01-25,59,Other,Bangalore,YouTube,Regular
C07530,2024-08-09,44,Male,Pune,Organic Search,Budget
C07531,2024-10-20,59,Female,Bangalore,Organic Search,Regular
C07532,2024-03-11,48,Male,Lucknow,Referral,Budget
C07533,2024-05-10,26,Male,Pune,Instagram,Budget
C07534,2025-08-04,22,Female,Kolkata,Referral,Premium
C07535,2024-09-24,20,Female,Mumbai,Organic Search,Budget
C07536,2023-11-26,34,Female,Kolkata,YouTube,Premium
C07537,2026-03-08,62,Female,Jaipur,Instagram,Regular
C07538,2025-03-12,39,Female,Delhi,Instagram,Premium
C07539,2025-08-02,20,Male,Ahmedabad,Google,Budget
C07540,2026-01-05,42,Female,Lucknow,Direct,Regular
C07541,2026-06-08,32,Female,Pune,Instagram,Regular
C07542,2023-12-13,32,Female,Pune,Google,Regular
C07543,2023-11-14,20,Male,Ahmedabad,Instagram,Premium
C07544,2023-10-08,34,Female,Hyderabad,Google,VIP
C07545,2024-04-03,38,Male,Pune,YouTube,Budget
C07546,2024-03-30,62,Female,Mumbai,Referral,Premium
C07547,2024-08-22,57,Female,Ahmedabad,Instagram,Budget
C07548,2024-07-24,53,Male,Chennai,Instagram,Regular
C07549,2026-02-06,64,Male,Jaipur,Instagram,Regular
C07550,2025-09-15,58,Female,Kolkata,Organic Search,Regular
C07551,2024-06-23,33,Female,Bangalore,Instagram,Budget
C07552,2025-10-09,46,Male,Lucknow,Organic Search,Premium
C07553,2026-08-25,37,Male,Bangalore,Organic Search,VIP
C07554,2026-08-26,62,Female,Chennai,Instagram,Regular
C07555,2025-11-29,20,Male,Mumbai,Direct,Regular
C07556,2025-11-15,58,Female,Hyderabad,YouTube,Regular
C07557,2026-05-23,42,Female,Bangalore,Direct,Regular
C07558,2023-09-06,63,Male,Bangalore,Referral,Regular
C07559,2024-07-21,58,Male,Chennai,Google,Premium
C07560,2026-02-14,46,Male,Mumbai,Referral,Regular
C07561,2026-01-02,18,Male,Kolkata,Google,Budget
C07562,2024-11-12,63,Male,Mumbai,Instagram,VIP
C07563,2024-11-14,39,Male,Chennai,Instagram,Regular
C07564,2025-05-24,45,Male,Bangalore,Organic Search,Regular
C07565,2025-08-15,49,Female,Ahmedabad,YouTube,Budget
C07566,2025-01-26,55,Male,Kolkata,Referral,Regular
C07567,2025-03-11,23,Female,Chennai,Instagram,Budget
C07568,2025-12-09,30,Female,Delhi,Instagram,Premium
C07569,2024-02-07,23,Male,Jaipur,Google,Regular
C07570,2024-11-05,21,Male,Mumbai,Instagram,Premium
C07571,2024-05-02,37,Female,Hyderabad,Organic Search,VIP
C07572,2025-11-26,50,Male,Jaipur,Instagram,Budget
C07573,2025-01-28,23,Female,Delhi,Instagram,Premium
C07574,2025-03-15,46,Female,Hyderabad,Instagram,Regular
C07575,2026-01-05,60,Male,Ahmedabad,Instagram,Budget
C07576,2025-12-05,63,Female,Mumbai,Instagram,Premium
C07577,2025-10-27,63,Male,Bangalore,Direct,Regular
C07578,2025-01-14,40,Female,Chennai,Google,Budget
C07579,2026-01-11,41,Male,Pune,Instagram,Premium
C07580,2024-08-05,38,Female,Chennai,Instagram,Regular
C07581,2024-03-20,19,Male,Bangalore,Google,Budget
C07582,2025-12-19,42,Female,Kolkata,Organic Search,Premium
C07583,2025-09-30,26,Female,Bangalore,Organic Search,Regular
C07584,2024-04-13,41,Male,Chennai,Organic Search,VIP
C07585,2025-01-02,36,Female,Kolkata,Instagram,Premium
C07586,2025-05-01,57,Male,Kolkata,Organic Search,Premium
C07587,2024-10-11,18,Male,Jaipur,Referral,Budget
C07588,2025-05-21,30,Male,Mumbai,YouTube,Premium
C07589,2024-01-15,29,Female,Hyderabad,Direct,Regular
C07590,2026-06-26,19,Female,Hyderabad,Referral,Premium
C07591,2023-09-07,38,Male,Bangalore,Referral,VIP
C07592,2026-02-01,29,Female,Jaipur,Direct,Regular
C07593,2026-02-27,33,Female,Jaipur,Google,Budget
C07594,2024-09-03,32,Male,Pune,Google,VIP
C07595,2024-11-29,48,Male,Lucknow,Direct,Premium
C07596,2025-09-17,63,Male,Pune,Organic Search,Regular
C07597,2024-11-12,19,Male,Bangalore,Direct,VIP
C07598,2025-12-28,39,Male,Lucknow,Google,Budget
C07599,2025-04-08,62,Female,Hyderabad,Organic Search,VIP
C07600,2024-08-19,29,Male,Chennai,Direct,Budget
C07601,2023-09-22,27,Female,Hyderabad,Google,Premium
C07602,2026-01-04,24,Male,Jaipur,Direct,Premium
C07603,2026-06-03,59,Male,Lucknow,Organic Search,Budget
C07604,2024-02-12,60,Male,Lucknow,Google,Premium
C07605,2026-07-07,58,Male,Kolkata,Organic Search,Regular
C07606,2024-08-23,64,Female,Ahmedabad,Referral,Regular
C07607,2025-07-18,62,Other,Delhi,Google,Regular
C07608,2025-06-18,37,Female,Hyderabad,Google,Regular
C07609,2025-06-24,57,Female,Mumbai,Organic Search,Budget
C07610,2026-04-04,63,Female,Pune,Google,Budget
C07611,2026-08-06,47,Female,Mumbai,YouTube,Premium
C07612,2024-04-07,21,Male,Lucknow,YouTube,Budget
C07613,2024-10-29,34,Female,Hyderabad,YouTube,Regular
C07614,2025-04-04,25,Male,Ahmedabad,Instagram,Regular
C07615,2024-03-21,26,Male,Chennai,Direct,Regular
C07616,2023-12-25,54,Female,Hyderabad,Organic Search,Regular
C07617,2025-05-13,36,Male,Hyderabad,Google,Regular
C07618,2025-01-03,48,Male,Chennai,YouTube,Budget
C07619,2026-05-04,63,Female,Jaipur,Organic Search,Budget
C07620,2023-12-08,29,Male,Chennai,Google,Budget
C07621,2023-12-20,62,Female,Bangalore,Instagram,Premium
C07622,2025-04-24,18,Female,Hyderabad,Organic Search,Regular
C07623,2023-10-02,20,Female,Chennai,YouTube,Premium
C07624,2025-09-21,63,Male,Lucknow,Direct,Premium
C07625,2025-02-13,42,Female,Hyderabad,Google,Regular
C07626,2024-03-19,20,Female,Ahmedabad,YouTube,Budget
C07627,2023-11-12,50,Female,Ahmedabad,Google,VIP
C07628,2026-07-18,48,Other,Hyderabad,YouTube,Regular
C07629,2024-07-04,48,Female,Chennai,Organic Search,Budget
C07630,2024-05-09,54,Male,Jaipur,Organic Search,Budget
C07631,2025-08-19,47,Male,Pune,Google,Regular
C07632,2023-11-12,33,Female,Bangalore,Referral,Budget
C07633,2023-10-29,39,Male,Mumbai,Referral,Regular
C07634,2025-03-18,24,Male,Lucknow,Instagram,Regular
C07635,2024-03-03,63,Male,Delhi,Google,Regular
C07636,2026-03-27,29,Male,Lucknow,Instagram,Budget
C07637,2024-11-20,27,Female,Kolkata,Google,Premium
C07638,2024-02-16,52,Male,Pune,Organic Search,Regular
C07639,2023-12-27,23,Female,Pune,Google,Budget
C07640,2025-04-06,46,Female,Lucknow,Instagram,Regular
C07641,2025-02-02,23,Male,Lucknow,Organic Search,Budget
C07642,2023-11-11,57,Female,Mumbai,Referral,Regular
C07643,2026-07-09,37,Male,Delhi,Instagram,Regular
C07644,2026-04-02,53,Male,Kolkata,Google,Regular
C07645,2024-01-17,53,Female,Lucknow,Referral,Regular
C07646,2024-04-09,41,Male,Bangalore,Direct,Budget
C07647,2024-12-13,61,Male,Kolkata,Referral,Premium
C07648,2025-10-13,24,Female,Kolkata,YouTube,Premium
C07649,2025-01-29,44,Male,Delhi,Instagram,Regular
C07650,2025-06-19,39,Female,Ahmedabad,Organic Search,Budget
C07651,2026-06-22,64,Female,Chennai,Direct,Regular
C07652,2025-06-01,29,Male,Jaipur,Organic Search,Budget
C07653,2025-02-28,63,Male,Jaipur,YouTube,Regular
C07654,2025-09-16,30,Female,Lucknow,Instagram,Budget
C07655,2024-06-24,52,Male,Jaipur,Google,Premium
C07656,2023-09-05,43,Male,Delhi,Instagram,Budget
C07657,2024-01-31,35,Male,Kolkata,Organic Search,VIP
C07658,2023-11-06,30,Male,Pune,Organic Search,Regular
C07659,2024-11-07,60,Female,Bangalore,Organic Search,Premium
C07660,2026-01-29,22,Male,Kolkata,Organic Search,VIP
C07661,2025-03-26,24,Female,Ahmedabad,Instagram,Budget
C07662,2026-05-21,25,Male,Bangalore,Google,Premium
C07663,2026-04-17,24,Female,Ahmedabad,Instagram,Premium
C07664,2025-01-13,52,Female,Delhi,Google,Regular
C07665,2025-05-20,19,Female,Bangalore,Referral,Regular
C07666,2025-11-13,57,Female,Kolkata,Google,Regular
C07667,2024-07-08,39,Male,Hyderabad,Organic Search,Premium
C07668,2026-04-19,37,Other,Chennai,Direct,Premium
C07669,2025-01-09,52,Male,Delhi,Organic Search,Budget
C07670,2025-10-03,39,Female,Bangalore,Organic Search,Budget
C07671,2025-10-15,32,Female,Hyderabad,Organic Search,Regular
C07672,2024-07-19,56,Female,Hyderabad,Google,Budget
C07673,2025-06-29,29,Male,Delhi,Instagram,Regular
C07674,2026-01-31,58,Male,Hyderabad,Instagram,Premium
C07675,2024-03-06,50,Female,Ahmedabad,Direct,Budget
C07676,2024-05-27,37,Female,Chennai,Referral,Regular
C07677,2026-05-10,24,Male,Chennai,Google,Regular
C07678,2025-11-08,40,Female,Lucknow,Referral,Regular
C07679,2025-01-10,45,Male,Lucknow,Google,Regular
C07680,2026-05-22,49,Male,Ahmedabad,Instagram,Premium
C07681,2024-03-16,27,Male,Hyderabad,Instagram,Regular
C07682,2025-05-12,30,Male,Kolkata,Referral,Budget
C07683,2024-11-01,49,Other,Bangalore,Instagram,Budget
C07684,2026-06-29,51,Male,Ahmedabad,Google,Regular
C07685,2024-05-16,25,Female,Kolkata,Referral,Budget
C07686,2026-04-08,43,Female,Delhi,YouTube,Regular
C07687,2024-06-23,58,Female,Bangalore,Organic Search,Regular
C07688,2025-07-16,45,Other,Delhi,Organic Search,Budget
C07689,2024-07-12,57,Male,Kolkata,Organic Search,Regular
C07690,2026-05-28,25,Female,Kolkata,Referral,Regular
C07691,2025-10-01,52,Male,Bangalore,Instagram,Budget
C07692,2025-10-27,45,Male,Hyderabad,YouTube,Premium
C07693,2024-04-22,54,Male,Hyderabad,Google,Budget
C07694,2025-02-18,34,Female,Hyderabad,Direct,Regular
C07695,2026-08-19,46,Female,Lucknow,Instagram,VIP
C07696,2025-04-24,47,Female,Chennai,Google,Budget
C07697,2026-08-22,55,Male,Bangalore,Referral,Regular
C07698,2023-11-19,44,Female,Pune,Google,Premium
C07699,2023-12-21,46,Male,Jaipur,Google,Regular
C07700,2025-12-15,23,Male,Kolkata,Instagram,Premium
C07701,2024-08-19,59,Female,Ahmedabad,Referral,Regular
C07702,2025-01-03,20,Female,Ahmedabad,Referral,Regular
C07703,2024-05-31,37,Female,Mumbai,Referral,Regular
C07704,2025-03-04,48,Female,Hyderabad,Referral,Regular
C07705,2025-01-15,52,Male,Chennai,Referral,VIP
C07706,2023-11-16,29,Female,Delhi,Google,Premium
C07707,2025-09-27,33,Female,Delhi,Instagram,Regular
C07708,2025-11-26,31,Female,Bangalore,YouTube,Regular
C07709,2024-10-18,56,Female,Delhi,Organic Search,Regular
C07710,2025-11-22,60,Male,Hyderabad,Direct,Regular
C07711,2026-03-22,22,Female,Hyderabad,Direct,Regular
C07712,2024-11-04,36,Male,Kolkata,Referral,Budget
C07713,2023-09-08,59,Male,Delhi,Direct,Premium
C07714,2023-12-31,38,Female,Hyderabad,Direct,Regular
C07715,2026-05-29,40,Female,Ahmedabad,Instagram,Budget
C07716,2024-08-20,31,Female,Ahmedabad,Instagram,Premium
C07717,2025-11-25,18,Female,Lucknow,Referral,Regular
C07718,2025-02-09,32,Male,Kolkata,YouTube,Regular
C07719,2023-11-10,29,Male,Kolkata,Direct,Premium
C07720,2025-04-20,46,Female,Bangalore,Organic Search,Budget
C07721,2024-05-19,55,Male,Chennai,Google,Premium
C07722,2026-07-04,56,Female,Jaipur,Instagram,Budget
C07723,2024-01-28,38,Female,Hyderabad,Organic Search,Regular
C07724,2026-02-12,21,Female,Mumbai,Instagram,Budget
C07725,2026-03-07,55,Female,Delhi,Organic Search,Regular
C07726,2024-03-01,34,Female,Lucknow,Google,Budget
C07727,2023-09-16,29,Other,Kolkata,Google,Premium
C07728,2023-12-16,22,Male,Chennai,Instagram,Regular
C07729,2024-07-15,61,Female,Hyderabad,Instagram,Regular
C07730,2025-04-04,63,Male,Mumbai,Instagram,Regular
C07731,2024-10-29,46,Male,Pune,Instagram,Premium
C07732,2023-11-21,21,Female,Mumbai,Instagram,Premium
C07733,2025-12-11,64,Male,Hyderabad,Google,Regular
C07734,2025-09-08,50,Female,Chennai,Referral,Regular
C07735,2024-02-12,33,Female,Kolkata,Google,Premium
C07736,2024-09-23,54,Female,Kolkata,Referral,Budget
C07737,2024-04-21,49,Female,Kolkata,Instagram,Premium
C07738,2023-10-04,46,Female,Hyderabad,Direct,Regular
C07739,2025-09-05,39,Male,Chennai,Instagram,Premium
C07740,2024-04-20,29,Male,Ahmedabad,Instagram,Regular
C07741,2025-09-29,25,Female,Hyderabad,Google,Regular
C07742,2026-03-01,29,Female,Pune,Google,Regular
C07743,2026-02-02,31,Female,Hyderabad,Organic Search,Budget
C07744,2025-07-30,35,Male,Ahmedabad,Google,Premium
C07745,2025-10-21,59,Male,Bangalore,Organic Search,Regular
C07746,2026-05-07,24,Other,Kolkata,Organic Search,Budget
C07747,2024-10-29,50,Male,Bangalore,Direct,Regular
C07748,2024-07-30,49,Male,Kolkata,Instagram,Budget
C07749,2023-10-24,49,Male,Kolkata,YouTube,Regular
C07750,2023-09-02,36,Male,Hyderabad,YouTube,Regular
C07751,2025-12-21,48,Female,Pune,Organic Search,Regular
C07752,2025-12-15,57,Female,Pune,Direct,Budget
C07753,2026-06-10,48,Other,Kolkata,Instagram,Budget
C07754,2024-10-11,49,Male,Ahmedabad,Organic Search,Regular
C07755,2024-05-15,22,Male,Ahmedabad,Organic Search,Regular
C07756,2023-12-06,56,Male,Ahmedabad,Google,Regular
C07757,2024-12-02,32,Other,Hyderabad,Instagram,Regular
C07758,2026-08-16,47,Female,Lucknow,YouTube,Premium
C07759,2024-08-31,45,Female,Chennai,Direct,Budget
C07760,2024-03-25,22,Male,Chennai,Organic Search,Regular
C07761,2025-08-30,38,Male,Bangalore,Referral,Regular
C07762,2024-04-25,20,Female,Hyderabad,Instagram,Premium
C07763,2026-04-20,46,Female,Bangalore,Google,Regular
C07764,2026-01-17,56,Male,Jaipur,Direct,Budget
C07765,2026-02-23,46,Female,Bangalore,Instagram,Regular
C07766,2024-02-27,57,Male,Bangalore,Instagram,Budget
C07767,2024-02-27,52,Male,Delhi,Organic Search,Budget
C07768,2024-11-25,52,Male,Pune,YouTube,Premium
C07769,2023-12-24,46,Male,Ahmedabad,YouTube,Budget
C07770,2024-08-20,53,Male,Hyderabad,Google,VIP
C07771,2025-05-05,50,Female,Pune,Organic Search,Regular
C07772,2024-03-22,32,Female,Kolkata,Google,Budget
C07773,2024-04-11,56,Female,Ahmedabad,Google,Regular
C07774,2025-04-12,64,Male,Hyderabad,Organic Search,Regular
C07775,2026-06-22,20,Male,Bangalore,Google,Premium
C07776,2024-01-07,35,Male,Ahmedabad,Instagram,Regular
C07777,2024-04-18,57,Female,Ahmedabad,Google,Regular
C07778,2024-09-21,23,Female,Chennai,Organic Search,Regular
C07779,2024-03-05,62,Female,Ahmedabad,Google,Regular
C07780,2024-11-10,21,Female,Pune,Google,Premium
C07781,2024-08-08,30,Male,Kolkata,Referral,Regular
C07782,2024-10-27,41,Female,Mumbai,Referral,Premium
C07783,2025-01-11,62,Other,Jaipur,Google,Regular
C07784,2023-11-08,31,Male,Delhi,Direct,Regular
C07785,2026-02-06,28,Female,Chennai,Google,Regular
C07786,2025-08-09,57,Female,Pune,Instagram,Regular
C07787,2024-10-05,52,Female,Pune,Google,Regular
C07788,2023-11-09,33,Male,Lucknow,Direct,Regular
C07789,2024-04-23,61,Male,Bangalore,Direct,Regular
C07790,2024-07-23,20,Female,Hyderabad,Organic Search,Regular
C07791,2025-06-14,23,Male,Mumbai,Google,Regular
C07792,2026-08-09,59,Female,Pune,Direct,Regular
C07793,2023-12-17,37,Male,Ahmedabad,Google,Budget
C07794,2025-04-06,19,Male,Lucknow,Direct,Budget
C07795,2026-08-17,59,Male,Chennai,Instagram,Premium
C07796,2026-03-17,36,Female,Delhi,Direct,Regular
C07797,2024-03-02,37,Female,Delhi,Direct,Regular
C07798,2026-07-14,57,Female,Kolkata,Organic Search,Regular
C07799,2025-06-15,19,Female,Mumbai,Google,Regular
C07800,2026-08-07,25,Male,Bangalore,YouTube,Budget
C07801,2025-09-29,47,Male,Pune,Instagram,Budget
C07802,2025-09-08,60,Female,Delhi,Instagram,Regular
C07803,2026-07-28,29,Male,Ahmedabad,Instagram,Premium
C07804,2025-09-26,28,Female,Chennai,Referral,Regular
C07805,2024-08-25,63,Female,Mumbai,Instagram,Regular
C07806,2025-07-24,27,Female,Mumbai,Referral,Regular
C07807,2026-04-22,62,Female,Jaipur,Google,Regular
C07808,2024-08-10,51,Male,Delhi,Google,VIP
C07809,2026-03-18,40,Female,Kolkata,Referral,Budget
C07810,2025-02-06,59,Male,Chennai,Google,Premium
C07811,2024-08-29,31,Female,Delhi,Google,Budget
C07812,2025-06-24,64,Male,Lucknow,Google,VIP
C07813,2025-05-30,45,Male,Pune,Organic Search,Regular
C07814,2024-10-20,45,Female,Mumbai,Google,Regular
C07815,2025-07-30,30,Female,Mumbai,Organic Search,Premium
C07816,2024-05-08,28,Female,Hyderabad,Google,Regular
C07817,2025-06-01,34,Female,Pune,YouTube,Budget
C07818,2026-08-15,50,Female,Pune,Google,Budget
C07819,2024-05-08,59,Male,Jaipur,Instagram,Regular
C07820,2025-07-03,20,Male,Bangalore,Direct,Regular
C07821,2026-05-06,26,Male,Delhi,Direct,Budget
C07822,2024-07-31,53,Male,Pune,Organic Search,Budget
C07823,2025-11-13,32,Male,Kolkata,Google,Regular
C07824,2025-12-04,61,Male,Kolkata,Referral,Regular
C07825,2025-07-07,23,Female,Delhi,Organic Search,Premium
C07826,2023-11-01,33,Male,Jaipur,Instagram,Regular
C07827,2024-10-11,47,Female,Bangalore,Instagram,Regular
C07828,2024-07-18,23,Male,Lucknow,Instagram,Premium
C07829,2024-02-10,57,Male,Ahmedabad,Instagram,Regular
C07830,2024-04-08,36,Female,Delhi,Direct,Premium
C07831,2023-10-08,56,Male,Pune,Organic Search,Premium
C07832,2026-06-05,32,Female,Kolkata,Google,Premium
C07833,2025-06-13,34,Male,Chennai,YouTube,Regular
C07834,2026-06-29,59,Female,Kolkata,Organic Search,Budget
C07835,2025-11-15,58,Female,Jaipur,Referral,Premium
C07836,2024-08-22,54,Female,Pune,Instagram,Budget
C07837,2024-06-27,63,Male,Pune,Instagram,Premium
C07838,2025-08-02,53,Male,Bangalore,Instagram,Premium
C07839,2025-12-08,28,Male,Ahmedabad,Referral,Regular
C07840,2025-03-20,58,Male,Ahmedabad,Google,Premium
C07841,2026-08-03,18,Male,Bangalore,Instagram,Budget
C07842,2025-08-07,36,Male,Delhi,Referral,Regular
C07843,2024-07-09,39,Male,Mumbai,Organic Search,Premium
C07844,2023-09-22,55,Male,Pune,Instagram,Budget
C07845,2026-03-13,46,Female,Kolkata,Organic Search,Regular
C07846,2024-08-25,25,Male,Bangalore,Direct,Regular
C07847,2024-05-19,45,Male,Delhi,Instagram,Budget
C07848,2025-04-10,48,Female,Mumbai,Referral,Regular
C07849,2026-05-17,28,Male,Bangalore,Organic Search,VIP
C07850,2025-08-25,52,Female,Mumbai,Referral,Budget
C07851,2024-05-26,44,Male,Pune,Instagram,Regular
C07852,2025-09-19,21,Male,Ahmedabad,Organic Search,Regular
C07853,2025-10-24,39,Female,Jaipur,Referral,Regular
C07854,2025-06-24,31,Female,Mumbai,Organic Search,Regular
C07855,2024-10-19,43,Female,Jaipur,Instagram,Budget
C07856,2024-08-14,56,Male,Pune,Referral,Budget
C07857,2024-12-24,21,Female,Delhi,Instagram,Regular
C07858,2023-09-03,30,Male,Bangalore,Google,Regular
C07859,2026-04-07,55,Female,Bangalore,Referral,Budget
C07860,2023-11-12,46,Male,Mumbai,Instagram,Regular
C07861,2024-03-25,19,Female,Jaipur,Instagram,Regular
C07862,2025-07-23,61,Female,Pune,Direct,Regular
C07863,2024-01-30,38,Male,Bangalore,Instagram,Regular
C07864,2024-04-07,43,Male,Mumbai,Referral,Budget
C07865,2023-12-06,25,Female,Bangalore,Referral,Regular
C07866,2025-06-07,47,Female,Kolkata,Organic Search,Regular
C07867,2026-02-24,22,Female,Kolkata,Organic Search,VIP
C07868,2026-06-14,61,Male,Hyderabad,Google,Regular
C07869,2024-05-12,37,Male,Hyderabad,YouTube,VIP
C07870,2023-11-21,35,Female,Ahmedabad,Direct,Regular
C07871,2025-10-30,46,Female,Mumbai,Organic Search,Premium
C07872,2024-08-03,64,Male,Ahmedabad,Instagram,Premium
C07873,2025-10-26,50,Male,Mumbai,Instagram,Premium
C07874,2024-05-22,40,Female,Jaipur,Direct,Budget
C07875,2024-03-08,64,Female,Hyderabad,Organic Search,Premium
C07876,2024-05-26,42,Male,Delhi,Instagram,Premium
C07877,2024-07-05,30,Male,Bangalore,Referral,Regular
C07878,2024-12-31,57,Male,Lucknow,Organic Search,Premium
C07879,2025-07-24,45,Male,Ahmedabad,Organic Search,Budget
C07880,2024-06-20,61,Male,Pune,YouTube,Premium
C07881,2025-12-31,61,Male,Lucknow,Google,Regular
C07882,2023-11-23,47,Male,Delhi,Referral,Regular
C07883,2026-07-28,48,Female,Pune,Referral,VIP
C07884,2024-11-06,49,Female,Mumbai,Referral,Budget
C07885,2024-02-27,50,Male,Chennai,YouTube,Regular
C07886,2024-12-23,55,Female,Ahmedabad,Direct,Budget
C07887,2025-03-03,58,Male,Delhi,Instagram,Premium
C07888,2025-11-10,58,Male,Jaipur,YouTube,Regular
C07889,2025-12-08,54,Male,Kolkata,Google,Regular
C07890,2026-02-11,25,Male,Lucknow,Google,Budget
C07891,2026-01-13,41,Female,Lucknow,Referral,Regular
C07892,2023-09-18,61,Male,Mumbai,Instagram,Premium
C07893,2024-10-19,56,Female,Pune,Referral,Regular
C07894,2026-03-21,18,Female,Delhi,Google,Budget
C07895,2025-12-06,31,Female,Bangalore,YouTube,Regular
C07896,2026-06-02,24,Male,Jaipur,Direct,Budget
C07897,2025-06-10,35,Male,Mumbai,Organic Search,Premium
C07898,2024-02-11,42,Male,Mumbai,Direct,Regular
C07899,2025-11-01,60,Female,Chennai,Instagram,Premium
C07900,2024-06-04,24,Female,Chennai,Referral,Regular
C07901,2025-01-17,32,Male,Lucknow,Organic Search,Regular
C07902,2025-01-06,54,Female,Ahmedabad,Referral,Regular
C07903,2024-10-12,36,Male,Kolkata,Direct,Regular
C07904,2025-06-22,32,Male,Chennai,Google,Premium
C07905,2023-11-14,29,Male,Bangalore,YouTube,Budget
C07906,2024-01-24,37,Male,Hyderabad,Instagram,Regular
C07907,2025-01-23,39,Male,Ahmedabad,Referral,Regular
C07908,2024-02-13,19,Male,Lucknow,YouTube,Regular
C07909,2024-03-22,50,Female,Lucknow,YouTube,Budget
C07910,2023-09-11,53,Male,Delhi,Instagram,VIP
C07911,2025-02-26,23,Male,Ahmedabad,Organic Search,Premium
C07912,2025-10-30,54,Female,Ahmedabad,Instagram,Budget
C07913,2025-02-16,20,Male,Lucknow,Referral,Regular
C07914,2026-06-07,20,Male,Jaipur,Instagram,Regular
C07915,2026-06-23,58,Male,Jaipur,Google,Regular
C07916,2026-07-26,38,Female,Chennai,Referral,Regular
C07917,2024-10-09,60,Female,Mumbai,Organic Search,Budget
C07918,2025-02-14,49,Female,Lucknow,Direct,Regular
C07919,2025-07-30,34,Male,Pune,Organic Search,Regular
C07920,2025-06-02,52,Male,Kolkata,Google,Premium
C07921,2024-11-18,59,Female,Delhi,Organic Search,Budget
C07922,2023-10-09,39,Male,Lucknow,Instagram,Regular
C07923,2026-06-03,38,Female,Jaipur,Instagram,Regular
C07924,2024-10-22,39,Female,Mumbai,Organic Search,Regular
C07925,2025-05-08,54,Female,Lucknow,Direct,Budget
C07926,2024-03-27,49,Male,Hyderabad,Google,Regular
C07927,2024-12-18,18,Female,Bangalore,YouTube,Regular
C07928,2024-06-02,44,Male,Hyderabad,Google,Premium
C07929,2026-05-24,49,Female,Mumbai,Organic Search,Regular
C07930,2025-10-27,63,Male,Lucknow,Instagram,Regular
C07931,2025-03-08,43,Male,Pune,Referral,Regular
C07932,2025-02-13,49,Female,Delhi,Referral,Budget
C07933,2025-09-20,23,Female,Lucknow,Google,Regular
C07934,2025-09-29,59,Male,Ahmedabad,YouTube,Premium
C07935,2025-08-10,35,Male,Mumbai,Google,Budget
C07936,2026-06-08,33,Female,Pune,Direct,Budget
C07937,2025-11-11,63,Male,Pune,YouTube,Budget
C07938,2024-05-19,55,Other,Mumbai,Instagram,Regular
C07939,2023-10-04,26,Female,Lucknow,YouTube,Budget
C07940,2026-02-04,19,Female,Ahmedabad,Google,Premium
C07941,2025-07-19,41,Male,Ahmedabad,YouTube,Premium
C07942,2025-09-07,52,Male,Hyderabad,Google,Regular
C07943,2025-09-30,27,Female,Kolkata,Google,Regular
C07944,2025-08-04,28,Male,Mumbai,Organic Search,Regular
C07945,2024-06-09,24,Male,Hyderabad,Referral,Budget
C07946,2025-01-08,53,Female,Ahmedabad,Google,Regular
C07947,2025-09-12,43,Male,Mumbai,Direct,Regular
C07948,2024-06-01,40,Female,Delhi,YouTube,Regular
C07949,2025-06-17,24,Female,Kolkata,Direct,Regular
C07950,2026-07-06,32,Male,Bangalore,Organic Search,Regular
C07951,2026-03-07,25,Female,Lucknow,Google,Regular
C07952,2023-09-10,48,Male,Ahmedabad,Instagram,Budget
C07953,2025-12-19,25,Male,Jaipur,Organic Search,Premium
C07954,2025-08-03,63,Male,Mumbai,YouTube,Regular
C07955,2026-05-28,20,Female,Pune,Direct,Premium
C07956,2024-11-05,57,Male,Bangalore,Instagram,Regular
C07957,2025-05-31,28,Male,Ahmedabad,Direct,Premium
C07958,2026-05-11,59,Male,Chennai,Instagram,Regular
C07959,2025-03-18,18,Male,Pune,Direct,Regular
C07960,2024-03-21,52,Female,Bangalore,Direct,Budget
C07961,2024-12-03,60,Female,Lucknow,Google,Budget
C07962,2026-02-22,40,Female,Mumbai,YouTube,Regular
C07963,2024-05-31,20,Male,Delhi,Referral,Regular
C07964,2024-07-24,48,Female,Mumbai,Instagram,Budget
C07965,2026-07-23,39,Male,Jaipur,Instagram,Budget
C07966,2025-08-18,26,Male,Mumbai,Organic Search,Regular
C07967,2024-10-20,25,Male,Lucknow,YouTube,Regular
C07968,2024-07-30,55,Female,Jaipur,YouTube,Premium
C07969,2024-11-21,29,Male,Ahmedabad,Google,Regular
C07970,2026-04-14,44,Male,Pune,Google,Budget
C07971,2025-11-02,52,Female,Pune,YouTube,Regular
C07972,2023-12-03,49,Female,Jaipur,Organic Search,Regular
C07973,2025-07-25,39,Male,Lucknow,Organic Search,Regular
C07974,2025-12-26,43,Male,Ahmedabad,Google,Budget
C07975,2024-09-08,54,Female,Pune,Instagram,Regular
C07976,2024-01-31,19,Female,Delhi,Organic Search,Budget
C07977,2025-11-25,25,Female,Mumbai,Instagram,Regular
C07978,2026-06-12,25,Female,Hyderabad,Google,VIP
C07979,2024-11-06,41,Female,Lucknow,Referral,Budget
C07980,2024-07-30,43,Male,Lucknow,Direct,Regular
C07981,2026-08-13,61,Female,Chennai,Organic Search,VIP
C07982,2026-02-07,38,Male,Chennai,YouTube,Regular
C07983,2023-08-29,29,Other,Chennai,Instagram,VIP
C07984,2023-11-12,40,Male,Bangalore,YouTube,Regular
C07985,2025-09-29,46,Female,Chennai,Organic Search,Premium
C07986,2025-03-25,18,Male,Kolkata,YouTube,Budget
C07987,2025-08-14,31,Female,Lucknow,Instagram,Regular
C07988,2025-11-08,26,Female,Delhi,Google,Budget
C07989,2024-03-02,26,Male,Kolkata,Google,Premium
C07990,2024-10-11,46,Other,Mumbai,Organic Search,Regular
C07991,2025-10-07,40,Male,Chennai,Direct,Regular
C07992,2024-04-01,21,Male,Delhi,Organic Search,Regular
C07993,2024-03-14,50,Male,Ahmedabad,Instagram,Premium
C07994,2026-07-02,58,Male,Kolkata,Direct,Regular
C07995,2025-01-02,31,Male,Jaipur,Organic Search,Regular
C07996,2026-02-05,57,Male,Chennai,YouTube,Regular
C07997,2024-03-18,59,Female,Chennai,Organic Search,Regular
C07998,2023-10-31,27,Male,Bangalore,Referral,VIP
C07999,2024-03-15,62,Male,Ahmedabad,YouTube,Regular
C08000,2025-12-07,34,Male,Delhi,Google,Regular
C08001,2024-06-07,36,Male,Chennai,YouTube,VIP
C08002,2026-05-12,48,Female,Bangalore,Referral,Premium
C08003,2024-11-18,34,Female,Bangalore,Google,Regular
C08004,2025-07-15,18,Male,Chennai,Organic Search,Regular
C08005,2025-07-12,25,Other,Ahmedabad,Instagram,Regular
C08006,2026-04-05,40,Female,Hyderabad,Referral,Premium
C08007,2024-02-26,26,Male,Delhi,Instagram,Regular
C08008,2024-07-14,51,Female,Bangalore,Organic Search,Premium
C08009,2024-10-14,60,Male,Bangalore,Organic Search,Regular
C08010,2024-06-26,34,Female,Mumbai,Instagram,Budget
C08011,2024-09-05,34,Female,Lucknow,YouTube,VIP
C08012,2025-05-30,52,Male,Mumbai,Organic Search,Premium
C08013,2025-02-01,44,Female,Ahmedabad,Referral,VIP
C08014,2025-09-03,28,Male,Lucknow,Instagram,Budget
C08015,2023-12-16,26,Female,Kolkata,Direct,VIP
C08016,2023-11-02,64,Female,Kolkata,Instagram,VIP
C08017,2025-11-28,52,Female,Hyderabad,Instagram,Regular
C08018,2023-09-04,42,Male,Pune,Instagram,Premium
C08019,2025-05-27,28,Female,Lucknow,Organic Search,Regular
C08020,2026-08-14,25,Female,Ahmedabad,YouTube,Premium
C08021,2023-12-12,58,Male,Pune,Google,Regular
C08022,2025-03-22,50,Female,Ahmedabad,Direct,Budget
C08023,2023-09-04,57,Female,Pune,Referral,Regular
C08024,2025-06-18,25,Female,Hyderabad,Instagram,Regular
C08025,2026-08-13,20,Female,Ahmedabad,Direct,Regular
C08026,2025-12-09,42,Male,Lucknow,Referral,Regular
C08027,2026-06-14,30,Female,Delhi,Instagram,Regular
C08028,2025-01-27,21,Female,Chennai,Google,Regular
C08029,2024-08-31,51,Male,Hyderabad,Direct,Regular
C08030,2024-12-10,20,Female,Jaipur,Instagram,Regular
C08031,2024-10-07,43,Male,Lucknow,Instagram,VIP
C08032,2026-04-29,55,Female,Hyderabad,Instagram,Regular
C08033,2026-08-27,46,Female,Jaipur,Google,Premium
C08034,2026-02-08,56,Male,Chennai,Google,Budget
C08035,2026-06-24,24,Male,Delhi,Direct,Regular
C08036,2025-08-25,52,Female,Hyderabad,Direct,VIP
C08037,2024-10-15,35,Female,Lucknow,Direct,Regular
C08038,2023-10-29,29,Male,Pune,Instagram,Regular
C08039,2024-09-21,59,Female,Ahmedabad,Google,Regular
C08040,2024-08-23,48,Female,Lucknow,Instagram,Regular
C08041,2023-12-15,64,Male,Ahmedabad,Referral,Regular
C08042,2025-01-09,24,Female,Lucknow,Organic Search,Premium
C08043,2025-10-01,24,Male,Ahmedabad,YouTube,Regular
C08044,2025-10-30,35,Male,Ahmedabad,Direct,Regular
C08045,2026-04-27,36,Female,Delhi,Direct,Regular
C08046,2024-01-27,39,Male,Delhi,Google,Regular
C08047,2025-06-17,52,Female,Hyderabad,Referral,Regular
C08048,2026-04-06,48,Male,Delhi,Organic Search,Regular
C08049,2024-06-29,28,Female,Chennai,Referral,Budget
C08050,2025-10-02,33,Male,Mumbai,Referral,Regular
C08051,2026-02-06,41,Female,Delhi,Instagram,Budget
C08052,2024-10-04,36,Male,Delhi,Direct,VIP
C08053,2025-07-05,35,Female,Bangalore,Direct,Premium
C08054,2025-08-19,39,Female,Hyderabad,Instagram,Regular
C08055,2025-01-29,63,Female,Lucknow,Google,Budget
C08056,2024-11-22,51,Male,Pune,Referral,Budget
C08057,2024-03-20,46,Female,Chennai,Instagram,VIP
C08058,2026-08-12,55,Female,Ahmedabad,YouTube,Regular
C08059,2026-07-12,25,Male,Delhi,Instagram,Regular
C08060,2026-02-03,30,Other,Chennai,Instagram,Regular
C08061,2023-09-15,47,Male,Hyderabad,Instagram,Regular
C08062,2024-09-25,34,Male,Kolkata,Google,Budget
C08063,2023-10-17,18,Male,Chennai,Referral,Budget
C08064,2026-01-29,44,Other,Bangalore,YouTube,Regular
C08065,2024-08-18,53,Other,Ahmedabad,Direct,Premium
C08066,2024-12-26,20,Female,Hyderabad,Google,Regular
C08067,2025-06-23,45,Male,Chennai,Organic Search,Budget
C08068,2024-11-08,45,Female,Kolkata,Instagram,Regular
C08069,2025-06-29,37,Female,Lucknow,Google,Regular
C08070,2023-11-25,22,Female,Lucknow,Organic Search,Regular
C08071,2024-12-08,27,Male,Mumbai,Instagram,Regular
C08072,2026-06-13,31,Female,Mumbai,Referral,Premium
C08073,2026-06-13,18,Female,Ahmedabad,Instagram,Budget
C08074,2026-08-13,62,Female,Kolkata,Direct,Regular
C08075,2026-03-24,44,Female,Pune,Direct,VIP
C08076,2026-05-16,41,Female,Chennai,Google,Regular
C08077,2025-11-09,40,Female,Kolkata,Instagram,Regular
C08078,2024-07-15,32,Male,Mumbai,Google,VIP
C08079,2024-03-28,62,Female,Delhi,Organic Search,Premium
C08080,2024-01-31,39,Male,Ahmedabad,Referral,VIP
C08081,2025-03-19,62,Female,Pune,Direct,Regular
C08082,2025-05-15,48,Female,Mumbai,Google,VIP
C08083,2026-03-24,19,Other,Jaipur,Organic Search,Premium
C08084,2025-03-03,18,Male,Bangalore,Direct,Regular
C08085,2024-01-15,20,Other,Ahmedabad,Organic Search,Premium
C08086,2026-01-17,24,Male,Bangalore,Google,VIP
C08087,2024-07-23,26,Male,Bangalore,Referral,Premium
C08088,2025-09-03,63,Male,Lucknow,Organic Search,Regular
C08089,2025-04-20,60,Male,Ahmedabad,Google,Regular
C08090,2026-04-12,36,Male,Bangalore,YouTube,Regular
C08091,2024-02-28,25,Female,Mumbai,Google,Regular
C08092,2024-12-29,47,Male,Ahmedabad,Direct,Budget
C08093,2024-01-01,30,Male,Jaipur,YouTube,Regular
C08094,2025-08-23,53,Female,Lucknow,Direct,VIP
C08095,2024-05-18,34,Male,Delhi,Referral,Regular
C08096,2024-04-15,18,Female,Delhi,Instagram,Regular
C08097,2025-11-30,29,Female,Ahmedabad,Google,Budget
C08098,2025-08-20,54,Male,Mumbai,YouTube,Regular
C08099,2023-12-04,39,Other,Delhi,Google,Budget
C08100,2024-12-16,47,Male,Pune,Referral,Regular
C08101,2025-10-20,21,Male,Bangalore,Referral,Budget
C08102,2024-02-19,22,Male,Ahmedabad,Instagram,Premium
C08103,2026-06-11,30,Male,Bangalore,Instagram,Regular
C08104,2026-05-13,36,Female,Hyderabad,Instagram,Budget
C08105,2025-12-14,31,Male,Pune,Referral,Regular
C08106,2024-04-25,48,Male,Mumbai,Organic Search,Budget
C08107,2024-06-05,27,Male,Mumbai,Instagram,Regular
C08108,2025-01-31,32,Male,Hyderabad,Referral,Premium
C08109,2026-05-07,45,Male,Ahmedabad,Google,Premium
C08110,2024-01-09,49,Male,Pune,Organic Search,Regular
C08111,2024-01-23,59,Male,Hyderabad,YouTube,Regular
C08112,2025-04-04,22,Male,Lucknow,Organic Search,Premium
C08113,2025-10-31,39,Female,Kolkata,YouTube,Regular
C08114,2023-12-05,51,Female,Lucknow,Instagram,Regular
C08115,2025-09-24,20,Male,Chennai,Instagram,Regular
C08116,2026-04-09,21,Female,Ahmedabad,Instagram,Regular
C08117,2026-06-14,20,Male,Mumbai,Google,Regular
C08118,2025-12-14,50,Male,Jaipur,Direct,Regular
C08119,2025-06-16,37,Male,Bangalore,Direct,Budget
C08120,2025-08-02,39,Female,Pune,Organic Search,Regular
C08121,2024-10-14,40,Female,Mumbai,Direct,Regular
C08122,2025-10-22,51,Female,Hyderabad,Instagram,Budget
C08123,2025-11-11,48,Male,Ahmedabad,Google,Regular
C08124,2024-10-19,42,Female,Jaipur,Referral,Regular
C08125,2025-07-31,18,Male,Ahmedabad,Organic Search,Budget
C08126,2025-05-04,31,Female,Bangalore,Referral,Budget
C08127,2026-03-23,32,Male,Pune,YouTube,Regular
C08128,2026-01-30,51,Male,Kolkata,Organic Search,Budget
C08129,2024-04-29,35,Male,Delhi,Instagram,Budget
C08130,2024-01-01,47,Female,Chennai,Referral,Regular
C08131,2023-12-02,19,Female,Mumbai,Direct,Budget
C08132,2023-12-03,38,Female,Hyderabad,Referral,VIP
C08133,2025-11-16,21,Female,Delhi,Google,Premium
C08134,2026-06-20,56,Male,Lucknow,Google,Regular
C08135,2025-11-21,47,Male,Pune,Instagram,Premium
C08136,2024-01-02,33,Male,Jaipur,Organic Search,Budget
C08137,2024-10-04,32,Female,Delhi,YouTube,Regular
C08138,2026-03-20,52,Female,Lucknow,YouTube,VIP
C08139,2026-07-08,43,Male,Hyderabad,YouTube,Premium
C08140,2025-05-21,25,Male,Mumbai,Referral,Regular
C08141,2023-08-29,20,Male,Lucknow,Instagram,VIP
C08142,2023-11-03,34,Male,Ahmedabad,Instagram,Premium
C08143,2025-04-06,64,Female,Pune,YouTube,Budget
C08144,2026-03-13,37,Female,Pune,YouTube,Premium
C08145,2026-08-05,40,Female,Kolkata,YouTube,VIP
C08146,2024-08-12,24,Female,Kolkata,Google,Regular
C08147,2024-10-01,38,Female,Kolkata,Organic Search,Regular
C08148,2025-09-10,20,Female,Bangalore,Google,Regular
C08149,2026-01-17,44,Male,Pune,Instagram,Regular
C08150,2025-03-19,58,Male,Chennai,Organic Search,Regular
C08151,2025-06-17,56,Female,Chennai,Organic Search,Regular
C08152,2024-04-27,47,Female,Delhi,Organic Search,Regular
C08153,2024-11-03,39,Male,Bangalore,Direct,Budget
C08154,2025-04-08,62,Male,Jaipur,Google,VIP
C08155,2025-01-13,24,Female,Bangalore,Referral,Budget
C08156,2024-02-02,45,Male,Ahmedabad,YouTube,Regular
C08157,2026-06-26,58,Male,Delhi,Direct,Premium
C08158,2026-03-02,34,Male,Delhi,Organic Search,Regular
C08159,2025-02-25,62,Female,Bangalore,Referral,Regular
C08160,2025-01-08,29,Male,Delhi,Google,Premium
C08161,2025-06-17,50,Female,Mumbai,Direct,Budget
C08162,2024-02-03,20,Male,Pune,Google,Regular
C08163,2025-08-26,22,Male,Chennai,Direct,Regular
C08164,2026-01-22,55,Male,Pune,Referral,Premium
C08165,2025-10-06,52,Female,Hyderabad,Google,Budget
C08166,2025-06-14,28,Male,Hyderabad,Referral,Regular
C08167,2024-07-31,22,Female,Pune,Organic Search,Regular
C08168,2026-08-17,56,Male,Chennai,Organic Search,Premium
C08169,2024-01-10,44,Male,Chennai,Instagram,Budget
C08170,2026-08-24,58,Male,Hyderabad,Instagram,Regular
C08171,2025-10-10,63,Female,Chennai,Direct,Premium
C08172,2025-02-02,50,Male,Delhi,Referral,Regular
C08173,2026-02-21,29,Female,Ahmedabad,Instagram,Regular
C08174,2025-02-20,55,Female,Pune,Organic Search,Premium
C08175,2025-10-07,24,Female,Bangalore,Referral,VIP
C08176,2024-10-13,23,Female,Jaipur,YouTube,Premium
C08177,2026-08-07,58,Male,Bangalore,YouTube,Regular
C08178,2024-08-27,35,Male,Chennai,Google,Regular
C08179,2026-02-20,44,Male,Pune,Google,Regular
C08180,2024-04-14,25,Male,Ahmedabad,YouTube,Budget
C08181,2025-11-07,56,Female,Mumbai,Instagram,Budget
C08182,2026-02-01,19,Male,Pune,YouTube,Premium
C08183,2025-10-03,50,Male,Ahmedabad,Instagram,Regular
C08184,2023-10-24,18,Male,Chennai,Google,Premium
C08185,2026-04-02,35,Male,Ahmedabad,Instagram,Regular
C08186,2024-03-11,40,Male,Ahmedabad,Direct,Regular
C08187,2025-02-12,55,Female,Hyderabad,Organic Search,Regular
C08188,2024-10-30,46,Male,Mumbai,Direct,Regular
C08189,2026-08-10,19,Female,Kolkata,Instagram,Regular
C08190,2025-08-19,31,Female,Jaipur,Google,Budget
C08191,2026-03-14,47,Female,Jaipur,Instagram,Budget
C08192,2026-08-18,41,Male,Hyderabad,Google,VIP
C08193,2025-04-19,55,Male,Jaipur,Referral,VIP
C08194,2024-08-31,64,Other,Bangalore,Google,Premium
C08195,2025-09-08,33,Female,Ahmedabad,Instagram,Premium
C08196,2026-08-17,49,Female,Delhi,YouTube,Regular
C08197,2025-12-05,51,Female,Ahmedabad,Instagram,Premium
C08198,2024-10-29,21,Male,Delhi,Instagram,VIP
C08199,2025-03-28,29,Female,Chennai,Organic Search,Regular
C08200,2024-07-03,35,Female,Pune,Organic Search,Regular
C08201,2025-09-29,32,Female,Hyderabad,Organic Search,VIP
C08202,2024-03-28,37,Male,Kolkata,Direct,Budget
C08203,2026-03-23,64,Female,Pune,Referral,Regular
C08204,2024-11-01,63,Male,Bangalore,Google,Premium
C08205,2024-01-18,19,Female,Mumbai,Direct,Budget
C08206,2025-11-29,56,Female,Kolkata,Referral,Regular
C08207,2025-05-25,41,Male,Hyderabad,Google,Budget
C08208,2026-01-26,28,Female,Pune,Organic Search,Budget
C08209,2026-03-16,64,Male,Kolkata,Referral,Budget
C08210,2025-10-13,30,Male,Bangalore,Instagram,Budget
C08211,2025-01-10,38,Male,Hyderabad,Instagram,Regular
C08212,2024-02-23,27,Male,Chennai,Organic Search,Regular
C08213,2024-01-25,31,Male,Pune,Instagram,Budget
C08214,2025-09-28,54,Other,Jaipur,Direct,Regular
C08215,2024-07-12,45,Male,Pune,Organic Search,Budget
C08216,2024-02-02,53,Female,Ahmedabad,Google,Budget
C08217,2024-04-23,39,Male,Delhi,Direct,Regular
C08218,2025-11-25,56,Male,Lucknow,Referral,Regular
C08219,2025-11-10,52,Female,Hyderabad,Instagram,Premium
C08220,2023-09-07,28,Male,Kolkata,Google,Premium
C08221,2025-10-31,45,Male,Mumbai,Direct,Premium
C08222,2025-05-19,60,Female,Pune,Instagram,Budget
C08223,2025-09-09,40,Female,Jaipur,Google,Regular
C08224,2026-08-15,45,Male,Pune,Referral,Premium
C08225,2024-02-05,60,Female,Delhi,YouTube,Budget
C08226,2026-07-04,27,Male,Lucknow,Referral,Budget
C08227,2024-12-08,38,Female,Pune,Organic Search,Premium
C08228,2026-03-07,21,Male,Chennai,Direct,Premium
C08229,2026-06-07,49,Male,Chennai,Instagram,Budget
C08230,2023-12-11,43,Female,Bangalore,Organic Search,Regular
C08231,2026-07-30,45,Male,Chennai,Organic Search,Budget
C08232,2024-03-11,20,Male,Mumbai,Instagram,Regular
C08233,2023-10-24,45,Female,Hyderabad,YouTube,Regular
C08234,2026-08-06,54,Male,Chennai,Instagram,Regular
C08235,2025-08-09,30,Male,Chennai,Organic Search,Budget
C08236,2025-06-08,49,Female,Mumbai,Google,Regular
C08237,2026-07-25,32,Female,Pune,Direct,Budget
C08238,2025-07-15,22,Male,Kolkata,Google,Budget
C08239,2024-11-12,32,Female,Chennai,Organic Search,VIP
C08240,2023-10-04,64,Male,Mumbai,Organic Search,Regular
C08241,2024-05-17,36,Male,Mumbai,Organic Search,Regular
C08242,2025-02-13,57,Male,Delhi,Instagram,Budget
C08243,2025-09-20,26,Female,Delhi,Referral,Regular
C08244,2026-07-09,53,Female,Pune,Organic Search,Regular
C08245,2025-08-12,33,Other,Delhi,Google,Regular
C08246,2024-10-12,42,Female,Lucknow,Direct,Budget
C08247,2025-09-24,30,Female,Delhi,Google,VIP
C08248,2026-01-15,51,Male,Mumbai,Google,Premium
C08249,2025-08-18,30,Male,Mumbai,Instagram,Budget
C08250,2025-12-27,57,Male,Kolkata,Organic Search,Budget
C08251,2026-04-01,33,Male,Lucknow,Referral,Premium
C08252,2025-08-09,59,Male,Pune,Referral,Regular
C08253,2024-06-24,57,Male,Chennai,Google,Budget
C08254,2025-08-12,45,Female,Chennai,Referral,Premium
C08255,2024-10-03,21,Other,Lucknow,Organic Search,Regular
C08256,2024-01-06,46,Male,Lucknow,Google,Regular
C08257,2023-11-26,58,Female,Lucknow,Instagram,Budget
C08258,2025-02-14,21,Male,Jaipur,Referral,Premium
C08259,2025-08-29,22,Male,Chennai,Organic Search,VIP
C08260,2025-03-08,49,Female,Pune,Instagram,Regular
C08261,2023-09-22,18,Male,Delhi,Organic Search,Budget
C08262,2025-05-16,18,Other,Ahmedabad,Google,Regular
C08263,2025-05-16,44,Male,Ahmedabad,YouTube,VIP
C08264,2024-06-23,42,Male,Lucknow,Instagram,Budget
C08265,2025-11-21,29,Female,Mumbai,Direct,Regular
C08266,2026-01-14,49,Male,Pune,Google,Premium
C08267,2024-03-13,29,Male,Chennai,YouTube,Regular
C08268,2025-02-08,38,Female,Ahmedabad,Organic Search,Regular
C08269,2025-08-03,54,Male,Ahmedabad,Organic Search,Premium
C08270,2024-12-15,63,Male,Jaipur,Direct,VIP
C08271,2025-05-15,64,Male,Hyderabad,Instagram,Regular
C08272,2023-12-14,43,Male,Ahmedabad,Referral,Premium
C08273,2023-11-05,37,Male,Bangalore,Instagram,Premium
C08274,2026-05-20,32,Male,Hyderabad,Instagram,Regular
C08275,2026-01-15,60,Male,Kolkata,Instagram,Regular
C08276,2024-03-17,61,Male,Chennai,Instagram,VIP
C08277,2026-02-03,51,Male,Mumbai,Instagram,Premium
C08278,2023-09-18,22,Female,Bangalore,Organic Search,Premium
C08279,2025-04-28,41,Male,Ahmedabad,Google,Budget
C08280,2025-04-06,44,Other,Jaipur,YouTube,Premium
C08281,2026-02-03,26,Male,Chennai,Referral,Regular
C08282,2025-02-13,45,Female,Ahmedabad,Instagram,Regular
C08283,2025-03-18,53,Male,Kolkata,Google,VIP
C08284,2025-05-29,44,Female,Ahmedabad,Google,Premium
C08285,2025-10-18,31,Female,Lucknow,Organic Search,Premium
C08286,2026-01-09,34,Other,Kolkata,Google,Regular
C08287,2024-01-11,59,Female,Ahmedabad,Instagram,Regular
C08288,2025-11-30,51,Female,Delhi,Direct,Budget
C08289,2026-07-21,22,Female,Pune,YouTube,Premium
C08290,2026-05-07,48,Male,Lucknow,Direct,Regular
C08291,2024-03-13,44,Male,Jaipur,YouTube,Regular
C08292,2025-06-14,26,Male,Bangalore,Organic Search,Regular
C08293,2024-03-12,34,Female,Hyderabad,Instagram,Budget
C08294,2025-04-26,29,Male,Pune,YouTube,Budget
C08295,2026-01-21,62,Female,Pune,YouTube,Regular
C08296,2024-01-09,43,Female,Jaipur,Google,Regular
C08297,2024-01-16,52,Male,Lucknow,Organic Search,Regular
C08298,2024-04-10,42,Female,Hyderabad,Direct,Budget
C08299,2024-02-20,58,Male,Hyderabad,Google,VIP
C08300,2025-05-05,56,Female,Ahmedabad,Google,Regular
C08301,2026-03-18,45,Female,Chennai,YouTube,Budget
C08302,2023-10-05,41,Female,Lucknow,Instagram,Regular
C08303,2026-08-06,38,Female,Ahmedabad,Google,Regular
C08304,2025-03-04,47,Male,Hyderabad,Direct,Premium
C08305,2024-09-29,49,Male,Hyderabad,Google,Budget
C08306,2025-04-15,23,Male,Ahmedabad,Referral,Regular
C08307,2024-12-03,31,Male,Delhi,Direct,Regular
C08308,2026-06-28,18,Male,Delhi,Referral,Budget
C08309,2023-08-28,52,Male,Jaipur,YouTube,Premium
C08310,2024-07-22,24,Male,Hyderabad,Instagram,Regular
C08311,2026-06-30,64,Male,Kolkata,Organic Search,Premium
C08312,2025-03-19,38,Female,Lucknow,YouTube,Regular
C08313,2026-01-01,18,Female,Pune,Direct,Regular
C08314,2025-08-19,39,Female,Ahmedabad,Google,Regular
C08315,2024-12-27,24,Female,Pune,Organic Search,Regular
C08316,2025-05-21,32,Male,Kolkata,YouTube,Budget
C08317,2025-09-27,52,Female,Lucknow,Instagram,Regular
C08318,2025-03-22,47,Male,Kolkata,Referral,Budget
C08319,2026-08-12,22,Male,Pune,Direct,Regular
C08320,2024-09-16,31,Male,Chennai,Google,Premium
C08321,2025-04-08,37,Male,Bangalore,Referral,Budget
C08322,2024-04-13,34,Female,Pune,Instagram,Premium
C08323,2023-12-14,31,Female,Delhi,Organic Search,Regular
C08324,2026-02-11,59,Female,Delhi,Organic Search,Premium
C08325,2024-05-13,54,Female,Pune,Organic Search,Regular
C08326,2024-03-21,56,Female,Kolkata,Referral,Regular
C08327,2024-07-21,21,Female,Pune,Organic Search,Regular
C08328,2026-02-25,52,Female,Ahmedabad,Organic Search,Budget
C08329,2026-07-12,21,Female,Pune,Organic Search,Premium
C08330,2025-06-17,55,Male,Hyderabad,Instagram,Regular
C08331,2024-04-20,63,Female,Pune,Referral,Regular
C08332,2024-09-24,31,Female,Kolkata,Organic Search,Budget
C08333,2024-01-15,41,Male,Lucknow,Google,Budget
C08334,2025-07-10,25,Male,Lucknow,Organic Search,Premium
C08335,2023-11-17,27,Male,Mumbai,Direct,Budget
C08336,2024-06-02,39,Male,Hyderabad,YouTube,Regular
C08337,2024-10-19,54,Female,Kolkata,Google,Regular
C08338,2026-05-14,60,Female,Delhi,Google,VIP
C08339,2024-11-08,64,Male,Delhi,Referral,Premium
C08340,2023-11-27,46,Male,Hyderabad,Instagram,Budget
C08341,2024-06-01,21,Male,Jaipur,Organic Search,Budget
C08342,2024-12-06,58,Male,Hyderabad,Instagram,Premium
C08343,2025-09-27,38,Female,Bangalore,Google,Budget
C08344,2025-04-06,21,Male,Hyderabad,Instagram,Regular
C08345,2023-11-13,24,Male,Chennai,Organic Search,Regular
C08346,2025-11-08,40,Male,Bangalore,Google,Budget
C08347,2026-08-22,31,Male,Kolkata,Google,Budget
C08348,2025-09-29,57,Female,Hyderabad,Referral,Regular
C08349,2024-03-26,61,Female,Bangalore,Instagram,VIP
C08350,2024-10-08,41,Female,Hyderabad,Direct,Regular
C08351,2025-08-17,56,Female,Kolkata,YouTube,Premium
C08352,2026-02-12,62,Male,Chennai,Instagram,Premium
C08353,2025-06-21,37,Male,Hyderabad,Referral,Premium
C08354,2024-11-29,47,Male,Chennai,Direct,Premium
C08355,2024-02-12,48,Female,Hyderabad,Organic Search,Regular
C08356,2026-08-19,51,Female,Hyderabad,YouTube,Regular
C08357,2024-12-15,42,Male,Lucknow,Instagram,Regular
C08358,2023-09-25,26,Female,Jaipur,Referral,Budget
C08359,2025-06-19,21,Male,Delhi,Google,Regular
C08360,2023-11-20,59,Female,Pune,Organic Search,Regular
C08361,2024-01-11,52,Male,Pune,Direct,Premium
C08362,2023-12-26,60,Female,Kolkata,Referral,Budget
C08363,2025-04-20,21,Male,Mumbai,Google,Regular
C08364,2023-11-08,44,Female,Ahmedabad,Google,Regular
C08365,2025-07-29,45,Male,Delhi,Organic Search,Regular
C08366,2024-09-28,47,Male,Chennai,Organic Search,VIP
C08367,2024-08-27,56,Female,Kolkata,Instagram,Regular
C08368,2024-06-22,58,Other,Kolkata,Google,Regular
C08369,2026-04-06,47,Male,Hyderabad,Instagram,Regular
C08370,2024-05-01,36,Female,Lucknow,Instagram,Budget
C08371,2023-09-07,58,Male,Delhi,Google,VIP
C08372,2024-10-14,29,Female,Mumbai,Instagram,Premium
C08373,2026-07-24,31,Female,Chennai,Referral,Budget
C08374,2024-10-15,58,Female,Mumbai,Google,Regular
C08375,2023-12-21,26,Female,Bangalore,Referral,Regular
C08376,2026-06-07,31,Female,Jaipur,Instagram,Premium
C08377,2024-03-07,32,Male,Delhi,Google,Budget
C08378,2025-11-03,64,Female,Chennai,Google,VIP
C08379,2024-07-28,25,Other,Kolkata,Google,Budget
C08380,2026-02-13,33,Female,Chennai,Direct,Premium
C08381,2025-02-14,29,Female,Pune,Direct,Regular
C08382,2025-03-29,47,Male,Chennai,Google,Regular
C08383,2025-10-03,53,Female,Jaipur,YouTube,Premium
C08384,2026-04-02,36,Male,Mumbai,Referral,Regular
C08385,2025-04-23,51,Female,Hyderabad,Google,Budget
C08386,2025-06-23,35,Female,Lucknow,Google,Regular
C08387,2026-05-06,59,Male,Lucknow,Referral,VIP
C08388,2024-03-02,20,Male,Ahmedabad,Instagram,Regular
C08389,2026-06-30,50,Female,Hyderabad,Direct,VIP
C08390,2024-10-27,60,Female,Mumbai,Google,Budget
C08391,2024-09-09,36,Female,Delhi,Direct,Regular
C08392,2025-11-17,25,Male,Kolkata,YouTube,Regular
C08393,2026-07-23,34,Female,Hyderabad,Organic Search,Premium
C08394,2025-04-01,40,Male,Delhi,YouTube,Budget
C08395,2025-06-09,21,Male,Bangalore,Referral,Budget
C08396,2026-03-16,20,Male,Ahmedabad,Referral,Budget
C08397,2025-01-31,58,Male,Bangalore,Instagram,Regular
C08398,2024-01-14,18,Female,Hyderabad,Instagram,Premium
C08399,2023-09-07,59,Male,Mumbai,Direct,Premium
C08400,2025-03-12,32,Other,Mumbai,Referral,VIP
C08401,2024-02-14,44,Female,Delhi,Direct,Regular
C08402,2024-01-13,25,Male,Ahmedabad,Direct,Regular
C08403,2024-10-16,56,Male,Kolkata,Direct,Budget
C08404,2025-11-11,41,Male,Kolkata,Instagram,Budget
C08405,2023-10-24,36,Female,Kolkata,Organic Search,Budget
C08406,2025-10-31,30,Male,Jaipur,Direct,Premium
C08407,2026-07-31,38,Male,Jaipur,Direct,Budget
C08408,2025-10-11,41,Female,Chennai,Google,Premium
C08409,2024-05-27,53,Female,Hyderabad,Referral,Regular
C08410,2025-06-25,51,Female,Pune,Google,Regular
C08411,2025-10-10,35,Female,Kolkata,Instagram,Regular
C08412,2024-03-15,36,Female,Jaipur,Referral,Regular
C08413,2026-08-12,20,Male,Pune,Direct,VIP
C08414,2026-01-19,28,Female,Jaipur,Google,Regular
C08415,2025-02-28,38,Female,Delhi,YouTube,Regular
C08416,2024-06-25,53,Female,Delhi,Instagram,Budget
C08417,2024-12-08,41,Other,Mumbai,Instagram,Regular
C08418,2026-06-25,38,Male,Kolkata,YouTube,Regular
C08419,2026-04-20,50,Male,Ahmedabad,Direct,Regular
C08420,2026-02-05,64,Male,Hyderabad,Instagram,Budget
C08421,2024-07-27,61,Male,Lucknow,Google,Regular
C08422,2026-03-25,45,Male,Kolkata,Instagram,Premium
C08423,2026-07-01,25,Male,Delhi,Instagram,Premium
C08424,2024-11-15,61,Male,Jaipur,Referral,Regular
C08425,2024-08-04,63,Male,Hyderabad,Google,Regular
C08426,2023-12-04,63,Female,Bangalore,Instagram,Premium
C08427,2023-11-23,48,Male,Lucknow,Instagram,Regular
C08428,2025-11-05,28,Male,Ahmedabad,Referral,Premium
C08429,2026-06-28,28,Male,Ahmedabad,Direct,Premium
C08430,2024-02-24,22,Male,Jaipur,YouTube,Regular
C08431,2023-10-29,57,Female,Delhi,Direct,Regular
C08432,2025-11-19,20,Male,Ahmedabad,Google,Budget
C08433,2025-04-26,29,Female,Hyderabad,Organic Search,VIP
C08434,2025-02-18,64,Male,Lucknow,Instagram,Regular
C08435,2026-04-12,37,Male,Lucknow,Instagram,Regular
C08436,2026-07-17,19,Female,Jaipur,Organic Search,Premium
C08437,2024-12-04,37,Male,Hyderabad,Referral,Regular
C08438,2025-03-07,30,Male,Hyderabad,Google,Regular
C08439,2025-11-05,46,Male,Mumbai,Google,Regular
C08440,2025-02-03,22,Other,Pune,Referral,Budget
C08441,2025-03-14,40,Male,Lucknow,Referral,Regular
C08442,2026-08-25,26,Male,Mumbai,Google,Regular
C08443,2026-04-27,24,Male,Jaipur,Referral,Premium
C08444,2025-09-30,18,Other,Hyderabad,Referral,Regular
C08445,2024-11-14,25,Male,Ahmedabad,Organic Search,Premium
C08446,2025-07-03,54,Male,Chennai,Google,Budget
C08447,2026-05-22,19,Female,Pune,Instagram,Budget
C08448,2025-11-22,20,Female,Ahmedabad,Organic Search,Regular
C08449,2025-10-18,40,Male,Jaipur,Referral,Regular
C08450,2025-10-06,19,Male,Kolkata,Direct,Premium
C08451,2025-11-26,20,Female,Chennai,Direct,Regular
C08452,2024-05-21,25,Female,Kolkata,Referral,Budget
C08453,2025-11-14,39,Female,Jaipur,Referral,Budget
C08454,2026-07-05,51,Female,Lucknow,Direct,Budget
C08455,2026-02-15,44,Male,Chennai,Google,Regular
C08456,2026-04-18,30,Female,Kolkata,Google,Premium
C08457,2025-03-28,44,Female,Kolkata,Instagram,Regular
C08458,2025-06-25,47,Female,Hyderabad,Direct,Premium
C08459,2025-06-23,64,Female,Bangalore,Direct,Budget
C08460,2026-07-20,38,Female,Jaipur,YouTube,Premium
C08461,2025-09-05,31,Female,Jaipur,Instagram,Premium
C08462,2026-04-20,32,Male,Jaipur,Direct,Budget
C08463,2025-03-23,20,Female,Chennai,Google,Premium
C08464,2024-04-30,30,Male,Delhi,Organic Search,Budget
C08465,2023-11-18,55,Male,Chennai,Organic Search,Premium
C08466,2026-03-04,61,Female,Hyderabad,Organic Search,Budget
C08467,2025-03-12,43,Female,Mumbai,Instagram,Budget
C08468,2026-07-06,49,Female,Pune,YouTube,VIP
C08469,2024-12-03,18,Male,Chennai,Organic Search,Premium
C08470,2024-10-16,52,Female,Mumbai,Organic Search,Regular
C08471,2024-10-10,19,Female,Chennai,Google,Regular
C08472,2023-12-30,18,Female,Delhi,Instagram,VIP
C08473,2026-05-25,25,Male,Ahmedabad,Referral,Budget
C08474,2024-05-27,23,Male,Lucknow,Referral,Regular
C08475,2025-04-09,53,Male,Lucknow,Google,Regular
C08476,2025-12-14,25,Male,Jaipur,Referral,Budget
C08477,2024-01-04,47,Female,Chennai,Organic Search,Regular
C08478,2024-07-20,20,Male,Delhi,Direct,Regular
C08479,2024-07-14,41,Female,Hyderabad,Instagram,Regular
C08480,2024-04-17,58,Male,Pune,Instagram,Budget
C08481,2025-11-13,45,Female,Bangalore,YouTube,Regular
C08482,2025-05-12,28,Female,Pune,YouTube,Premium
C08483,2024-04-22,54,Male,Hyderabad,Organic Search,Premium
C08484,2024-07-27,43,Male,Hyderabad,YouTube,Budget
C08485,2026-06-15,30,Female,Ahmedabad,Organic Search,Budget
C08486,2025-08-01,61,Female,Delhi,Referral,Budget
C08487,2026-02-17,35,Female,Ahmedabad,YouTube,Regular
C08488,2023-10-05,42,Female,Chennai,Google,Budget
C08489,2025-01-16,63,Female,Bangalore,Instagram,Budget
C08490,2025-07-05,25,Male,Pune,Direct,Premium
C08491,2025-02-13,47,Female,Delhi,Direct,VIP
C08492,2024-09-20,39,Male,Ahmedabad,Google,Budget
C08493,2025-07-02,19,Female,Mumbai,Referral,Regular
C08494,2024-08-22,61,Male,Bangalore,Direct,Regular
C08495,2024-09-18,47,Female,Delhi,Direct,Regular
C08496,2023-09-02,29,Male,Kolkata,Instagram,Regular
C08497,2026-04-29,58,Female,Delhi,Google,Budget
C08498,2024-03-19,64,Female,Kolkata,Instagram,Regular
C08499,2024-09-19,24,Female,Delhi,Organic Search,Regular
C08500,2023-12-17,24,Male,Kolkata,Organic Search,Regular
C08501,2025-02-17,29,Female,Chennai,Google,Regular
C08502,2023-11-28,46,Female,Chennai,Google,Premium
C08503,2025-03-13,42,Male,Lucknow,Referral,Regular
C08504,2024-02-12,50,Female,Jaipur,Instagram,Budget
C08505,2024-01-10,56,Male,Pune,Instagram,Budget
C08506,2025-02-12,34,Female,Jaipur,Organic Search,Budget
C08507,2024-02-14,44,Male,Ahmedabad,Instagram,Regular
C08508,2025-08-16,50,Female,Chennai,Organic Search,Regular
C08509,2024-05-01,63,Male,Bangalore,Instagram,Premium
C08510,2024-11-03,34,Female,Lucknow,Organic Search,Regular
C08511,2024-07-21,42,Male,Hyderabad,Referral,Budget
C08512,2024-12-09,52,Male,Kolkata,Referral,Premium
C08513,2024-03-14,35,Male,Hyderabad,Referral,Regular
C08514,2026-02-02,36,Female,Ahmedabad,Instagram,Regular
C08515,2023-12-25,37,Male,Hyderabad,Organic Search,Regular
C08516,2024-12-20,34,Female,Chennai,YouTube,VIP
C08517,2026-03-04,52,Other,Hyderabad,Referral,Regular
C08518,2024-02-21,42,Male,Pune,Direct,Regular
C08519,2024-09-18,41,Male,Pune,Direct,Budget
C08520,2024-12-15,20,Female,Chennai,Direct,Regular
C08521,2024-09-24,42,Male,Delhi,Referral,Regular
C08522,2026-04-08,59,Female,Lucknow,YouTube,Premium
C08523,2024-04-01,20,Other,Ahmedabad,Organic Search,Budget
C08524,2024-03-22,30,Female,Bangalore,Referral,Regular
C08525,2023-10-11,21,Female,Mumbai,Google,Premium
C08526,2024-11-02,18,Male,Mumbai,Referral,Premium
C08527,2025-11-20,21,Male,Chennai,Google,Premium
C08528,2026-05-11,63,Male,Jaipur,Organic Search,Premium
C08529,2024-02-19,19,Other,Jaipur,Google,Budget
C08530,2024-04-02,42,Female,Lucknow,YouTube,Regular
C08531,2025-02-03,46,Male,Mumbai,Organic Search,Premium
C08532,2025-08-26,61,Other,Mumbai,Instagram,Budget
C08533,2024-06-14,31,Female,Hyderabad,Referral,Budget
C08534,2024-12-01,52,Male,Ahmedabad,Google,VIP
C08535,2025-04-21,40,Female,Hyderabad,Direct,Premium
C08536,2026-01-20,31,Male,Hyderabad,Organic Search,Budget
C08537,2025-10-18,62,Female,Lucknow,YouTube,Budget
C08538,2024-08-18,64,Female,Pune,YouTube,Budget
C08539,2025-12-12,23,Female,Bangalore,Instagram,Regular
C08540,2026-04-20,62,Female,Delhi,Instagram,Premium
C08541,2025-02-28,22,Male,Jaipur,Instagram,VIP
C08542,2026-06-05,26,Male,Mumbai,Google,Premium
C08543,2026-03-08,49,Male,Bangalore,Referral,Regular
C08544,2024-10-27,45,Male,Kolkata,Google,Budget
C08545,2023-12-26,22,Female,Bangalore,Direct,Regular
C08546,2023-12-24,42,Female,Mumbai,Google,Budget
C08547,2023-09-20,42,Female,Bangalore,Instagram,Budget
C08548,2024-02-14,62,Male,Pune,Google,Premium
C08549,2025-02-26,18,Female,Mumbai,Organic Search,Regular
C08550,2025-12-16,56,Male,Lucknow,Google,Regular
C08551,2024-05-13,30,Female,Bangalore,Direct,VIP
C08552,2025-09-09,47,Female,Chennai,Google,VIP
C08553,2024-09-05,56,Female,Delhi,Organic Search,Regular
C08554,2026-08-02,55,Male,Hyderabad,Referral,Budget
C08555,2025-11-13,61,Male,Kolkata,Google,Regular
C08556,2024-12-16,64,Male,Delhi,Instagram,VIP
C08557,2024-07-10,54,Male,Lucknow,Instagram,Budget
C08558,2025-02-10,42,Female,Kolkata,Organic Search,Regular
C08559,2025-12-08,37,Female,Lucknow,Organic Search,Regular
C08560,2024-05-25,42,Male,Lucknow,Google,Budget
C08561,2024-02-11,48,Female,Delhi,Instagram,Premium
C08562,2025-03-10,30,Female,Lucknow,Organic Search,Regular
C08563,2024-05-27,49,Male,Mumbai,Google,Budget
C08564,2025-12-15,31,Male,Pune,Google,Regular
C08565,2026-04-01,58,Male,Kolkata,Instagram,Regular
C08566,2026-08-21,32,Female,Delhi,Google,Premium
C08567,2024-05-25,56,Female,Ahmedabad,Google,Regular
C08568,2026-02-12,54,Male,Kolkata,Referral,Regular
C08569,2024-04-01,41,Male,Mumbai,YouTube,Regular
C08570,2025-10-10,55,Male,Kolkata,Referral,Budget
C08571,2026-01-31,57,Female,Chennai,Direct,Regular
C08572,2025-10-04,37,Male,Hyderabad,Direct,Budget
C08573,2025-02-28,56,Female,Bangalore,Organic Search,Regular
C08574,2024-03-13,43,Female,Lucknow,YouTube,Regular
C08575,2026-08-19,27,Male,Hyderabad,Google,Regular
C08576,2025-06-05,32,Male,Bangalore,Google,Budget
C08577,2025-07-23,26,Female,Delhi,Google,VIP
C08578,2024-05-05,19,Female,Lucknow,Referral,Regular
C08579,2024-01-19,43,Male,Chennai,Organic Search,Regular
C08580,2023-10-09,43,Female,Delhi,Organic Search,VIP
C08581,2026-08-17,59,Female,Ahmedabad,Direct,Budget
C08582,2026-06-11,28,Female,Pune,Referral,VIP
C08583,2024-12-07,39,Female,Bangalore,YouTube,Budget
C08584,2025-07-03,35,Male,Mumbai,Organic Search,Budget
C08585,2023-12-05,34,Female,Jaipur,Referral,Budget
C08586,2023-10-22,51,Female,Chennai,Google,Regular
C08587,2024-11-16,45,Male,Pune,Instagram,Regular
C08588,2024-07-28,48,Male,Kolkata,Google,Regular
C08589,2025-07-22,48,Female,Bangalore,Google,Premium
C08590,2024-05-07,46,Male,Lucknow,Instagram,Regular
C08591,2024-08-30,30,Other,Mumbai,Referral,Regular
C08592,2025-02-03,36,Male,Lucknow,Direct,Regular
C08593,2025-03-08,48,Male,Hyderabad,Organic Search,Premium
C08594,2025-08-02,39,Male,Bangalore,Direct,Regular
C08595,2024-07-26,57,Female,Delhi,Referral,Regular
C08596,2024-06-18,25,Female,Pune,Google,Regular
C08597,2024-06-30,39,Female,Jaipur,Instagram,Budget
C08598,2024-09-15,33,Female,Ahmedabad,Instagram,Premium
C08599,2024-11-28,31,Female,Hyderabad,YouTube,Regular
C08600,2024-08-12,19,Male,Jaipur,Google,Premium
C08601,2023-10-19,32,Female,Bangalore,Instagram,Premium
C08602,2023-10-11,44,Male,Mumbai,Google,Budget
C08603,2023-10-24,46,Female,Ahmedabad,Organic Search,Regular
C08604,2025-11-21,46,Male,Delhi,Organic Search,Regular
C08605,2024-04-16,61,Female,Kolkata,Instagram,Budget
C08606,2025-01-26,51,Female,Delhi,Instagram,VIP
C08607,2026-05-19,48,Female,Jaipur,Instagram,Budget
C08608,2023-12-16,53,Female,Bangalore,Direct,Regular
C08609,2024-03-17,60,Male,Chennai,Direct,Budget
C08610,2026-07-02,18,Male,Jaipur,Instagram,Regular
C08611,2024-09-29,37,Male,Lucknow,YouTube,Regular
C08612,2024-07-26,52,Female,Pune,Organic Search,Regular
C08613,2023-12-12,29,Female,Chennai,Direct,Budget
C08614,2023-09-11,58,Female,Jaipur,Google,Regular
C08615,2025-04-23,63,Female,Mumbai,Organic Search,Regular
C08616,2026-03-29,43,Female,Delhi,Google,Budget
C08617,2024-08-25,41,Male,Lucknow,Organic Search,Budget
C08618,2025-11-17,32,Male,Ahmedabad,YouTube,Regular
C08619,2024-09-27,23,Male,Mumbai,Organic Search,Regular
C08620,2025-12-28,62,Female,Jaipur,Instagram,VIP
C08621,2025-03-29,64,Male,Hyderabad,Referral,Regular
C08622,2024-10-08,34,Female,Pune,YouTube,Regular
C08623,2025-08-09,27,Female,Kolkata,Organic Search,Budget
C08624,2024-04-14,31,Male,Bangalore,Referral,Regular
C08625,2024-10-21,29,Female,Hyderabad,Instagram,Regular
C08626,2026-04-26,55,Female,Delhi,Direct,Premium
C08627,2024-01-18,45,Female,Mumbai,Organic Search,Regular
C08628,2025-11-18,42,Female,Ahmedabad,Instagram,Regular
C08629,2024-01-06,34,Female,Lucknow,Direct,Budget
C08630,2025-05-31,54,Male,Ahmedabad,Organic Search,Regular
C08631,2026-05-23,57,Male,Delhi,Referral,Regular
C08632,2025-08-14,29,Male,Hyderabad,YouTube,Regular
C08633,2024-03-23,25,Female,Ahmedabad,Direct,Budget
C08634,2025-10-08,34,Female,Bangalore,YouTube,Premium
C08635,2026-06-07,61,Male,Pune,Referral,Budget
C08636,2023-11-18,49,Male,Lucknow,Referral,VIP
C08637,2025-04-18,54,Male,Lucknow,YouTube,Budget
C08638,2024-09-06,50,Male,Chennai,Organic Search,Regular
C08639,2025-10-30,25,Female,Kolkata,Referral,Premium
C08640,2026-08-16,57,Male,Mumbai,Google,Premium
C08641,2024-04-05,25,Male,Delhi,Instagram,Regular
C08642,2025-10-25,63,Female,Pune,Referral,VIP
C08643,2023-10-15,20,Male,Jaipur,Google,Regular
C08644,2024-03-25,24,Female,Hyderabad,Direct,Regular
C08645,2025-04-22,26,Male,Pune,Google,Premium
C08646,2024-05-30,40,Female,Pune,Referral,Budget
C08647,2026-04-15,45,Female,Mumbai,Organic Search,Budget
C08648,2026-03-20,42,Male,Pune,Referral,Regular
C08649,2026-05-17,53,Female,Jaipur,Referral,Regular
C08650,2026-07-31,22,Female,Mumbai,Direct,Regular
C08651,2026-05-04,21,Female,Bangalore,Organic Search,Regular
C08652,2024-12-31,19,Female,Lucknow,Google,Regular
C08653,2025-10-22,50,Female,Pune,Instagram,Budget
C08654,2026-05-22,63,Female,Chennai,Google,Premium
C08655,2023-11-10,29,Male,Jaipur,YouTube,Regular
C08656,2024-11-29,45,Male,Bangalore,YouTube,Regular
C08657,2026-06-13,24,Female,Lucknow,Organic Search,Regular
C08658,2025-03-02,33,Female,Jaipur,Organic Search,Regular
C08659,2023-09-20,20,Female,Ahmedabad,Google,Budget
C08660,2025-06-14,57,Male,Hyderabad,Instagram,Regular
C08661,2025-09-29,45,Male,Pune,Referral,Regular
C08662,2024-01-16,35,Male,Chennai,Referral,Premium
C08663,2023-10-16,34,Male,Lucknow,Organic Search,Regular
C08664,2025-05-09,39,Male,Mumbai,Referral,Regular
C08665,2026-01-14,61,Male,Bangalore,Instagram,Regular
C08666,2025-09-26,52,Male,Pune,Instagram,Regular
C08667,2025-11-16,39,Female,Jaipur,Instagram,Premium
C08668,2024-11-05,26,Female,Lucknow,Google,Regular
C08669,2025-09-16,28,Male,Delhi,Google,Premium
C08670,2026-04-07,50,Male,Kolkata,Google,Regular
C08671,2026-07-27,59,Male,Mumbai,Referral,Regular
C08672,2024-02-25,52,Male,Hyderabad,Instagram,Budget
C08673,2025-11-27,34,Female,Delhi,Referral,Budget
C08674,2024-10-22,49,Other,Mumbai,YouTube,Budget
C08675,2025-12-29,52,Female,Mumbai,Organic Search,VIP
C08676,2024-11-09,44,Female,Kolkata,Direct,Budget
C08677,2024-06-20,37,Male,Lucknow,Direct,Premium
C08678,2024-03-16,44,Other,Kolkata,Referral,VIP
C08679,2024-02-19,38,Male,Lucknow,Organic Search,Regular
C08680,2024-04-22,43,Male,Mumbai,Organic Search,VIP
C08681,2025-09-29,42,Male,Delhi,Referral,Regular
C08682,2026-04-17,41,Male,Ahmedabad,Referral,Premium
C08683,2026-01-10,36,Female,Jaipur,Referral,Regular
C08684,2025-01-08,46,Male,Mumbai,Organic Search,Regular
C08685,2025-10-11,33,Male,Kolkata,YouTube,Regular
C08686,2025-03-25,34,Male,Lucknow,Google,Regular
C08687,2024-07-25,45,Male,Jaipur,Referral,Budget
C08688,2024-04-25,38,Male,Pune,Google,Regular
C08689,2025-10-12,60,Female,Jaipur,Instagram,Premium
C08690,2025-04-24,49,Male,Delhi,Referral,Premium
C08691,2024-03-02,63,Male,Jaipur,Organic Search,Budget
C08692,2023-10-16,58,Male,Chennai,Referral,Regular
C08693,2024-05-15,31,Female,Hyderabad,Instagram,Premium
C08694,2023-10-09,18,Male,Chennai,Direct,Regular
C08695,2024-02-06,45,Male,Lucknow,Direct,Regular
C08696,2026-04-22,55,Male,Delhi,Instagram,Budget
C08697,2026-06-09,41,Female,Hyderabad,Organic Search,Budget
C08698,2024-06-19,36,Female,Ahmedabad,Google,Regular
C08699,2026-01-10,33,Male,Chennai,Organic Search,Regular
C08700,2025-08-01,43,Male,Hyderabad,Direct,Budget
C08701,2024-05-26,61,Male,Bangalore,Direct,Budget
C08702,2026-02-15,31,Male,Pune,Google,Regular
C08703,2025-04-04,32,Female,Kolkata,Referral,Regular
C08704,2023-08-29,44,Female,Jaipur,YouTube,Regular
C08705,2024-09-11,62,Male,Mumbai,Direct,Regular
C08706,2025-06-21,27,Female,Mumbai,Google,Regular
C08707,2024-10-05,40,Male,Jaipur,Referral,VIP
C08708,2023-11-27,59,Female,Hyderabad,Google,Premium
C08709,2025-10-09,22,Male,Chennai,Instagram,Regular
C08710,2025-04-21,25,Male,Pune,Direct,Regular
C08711,2025-10-27,26,Female,Chennai,Google,VIP
C08712,2024-11-17,56,Female,Chennai,Organic Search,Budget
C08713,2025-06-28,46,Male,Kolkata,Organic Search,VIP
C08714,2024-08-17,41,Male,Lucknow,Direct,Regular
C08715,2023-10-29,51,Male,Ahmedabad,Referral,Regular
C08716,2026-02-07,62,Female,Jaipur,Direct,Regular
C08717,2026-02-16,59,Male,Hyderabad,Google,Budget
C08718,2024-04-24,58,Female,Hyderabad,Instagram,Regular
C08719,2026-07-20,46,Male,Ahmedabad,Instagram,Premium
C08720,2024-03-08,54,Male,Delhi,YouTube,Regular
C08721,2026-07-27,28,Female,Pune,YouTube,Regular
C08722,2025-04-07,36,Male,Kolkata,Google,Premium
C08723,2026-08-04,54,Female,Delhi,Direct,Premium
C08724,2025-12-27,31,Female,Mumbai,Organic Search,VIP
C08725,2025-12-30,29,Female,Hyderabad,Organic Search,Budget
C08726,2023-12-22,31,Female,Lucknow,Instagram,Budget
C08727,2025-11-22,57,Female,Bangalore,Direct,Regular
C08728,2024-10-19,28,Female,Jaipur,Instagram,Regular
C08729,2025-08-13,44,Male,Jaipur,Google,VIP
C08730,2026-04-07,27,Male,Mumbai,Google,VIP
C08731,2025-07-23,19,Female,Ahmedabad,Direct,Premium
C08732,2025-04-22,52,Female,Ahmedabad,Instagram,VIP
C08733,2026-02-08,25,Female,Lucknow,Instagram,Premium
C08734,2024-04-25,49,Male,Delhi,Organic Search,Regular
C08735,2024-06-17,42,Female,Pune,Google,Premium
C08736,2025-05-26,55,Female,Ahmedabad,Google,Premium
C08737,2026-01-29,37,Male,Mumbai,Google,Regular
C08738,2025-11-30,31,Male,Hyderabad,Instagram,Regular
C08739,2024-02-14,49,Male,Bangalore,Instagram,Regular
C08740,2024-05-07,46,Male,Pune,Google,Premium
C08741,2025-11-01,42,Female,Pune,YouTube,Premium
C08742,2024-10-05,59,Male,Mumbai,Referral,Premium
C08743,2026-05-12,38,Male,Bangalore,Instagram,Premium
C08744,2023-12-08,23,Female,Bangalore,Instagram,Budget
C08745,2024-03-13,22,Female,Pune,Direct,Regular
C08746,2024-03-17,21,Male,Ahmedabad,Instagram,Regular
C08747,2026-03-30,60,Male,Chennai,YouTube,Budget
C08748,2024-03-21,37,Other,Lucknow,Google,VIP
C08749,2025-02-15,56,Male,Delhi,Organic Search,Regular
C08750,2025-11-04,18,Male,Bangalore,Organic Search,Regular
C08751,2025-08-06,37,Female,Pune,Google,Regular
C08752,2023-09-20,48,Male,Mumbai,Referral,Budget
C08753,2024-02-22,60,Female,Bangalore,Referral,Regular
C08754,2024-03-09,40,Female,Mumbai,Organic Search,Budget
C08755,2024-11-02,58,Female,Pune,Instagram,Premium
C08756,2025-06-24,56,Female,Mumbai,Direct,Regular
C08757,2023-11-12,21,Female,Jaipur,Referral,Regular
C08758,2023-11-14,32,Male,Pune,Referral,Regular
C08759,2024-05-22,21,Male,Ahmedabad,Referral,Premium
C08760,2026-05-20,45,Female,Kolkata,YouTube,Budget
C08761,2026-07-26,60,Female,Chennai,YouTube,Regular
C08762,2023-12-15,40,Male,Pune,YouTube,Premium
C08763,2025-03-27,59,Female,Jaipur,YouTube,Budget
C08764,2025-11-01,50,Female,Kolkata,Google,Regular
C08765,2026-01-29,38,Male,Ahmedabad,Referral,Premium
C08766,2025-06-19,46,Male,Hyderabad,Instagram,Premium
C08767,2024-10-15,45,Female,Hyderabad,Google,VIP
C08768,2023-09-19,37,Male,Delhi,Instagram,Regular
C08769,2026-02-18,41,Male,Pune,YouTube,Premium
C08770,2025-12-11,49,Male,Bangalore,Google,Premium
C08771,2025-08-03,42,Female,Mumbai,Google,Premium
C08772,2023-10-14,60,Male,Kolkata,Google,Budget
C08773,2024-05-26,38,Male,Kolkata,Referral,Budget
C08774,2023-11-27,52,Female,Kolkata,Google,Regular
C08775,2024-01-31,42,Female,Pune,Referral,Premium
C08776,2025-07-15,39,Male,Bangalore,Instagram,VIP
C08777,2023-09-11,33,Female,Ahmedabad,Referral,Regular
C08778,2026-07-22,37,Female,Kolkata,YouTube,Regular
C08779,2026-07-12,39,Male,Bangalore,Organic Search,Regular
C08780,2023-12-22,62,Female,Mumbai,Instagram,Premium
C08781,2025-11-11,38,Male,Pune,Instagram,Budget
C08782,2024-09-01,52,Female,Kolkata,Direct,Regular
C08783,2025-10-11,21,Male,Jaipur,Google,Regular
C08784,2024-04-05,61,Female,Bangalore,Google,Regular
C08785,2025-02-04,26,Male,Jaipur,Google,Regular
C08786,2025-05-05,24,Female,Bangalore,Instagram,VIP
C08787,2024-12-26,24,Male,Pune,Referral,Regular
C08788,2024-02-22,28,Male,Pune,Google,Regular
C08789,2024-08-25,29,Male,Lucknow,Referral,VIP
C08790,2024-02-13,18,Female,Jaipur,Instagram,Premium
C08791,2023-10-28,62,Male,Bangalore,Google,VIP
C08792,2025-09-24,46,Female,Mumbai,Google,Budget
C08793,2025-07-15,44,Female,Delhi,Referral,Regular
C08794,2024-01-09,53,Male,Kolkata,Google,Regular
C08795,2026-02-17,52,Male,Hyderabad,Google,Regular
C08796,2023-12-18,21,Male,Lucknow,Referral,Regular
C08797,2024-07-18,50,Male,Jaipur,Google,Budget
C08798,2025-03-10,35,Male,Bangalore,Direct,Regular
C08799,2026-03-01,53,Male,Lucknow,Referral,Regular
C08800,2024-01-30,34,Male,Kolkata,YouTube,Regular
C08801,2026-05-23,40,Male,Kolkata,Direct,Budget
C08802,2023-09-23,61,Female,Delhi,Organic Search,Regular
C08803,2024-12-08,51,Female,Bangalore,Organic Search,Premium
C08804,2024-02-05,29,Male,Hyderabad,Organic Search,Budget
C08805,2025-08-15,25,Female,Ahmedabad,Instagram,Regular
C08806,2024-05-01,53,Male,Jaipur,Referral,Budget
C08807,2026-04-17,18,Male,Chennai,Google,Regular
C08808,2024-10-22,62,Other,Bangalore,Organic Search,Budget
C08809,2026-04-23,47,Male,Delhi,Instagram,Premium
C08810,2026-02-14,64,Male,Pune,YouTube,Premium
C08811,2023-12-29,29,Female,Chennai,Organic Search,Regular
C08812,2024-02-29,55,Female,Bangalore,Instagram,VIP
C08813,2023-12-26,22,Female,Ahmedabad,Referral,VIP
C08814,2023-12-17,59,Female,Pune,Direct,Regular
C08815,2026-07-10,39,Female,Mumbai,Organic Search,Budget
C08816,2024-09-22,61,Female,Chennai,Referral,Regular
C08817,2025-07-02,35,Female,Lucknow,Organic Search,Budget
C08818,2024-01-04,21,Male,Bangalore,Direct,Regular
C08819,2026-06-04,35,Female,Pune,Instagram,Premium
C08820,2026-06-01,59,Female,Ahmedabad,Instagram,Premium
C08821,2026-05-05,64,Male,Chennai,Instagram,VIP
C08822,2025-06-20,35,Male,Lucknow,Google,VIP
C08823,2024-03-10,27,Other,Mumbai,Google,Regular
C08824,2025-03-31,22,Female,Hyderabad,Instagram,Budget
C08825,2025-06-15,26,Male,Delhi,Google,Budget
C08826,2025-09-10,53,Female,Jaipur,Google,Regular
C08827,2024-02-08,57,Other,Chennai,Instagram,Regular
C08828,2025-08-28,61,Other,Chennai,Google,Regular
C08829,2024-07-23,60,Other,Mumbai,Organic Search,Regular
C08830,2026-02-09,35,Female,Delhi,Google,Premium
C08831,2024-09-12,37,Male,Ahmedabad,Direct,Budget
C08832,2023-12-19,20,Male,Kolkata,Direct,Premium
C08833,2026-05-28,22,Male,Chennai,Direct,Budget
C08834,2025-08-22,31,Female,Kolkata,Google,Budget
C08835,2026-06-15,46,Male,Mumbai,Google,Premium
C08836,2026-02-01,19,Male,Hyderabad,Google,Regular
C08837,2025-10-15,41,Female,Chennai,Organic Search,Premium
C08838,2023-11-19,57,Male,Chennai,Direct,Regular
C08839,2023-08-30,39,Male,Chennai,Google,Regular
C08840,2026-06-15,48,Male,Jaipur,YouTube,Regular
C08841,2024-02-06,23,Male,Lucknow,YouTube,Regular
C08842,2025-08-15,50,Male,Ahmedabad,Referral,Budget
C08843,2024-08-13,46,Female,Ahmedabad,YouTube,Regular
C08844,2024-10-29,28,Female,Mumbai,Google,Budget
C08845,2025-10-26,49,Female,Jaipur,Google,VIP
C08846,2026-01-04,34,Female,Lucknow,Organic Search,Regular
C08847,2025-02-02,47,Male,Chennai,Instagram,Premium
C08848,2023-11-09,26,Female,Ahmedabad,Direct,Budget
C08849,2025-05-22,29,Female,Kolkata,Google,Premium
C08850,2026-07-14,48,Female,Chennai,Organic Search,Budget
C08851,2024-06-28,57,Male,Lucknow,Google,Premium
C08852,2023-12-05,62,Male,Jaipur,Direct,Regular
C08853,2026-08-22,28,Male,Mumbai,Referral,VIP
C08854,2024-03-14,18,Male,Mumbai,Direct,Regular
C08855,2024-10-22,57,Male,Jaipur,YouTube,Premium
C08856,2024-08-11,63,Male,Chennai,Organic Search,Budget
C08857,2024-12-04,22,Female,Mumbai,Organic Search,Regular
C08858,2025-09-25,32,Female,Jaipur,YouTube,Regular
C08859,2024-11-23,34,Female,Ahmedabad,Organic Search,Premium
C08860,2026-01-13,36,Male,Mumbai,YouTube,Budget
C08861,2024-08-27,42,Female,Lucknow,Instagram,Premium
C08862,2026-01-23,37,Male,Lucknow,Google,Budget
C08863,2025-08-13,48,Male,Ahmedabad,Organic Search,Premium
C08864,2024-05-23,56,Male,Jaipur,Referral,Regular
C08865,2024-11-28,43,Male,Mumbai,Referral,Premium
C08866,2025-02-22,53,Female,Kolkata,Google,Budget
C08867,2025-04-04,64,Female,Kolkata,Direct,Budget
C08868,2025-04-02,53,Female,Chennai,Direct,Regular
C08869,2026-02-13,58,Female,Kolkata,Referral,Regular
C08870,2024-10-22,51,Male,Ahmedabad,Organic Search,Budget
C08871,2025-05-25,53,Female,Chennai,Google,Budget
C08872,2024-12-02,42,Male,Ahmedabad,Google,Regular
C08873,2025-05-22,49,Female,Delhi,Instagram,Premium
C08874,2025-09-26,55,Female,Pune,Direct,Budget
C08875,2025-11-25,33,Male,Pune,Direct,Regular
C08876,2025-10-06,57,Female,Mumbai,Organic Search,Budget
C08877,2024-05-11,47,Female,Kolkata,Referral,Budget
C08878,2023-08-31,35,Female,Delhi,Organic Search,Premium
C08879,2026-08-21,59,Female,Mumbai,Google,Regular
C08880,2023-09-15,49,Male,Lucknow,Organic Search,Premium
C08881,2025-04-30,40,Female,Hyderabad,Organic Search,Regular
C08882,2026-07-12,28,Male,Lucknow,Instagram,Regular
C08883,2026-06-02,48,Female,Bangalore,Instagram,Budget
C08884,2023-11-01,61,Other,Hyderabad,Google,Budget
C08885,2024-09-13,36,Female,Delhi,Google,Regular
C08886,2026-03-15,38,Male,Bangalore,Google,Premium
C08887,2026-04-03,19,Female,Bangalore,Referral,Budget
C08888,2026-02-10,48,Male,Delhi,YouTube,Regular
C08889,2024-07-15,41,Male,Kolkata,Direct,Regular
C08890,2024-02-01,18,Other,Bangalore,Google,Premium
C08891,2026-03-20,27,Female,Mumbai,Direct,Regular
C08892,2026-07-28,27,Female,Ahmedabad,Direct,Regular
C08893,2026-05-24,22,Male,Pune,YouTube,Regular
C08894,2024-05-19,62,Male,Pune,Organic Search,Budget
C08895,2026-02-20,64,Female,Kolkata,Organic Search,Regular
C08896,2023-10-28,50,Male,Hyderabad,Direct,VIP
C08897,2024-01-26,63,Male,Hyderabad,Organic Search,Regular
C08898,2026-07-17,30,Male,Hyderabad,YouTube,Budget
C08899,2025-10-07,45,Female,Bangalore,Instagram,Budget
C08900,2024-10-14,43,Male,Pune,Direct,Budget
C08901,2023-09-25,18,Female,Delhi,Instagram,Regular
C08902,2026-07-20,59,Female,Mumbai,Organic Search,Regular
C08903,2024-10-08,25,Male,Pune,Instagram,Budget
C08904,2025-10-04,52,Male,Delhi,Organic Search,Premium
C08905,2025-08-23,26,Female,Mumbai,Instagram,Regular
C08906,2023-11-16,57,Female,Delhi,Instagram,Budget
C08907,2026-03-02,20,Male,Bangalore,Organic Search,Regular
C08908,2026-04-08,45,Female,Bangalore,Instagram,Regular
C08909,2023-09-30,26,Male,Mumbai,Google,VIP
C08910,2024-10-01,22,Male,Lucknow,Direct,Premium
C08911,2023-11-22,62,Female,Pune,Google,Regular
C08912,2023-11-20,60,Male,Lucknow,Referral,Budget
C08913,2025-05-12,34,Female,Lucknow,Instagram,VIP
C08914,2026-02-04,24,Male,Delhi,YouTube,Premium
C08915,2024-02-08,40,Female,Pune,Direct,Premium
C08916,2024-03-14,52,Female,Kolkata,Instagram,Regular
C08917,2025-11-19,24,Male,Bangalore,Direct,Premium
C08918,2025-11-24,58,Female,Kolkata,Google,Regular
C08919,2025-10-01,22,Male,Lucknow,Google,Regular
C08920,2024-07-21,42,Male,Bangalore,YouTube,Budget
C08921,2024-11-21,63,Other,Pune,Google,Premium
C08922,2024-08-31,39,Other,Jaipur,YouTube,Premium
C08923,2025-12-31,42,Female,Chennai,Google,Budget
C08924,2025-09-27,61,Male,Lucknow,Direct,Budget
C08925,2024-07-07,35,Female,Lucknow,Organic Search,Budget
C08926,2024-02-14,50,Female,Delhi,Instagram,Regular
C08927,2026-04-19,57,Other,Kolkata,Google,Regular
C08928,2023-10-02,42,Male,Hyderabad,Google,Budget
C08929,2025-11-28,48,Male,Jaipur,Instagram,Regular
C08930,2025-03-01,38,Male,Bangalore,Instagram,Regular
C08931,2023-09-08,23,Male,Pune,YouTube,Regular
C08932,2026-02-25,40,Female,Pune,Instagram,Regular
C08933,2025-09-11,46,Male,Ahmedabad,Organic Search,Budget
C08934,2026-04-14,29,Male,Delhi,Organic Search,Budget
C08935,2025-04-26,22,Male,Bangalore,Direct,Budget
C08936,2026-02-22,29,Male,Delhi,Instagram,Regular
C08937,2026-05-31,62,Male,Hyderabad,Organic Search,VIP
C08938,2025-02-28,26,Male,Kolkata,YouTube,Premium
C08939,2025-10-13,34,Male,Ahmedabad,Instagram,VIP
C08940,2024-12-04,25,Male,Pune,Organic Search,Regular
C08941,2024-02-15,56,Male,Kolkata,Instagram,Regular
C08942,2026-07-29,56,Male,Kolkata,Direct,Regular
C08943,2025-03-21,53,Female,Kolkata,Organic Search,Premium
C08944,2026-08-03,53,Male,Kolkata,YouTube,VIP
C08945,2024-01-12,55,Female,Bangalore,Organic Search,Premium
C08946,2024-04-16,40,Female,Mumbai,Direct,Budget
C08947,2025-07-06,38,Male,Ahmedabad,Organic Search,Regular
C08948,2024-04-23,35,Male,Jaipur,Instagram,Regular
C08949,2024-03-16,20,Female,Kolkata,Instagram,Regular
C08950,2025-11-22,23,Female,Delhi,Instagram,Premium
C08951,2025-05-01,29,Male,Ahmedabad,Google,Budget
C08952,2026-03-07,47,Female,Pune,Direct,VIP
C08953,2026-02-07,59,Male,Jaipur,Google,Budget
C08954,2025-01-22,28,Male,Delhi,Instagram,Budget
C08955,2024-08-05,24,Other,Bangalore,Google,Budget
C08956,2025-07-31,62,Male,Delhi,Instagram,Budget
C08957,2026-02-19,51,Male,Chennai,Google,VIP
C08958,2024-02-24,26,Male,Delhi,Referral,Budget
C08959,2026-01-24,33,Other,Hyderabad,Instagram,Budget
C08960,2025-08-05,29,Male,Kolkata,YouTube,Premium
C08961,2024-03-28,25,Other,Jaipur,YouTube,Budget
C08962,2023-12-24,27,Female,Bangalore,Direct,Regular
C08963,2023-11-21,23,Female,Pune,Organic Search,VIP
C08964,2025-06-19,52,Male,Hyderabad,Organic Search,Regular
C08965,2026-03-12,64,Male,Chennai,Instagram,Regular
C08966,2023-09-27,58,Other,Bangalore,Google,Budget
C08967,2024-07-02,60,Male,Hyderabad,Instagram,Regular
C08968,2025-04-12,40,Female,Lucknow,YouTube,Regular
C08969,2023-11-07,58,Female,Delhi,Referral,Budget
C08970,2025-06-12,28,Male,Bangalore,Direct,Regular
C08971,2025-12-04,51,Female,Lucknow,Organic Search,Regular
C08972,2024-07-31,23,Female,Kolkata,Google,Budget
C08973,2025-04-23,50,Male,Bangalore,YouTube,Premium
C08974,2025-07-27,18,Female,Bangalore,Referral,Regular
C08975,2023-10-02,43,Male,Ahmedabad,Google,Regular
C08976,2024-06-18,50,Female,Bangalore,Referral,Regular
C08977,2026-08-02,61,Male,Bangalore,Referral,Budget
C08978,2025-05-08,55,Male,Lucknow,YouTube,Budget
C08979,2025-05-06,24,Male,Delhi,Referral,Budget
C08980,2026-01-10,57,Female,Bangalore,Direct,VIP
C08981,2023-10-17,22,Male,Ahmedabad,Direct,VIP
C08982,2024-08-06,33,Female,Lucknow,Google,VIP
C08983,2026-06-27,63,Female,Chennai,Organic Search,Regular
C08984,2023-09-06,35,Female,Chennai,Referral,Budget
C08985,2024-09-21,32,Female,Kolkata,Instagram,Budget
C08986,2024-07-02,61,Female,Bangalore,Referral,Regular
C08987,2024-11-06,22,Female,Hyderabad,Instagram,Regular
C08988,2024-03-28,57,Female,Mumbai,Instagram,Regular
C08989,2025-11-29,40,Male,Hyderabad,Organic Search,Premium
C08990,2025-10-31,62,Male,Lucknow,Instagram,Budget
C08991,2026-07-30,34,Male,Kolkata,Google,Regular
C08992,2025-10-06,36,Female,Ahmedabad,Referral,VIP
C08993,2023-12-12,24,Male,Ahmedabad,Referral,Budget
C08994,2024-11-16,21,Male,Mumbai,Referral,Regular
C08995,2025-11-17,62,Male,Kolkata,Referral,Regular
C08996,2023-12-16,54,Female,Pune,YouTube,Regular
C08997,2026-01-29,21,Female,Pune,Referral,VIP
C08998,2024-02-08,48,Female,Mumbai,YouTube,Regular
C08999,2025-06-01,48,Male,Pune,Instagram,VIP
C09000,2024-10-19,23,Male,Bangalore,Organic Search,Premium
C09001,2025-05-31,25,Female,Lucknow,Referral,Budget
C09002,2026-03-18,61,Male,Ahmedabad,Direct,Regular
C09003,2024-07-10,31,Male,Mumbai,Google,Regular
C09004,2024-02-10,51,Female,Ahmedabad,Direct,Premium
C09005,2025-01-16,51,Male,Mumbai,Referral,Budget
C09006,2026-04-24,64,Male,Kolkata,Google,Budget
C09007,2023-12-08,23,Male,Ahmedabad,YouTube,Regular
C09008,2025-10-23,54,Female,Jaipur,Direct,Budget
C09009,2026-04-23,20,Male,Bangalore,YouTube,Premium
C09010,2026-01-28,37,Female,Lucknow,Referral,Budget
C09011,2025-08-14,18,Female,Mumbai,Google,Regular
C09012,2025-12-17,53,Male,Pune,Instagram,Premium
C09013,2024-02-20,26,Female,Hyderabad,Referral,Premium
C09014,2026-07-19,45,Female,Kolkata,Organic Search,Budget
C09015,2025-03-15,56,Male,Lucknow,Referral,Regular
C09016,2025-11-03,54,Female,Chennai,Instagram,Regular
C09017,2025-08-10,42,Male,Lucknow,Instagram,Premium
C09018,2026-06-12,64,Other,Chennai,Organic Search,Premium
C09019,2024-09-05,60,Male,Lucknow,Instagram,Regular
C09020,2026-01-04,44,Male,Pune,Organic Search,Premium
C09021,2024-09-02,61,Female,Mumbai,Organic Search,VIP
C09022,2024-09-25,35,Female,Pune,Referral,Premium
C09023,2026-03-23,39,Male,Ahmedabad,Instagram,Budget
C09024,2024-12-12,18,Male,Lucknow,Instagram,Regular
C09025,2026-04-30,61,Male,Mumbai,YouTube,Regular
C09026,2025-12-23,19,Male,Jaipur,Direct,Regular
C09027,2024-10-25,59,Female,Jaipur,Instagram,Premium
C09028,2024-04-12,35,Female,Bangalore,Google,Premium
C09029,2025-06-26,61,Male,Lucknow,Direct,Regular
C09030,2023-11-18,36,Male,Chennai,YouTube,Regular
C09031,2024-02-11,25,Male,Kolkata,Google,Regular
C09032,2025-07-16,55,Male,Kolkata,YouTube,Premium
C09033,2025-02-23,23,Male,Hyderabad,Referral,Premium
C09034,2026-01-25,54,Female,Jaipur,Direct,Premium
C09035,2024-01-31,21,Female,Mumbai,Direct,VIP
C09036,2026-04-08,52,Male,Chennai,Instagram,Regular
C09037,2025-04-18,60,Male,Lucknow,Instagram,Regular
C09038,2026-07-24,22,Male,Jaipur,Direct,Budget
C09039,2025-12-31,55,Male,Lucknow,Direct,Premium
C09040,2023-12-01,21,Female,Mumbai,YouTube,VIP
C09041,2023-12-09,52,Male,Jaipur,YouTube,Premium
C09042,2024-08-05,54,Male,Ahmedabad,Direct,Budget
C09043,2026-06-16,61,Male,Jaipur,YouTube,Regular
C09044,2024-02-20,49,Female,Hyderabad,Google,Premium
C09045,2024-06-30,31,Male,Chennai,Organic Search,Premium
C09046,2024-09-29,32,Male,Chennai,Referral,Regular
C09047,2023-12-03,39,Female,Jaipur,Google,Budget
C09048,2024-03-11,32,Male,Jaipur,Referral,Regular
C09049,2025-12-21,25,Male,Chennai,Google,Budget
C09050,2024-06-05,30,Female,Mumbai,Instagram,Regular
C09051,2025-01-27,42,Female,Bangalore,Google,Budget
C09052,2024-06-03,40,Female,Ahmedabad,Google,Budget
C09053,2026-04-14,18,Female,Pune,Direct,VIP
C09054,2025-08-09,57,Male,Bangalore,Referral,Regular
C09055,2024-01-28,20,Male,Delhi,Google,Budget
C09056,2024-01-10,56,Male,Lucknow,Referral,Premium
C09057,2025-05-12,25,Female,Kolkata,Google,Regular
C09058,2023-10-10,24,Female,Chennai,Google,Budget
C09059,2026-03-26,28,Female,Lucknow,Google,Regular
C09060,2024-11-09,32,Male,Hyderabad,Google,Regular
C09061,2026-03-24,31,Male,Lucknow,Google,Regular
C09062,2026-05-29,53,Male,Ahmedabad,YouTube,Regular
C09063,2024-01-16,53,Female,Kolkata,Google,Regular
C09064,2024-10-02,34,Male,Mumbai,YouTube,Budget
C09065,2026-03-10,40,Female,Pune,Google,Regular
C09066,2026-07-06,55,Female,Bangalore,Instagram,Budget
C09067,2024-10-10,43,Male,Kolkata,Direct,Regular
C09068,2025-09-13,61,Male,Pune,Instagram,Budget
C09069,2025-03-04,64,Male,Mumbai,Organic Search,Regular
C09070,2024-06-11,49,Female,Chennai,Direct,Budget
C09071,2026-04-13,58,Female,Bangalore,Referral,Budget
C09072,2025-09-14,35,Male,Kolkata,Organic Search,VIP
C09073,2025-07-08,41,Female,Lucknow,Google,Regular
C09074,2025-08-02,30,Male,Kolkata,Referral,Budget
C09075,2025-11-17,62,Female,Kolkata,Referral,Budget
C09076,2024-05-22,28,Female,Pune,Organic Search,Regular
C09077,2026-02-13,50,Female,Chennai,Direct,Regular
C09078,2023-09-05,37,Female,Chennai,Organic Search,Regular
C09079,2026-03-19,20,Male,Kolkata,Instagram,Regular
C09080,2024-07-11,27,Male,Ahmedabad,Google,Regular
C09081,2024-02-17,60,Male,Bangalore,Instagram,Regular
C09082,2024-11-07,44,Female,Chennai,Organic Search,Budget
C09083,2023-11-15,36,Male,Chennai,Google,VIP
C09084,2024-10-26,59,Female,Delhi,Google,Premium
C09085,2025-01-15,50,Male,Bangalore,Instagram,Regular
C09086,2023-12-08,20,Male,Lucknow,Google,Budget
C09087,2025-01-19,52,Female,Ahmedabad,Organic Search,Budget
C09088,2025-08-01,20,Male,Hyderabad,Referral,Premium
C09089,2026-05-10,36,Female,Chennai,Referral,VIP
C09090,2025-01-18,60,Female,Hyderabad,Direct,Regular
C09091,2023-11-30,62,Male,Hyderabad,Google,VIP
C09092,2025-11-07,18,Male,Delhi,Referral,Regular
C09093,2026-05-29,18,Male,Ahmedabad,YouTube,Regular
C09094,2026-06-04,64,Other,Ahmedabad,YouTube,Budget
C09095,2025-12-16,37,Male,Ahmedabad,Google,Premium
C09096,2024-04-02,39,Male,Lucknow,Google,Premium
C09097,2024-08-22,33,Female,Jaipur,Direct,VIP
C09098,2024-08-09,59,Male,Ahmedabad,Google,Regular
C09099,2026-08-24,34,Male,Hyderabad,Instagram,VIP
C09100,2025-02-10,59,Female,Bangalore,Direct,Regular
C09101,2025-10-05,62,Male,Delhi,YouTube,Premium
C09102,2025-01-30,31,Female,Jaipur,Instagram,Regular
C09103,2024-06-28,28,Female,Mumbai,YouTube,Regular
C09104,2023-10-08,64,Female,Pune,Google,VIP
C09105,2024-02-14,58,Female,Jaipur,Organic Search,Regular
C09106,2025-01-24,30,Male,Chennai,Instagram,Regular
C09107,2025-07-29,55,Female,Hyderabad,Google,Regular
C09108,2024-08-12,30,Female,Lucknow,Organic Search,Regular
C09109,2023-10-01,24,Male,Ahmedabad,Organic Search,Regular
C09110,2025-06-16,43,Male,Hyderabad,Instagram,Premium
C09111,2024-10-17,40,Male,Ahmedabad,Organic Search,Budget
C09112,2026-06-19,36,Male,Lucknow,Google,VIP
C09113,2024-09-27,36,Male,Bangalore,Organic Search,Regular
C09114,2024-12-11,24,Female,Mumbai,Referral,Regular
C09115,2025-01-27,36,Male,Lucknow,Instagram,Budget
C09116,2023-10-26,60,Female,Lucknow,Referral,Budget
C09117,2026-04-05,21,Female,Jaipur,Google,Budget
C09118,2026-07-07,46,Male,Chennai,Google,Premium
C09119,2025-09-15,50,Female,Pune,Google,Budget
C09120,2024-06-18,28,Female,Kolkata,Organic Search,Budget
C09121,2025-07-24,46,Female,Bangalore,Organic Search,Regular
C09122,2023-11-27,26,Female,Ahmedabad,YouTube,Premium
C09123,2023-11-11,63,Female,Pune,Google,Premium
C09124,2024-11-13,18,Male,Mumbai,Google,Budget
C09125,2024-07-19,40,Female,Delhi,Referral,Regular
C09126,2025-10-16,53,Female,Delhi,Referral,Regular
C09127,2026-04-08,48,Female,Hyderabad,Direct,Premium
C09128,2025-03-25,38,Male,Chennai,Instagram,Budget
C09129,2025-08-30,64,Female,Jaipur,YouTube,Regular
C09130,2024-06-07,47,Female,Kolkata,Direct,Regular
C09131,2026-02-23,23,Female,Hyderabad,YouTube,Budget
C09132,2023-12-07,40,Male,Delhi,Direct,Regular
C09133,2026-05-12,57,Male,Kolkata,Google,Regular
C09134,2024-09-05,50,Female,Pune,Google,Regular
C09135,2025-11-30,44,Female,Chennai,Google,Regular
C09136,2024-02-24,64,Female,Pune,Organic Search,Budget
C09137,2024-09-13,24,Male,Hyderabad,Instagram,VIP
C09138,2024-11-29,58,Male,Lucknow,Instagram,Regular
C09139,2025-01-30,32,Male,Delhi,Referral,Regular
C09140,2025-09-20,57,Female,Delhi,Instagram,Budget
C09141,2024-02-20,62,Male,Ahmedabad,Organic Search,Regular
C09142,2025-09-29,41,Female,Kolkata,Direct,Budget
C09143,2024-09-19,45,Male,Mumbai,Referral,VIP
C09144,2025-09-25,63,Female,Jaipur,Instagram,Regular
C09145,2024-10-27,22,Male,Mumbai,Google,Premium
C09146,2023-09-07,26,Male,Chennai,Instagram,Regular
C09147,2026-01-02,45,Male,Hyderabad,Organic Search,Regular
C09148,2025-06-12,43,Male,Bangalore,Instagram,Budget
C09149,2023-11-21,23,Male,Pune,Google,Budget
C09150,2025-08-29,57,Female,Hyderabad,Instagram,Budget
C09151,2025-07-03,38,Male,Jaipur,YouTube,Premium
C09152,2024-08-16,28,Male,Pune,Organic Search,Regular
C09153,2026-08-13,28,Female,Chennai,Google,Budget
C09154,2026-06-22,63,Male,Chennai,Direct,Premium
C09155,2025-11-19,37,Female,Bangalore,Direct,Regular
C09156,2025-11-12,42,Female,Chennai,Instagram,Regular
C09157,2024-08-08,55,Female,Jaipur,Referral,Premium
C09158,2024-02-08,52,Male,Chennai,Organic Search,Regular
C09159,2025-01-11,39,Male,Delhi,Organic Search,Regular
C09160,2024-02-05,60,Male,Hyderabad,Instagram,Regular
C09161,2026-04-01,64,Female,Ahmedabad,Organic Search,Budget
C09162,2023-12-30,42,Male,Mumbai,Direct,Budget
C09163,2026-07-26,33,Female,Delhi,Instagram,VIP
C09164,2024-11-15,39,Male,Chennai,Google,Regular
C09165,2025-03-20,20,Male,Ahmedabad,Direct,VIP
C09166,2023-09-01,64,Male,Ahmedabad,Referral,Regular
C09167,2025-01-02,24,Other,Jaipur,Instagram,Budget
C09168,2026-02-25,34,Male,Ahmedabad,Instagram,Regular
C09169,2024-01-12,44,Female,Delhi,Referral,Regular
C09170,2025-01-01,63,Male,Hyderabad,Referral,Premium
C09171,2026-07-25,63,Female,Delhi,Organic Search,Regular
C09172,2023-12-12,50,Female,Ahmedabad,Direct,Premium
C09173,2024-04-23,42,Male,Hyderabad,Google,Regular
C09174,2026-08-05,25,Female,Pune,Direct,Budget
C09175,2024-11-30,33,Male,Kolkata,Instagram,Regular
C09176,2025-04-17,26,Male,Chennai,Google,Premium
C09177,2024-02-26,22,Female,Mumbai,Referral,Budget
C09178,2024-10-14,31,Male,Chennai,Organic Search,Budget
C09179,2024-09-12,52,Female,Mumbai,Google,Regular
C09180,2026-07-06,24,Male,Kolkata,Instagram,Regular
C09181,2026-07-28,53,Male,Pune,Instagram,Budget
C09182,2025-05-21,20,Male,Hyderabad,Direct,Regular
C09183,2023-09-12,33,Male,Hyderabad,Referral,Premium
C09184,2026-02-04,20,Male,Chennai,Instagram,Budget
C09185,2023-09-14,64,Female,Pune,Instagram,Premium
C09186,2026-05-06,34,Male,Mumbai,Google,Regular
C09187,2025-02-28,40,Female,Mumbai,Instagram,Budget
C09188,2026-04-05,45,Male,Lucknow,Instagram,Budget
C09189,2025-10-02,27,Male,Mumbai,Direct,Regular
C09190,2025-08-08,30,Female,Jaipur,YouTube,Regular
C09191,2025-01-08,29,Female,Lucknow,Organic Search,Premium
C09192,2024-11-19,57,Male,Pune,Referral,Premium
C09193,2024-09-17,38,Male,Mumbai,Organic Search,Premium
C09194,2025-04-13,36,Male,Mumbai,Google,Premium
C09195,2025-03-23,63,Female,Lucknow,Referral,Budget
C09196,2025-12-13,33,Male,Delhi,YouTube,Budget
C09197,2023-12-30,20,Male,Hyderabad,Instagram,Premium
C09198,2024-03-07,42,Male,Kolkata,Instagram,Budget
C09199,2024-12-09,54,Other,Jaipur,Direct,Premium
C09200,2024-03-08,35,Male,Hyderabad,Google,Premium
C09201,2025-06-10,46,Female,Hyderabad,Instagram,VIP
C09202,2025-04-13,61,Male,Jaipur,Google,Premium
C09203,2024-10-19,45,Female,Delhi,YouTube,Premium
C09204,2026-03-11,48,Female,Delhi,Google,Premium
C09205,2025-09-20,39,Other,Lucknow,Referral,Budget
C09206,2024-12-19,23,Male,Jaipur,Google,Budget
C09207,2024-07-03,21,Female,Chennai,Instagram,VIP
C09208,2025-07-07,35,Female,Lucknow,Referral,VIP
C09209,2026-06-06,45,Male,Delhi,YouTube,Regular
C09210,2026-03-24,22,Male,Kolkata,Organic Search,Premium
C09211,2026-08-22,48,Female,Lucknow,Google,Premium
C09212,2026-01-27,31,Female,Hyderabad,Google,VIP
C09213,2023-12-19,55,Female,Delhi,Referral,Premium
C09214,2025-08-08,43,Male,Ahmedabad,Instagram,Regular
C09215,2025-07-03,18,Female,Mumbai,Organic Search,VIP
C09216,2024-11-20,19,Other,Jaipur,Organic Search,Premium
C09217,2025-02-22,38,Female,Lucknow,Referral,Budget
C09218,2025-11-28,59,Male,Delhi,Referral,Regular
C09219,2026-06-09,25,Female,Lucknow,Instagram,Premium
C09220,2023-12-15,41,Female,Kolkata,Referral,Budget
C09221,2024-12-26,48,Female,Delhi,Google,Regular
C09222,2025-05-26,46,Female,Jaipur,Direct,Regular
C09223,2023-10-02,33,Female,Lucknow,Instagram,VIP
C09224,2024-07-10,31,Female,Mumbai,Direct,Regular
C09225,2024-12-01,24,Female,Chennai,Referral,Premium
C09226,2024-04-28,26,Female,Lucknow,Direct,VIP
C09227,2025-01-07,47,Male,Pune,Instagram,Regular
C09228,2024-10-18,18,Female,Mumbai,Google,Regular
C09229,2024-03-29,30,Male,Jaipur,Direct,Premium
C09230,2025-01-23,60,Female,Jaipur,Direct,Premium
C09231,2024-01-11,46,Male,Kolkata,Google,VIP
C09232,2026-07-23,48,Male,Hyderabad,Instagram,Regular
C09233,2026-05-25,34,Female,Kolkata,Instagram,Budget
C09234,2024-11-22,56,Male,Mumbai,Google,Budget
C09235,2026-02-12,56,Male,Hyderabad,Referral,Regular
C09236,2025-10-07,43,Female,Kolkata,Google,Budget
C09237,2025-11-17,36,Male,Pune,Direct,Premium
C09238,2023-09-05,55,Male,Chennai,Organic Search,Regular
C09239,2024-10-11,20,Female,Delhi,Instagram,Regular
C09240,2024-04-29,47,Male,Bangalore,Organic Search,Budget
C09241,2024-07-03,52,Male,Lucknow,Instagram,Regular
C09242,2026-04-18,56,Female,Bangalore,Direct,Regular
C09243,2024-06-12,32,Female,Chennai,Organic Search,Premium
C09244,2026-03-03,64,Female,Chennai,Google,Budget
C09245,2026-01-15,19,Female,Kolkata,Referral,Regular
C09246,2024-11-24,63,Female,Mumbai,Instagram,Regular
C09247,2024-05-18,18,Male,Pune,Instagram,Regular
C09248,2026-05-10,34,Female,Kolkata,Direct,Budget
C09249,2024-11-24,41,Female,Jaipur,Google,Budget
C09250,2023-09-14,48,Female,Chennai,Instagram,Regular
C09251,2024-02-12,36,Female,Jaipur,Organic Search,Premium
C09252,2024-10-11,63,Male,Mumbai,Instagram,Premium
C09253,2026-02-08,49,Other,Chennai,Direct,Premium
C09254,2026-02-11,57,Other,Chennai,Organic Search,Regular
C09255,2025-06-15,20,Male,Delhi,Direct,Premium
C09256,2024-08-29,44,Female,Chennai,YouTube,Regular
C09257,2026-07-14,45,Female,Ahmedabad,Instagram,Regular
C09258,2026-08-20,43,Female,Pune,Instagram,Premium
C09259,2024-05-19,26,Male,Ahmedabad,Direct,Regular
C09260,2026-07-29,32,Female,Kolkata,Google,Regular
C09261,2024-03-26,56,Male,Jaipur,Direct,Regular
C09262,2025-08-03,26,Female,Hyderabad,Organic Search,Budget
C09263,2026-02-21,50,Female,Bangalore,Google,Regular
C09264,2026-01-22,62,Male,Lucknow,Referral,Budget
C09265,2025-05-22,56,Male,Ahmedabad,Referral,Budget
C09266,2024-01-16,43,Female,Chennai,Organic Search,Regular
C09267,2025-07-25,54,Female,Ahmedabad,Direct,Regular
C09268,2026-08-03,30,Male,Mumbai,YouTube,Premium
C09269,2024-03-05,41,Male,Ahmedabad,YouTube,VIP
C09270,2026-05-14,26,Male,Bangalore,Referral,Regular
C09271,2025-03-16,58,Female,Lucknow,Google,Regular
C09272,2024-12-19,60,Male,Chennai,Direct,Regular
C09273,2023-12-15,60,Male,Ahmedabad,Instagram,Regular
C09274,2026-01-22,42,Female,Kolkata,Google,Regular
C09275,2025-03-02,36,Female,Delhi,Instagram,Premium
C09276,2025-07-20,40,Female,Ahmedabad,YouTube,Premium
C09277,2026-01-03,21,Female,Lucknow,Instagram,Premium
C09278,2026-03-08,18,Female,Kolkata,Direct,Budget
C09279,2025-07-15,24,Female,Mumbai,Referral,Regular
C09280,2024-06-08,61,Male,Hyderabad,Instagram,Premium
C09281,2025-04-24,35,Male,Pune,YouTube,VIP
C09282,2026-07-02,35,Male,Pune,Referral,Regular
C09283,2024-04-07,62,Female,Kolkata,Instagram,Regular
C09284,2023-12-08,64,Female,Ahmedabad,Instagram,Regular
C09285,2024-12-19,19,Other,Delhi,Google,Regular
C09286,2025-07-17,56,Male,Mumbai,Google,VIP
C09287,2025-06-08,34,Female,Chennai,YouTube,Budget
C09288,2023-09-27,59,Male,Chennai,Instagram,Regular
C09289,2025-10-11,39,Female,Pune,Instagram,Premium
C09290,2026-06-01,58,Male,Mumbai,Google,VIP
C09291,2023-11-22,63,Female,Ahmedabad,Google,Regular
C09292,2024-10-20,37,Male,Delhi,Google,Regular
C09293,2025-11-18,37,Female,Kolkata,Instagram,Premium
C09294,2024-01-18,48,Female,Lucknow,Organic Search,Premium
C09295,2025-01-06,24,Female,Kolkata,YouTube,Regular
C09296,2025-07-20,44,Female,Pune,Referral,Budget
C09297,2024-09-23,62,Female,Chennai,Instagram,Premium
C09298,2024-05-16,18,Male,Pune,Referral,Regular
C09299,2026-05-08,25,Female,Lucknow,YouTube,Regular
C09300,2024-07-18,59,Male,Ahmedabad,Google,Regular
C09301,2025-04-05,55,Male,Delhi,Organic Search,Regular
C09302,2024-05-22,34,Male,Ahmedabad,Instagram,Premium
C09303,2025-12-29,50,Male,Kolkata,YouTube,Budget
C09304,2026-01-05,20,Female,Chennai,Direct,Budget
C09305,2025-12-19,57,Male,Jaipur,Organic Search,Premium
C09306,2025-08-19,41,Male,Lucknow,Referral,Budget
C09307,2024-06-24,61,Female,Kolkata,Google,Premium
C09308,2026-06-17,57,Female,Mumbai,Google,VIP
C09309,2025-07-15,43,Male,Kolkata,Instagram,Premium
C09310,2025-07-27,25,Female,Chennai,Instagram,Regular
C09311,2025-05-23,34,Female,Hyderabad,YouTube,Regular
C09312,2023-12-19,44,Male,Jaipur,Referral,Budget
C09313,2025-01-12,54,Male,Delhi,Google,Budget
C09314,2025-06-11,35,Male,Lucknow,YouTube,Regular
C09315,2023-12-23,34,Male,Delhi,Instagram,Budget
C09316,2024-07-02,19,Male,Ahmedabad,Instagram,Premium
C09317,2026-05-04,61,Female,Chennai,Google,Budget
C09318,2023-12-07,54,Female,Jaipur,Referral,Regular
C09319,2025-02-19,34,Other,Lucknow,Instagram,Regular
C09320,2024-09-27,20,Male,Bangalore,Direct,Budget
C09321,2026-03-03,46,Male,Hyderabad,Organic Search,Regular
C09322,2024-10-29,18,Male,Ahmedabad,Instagram,Premium
C09323,2025-02-16,46,Female,Kolkata,Direct,Regular
C09324,2023-09-21,36,Male,Bangalore,Instagram,Regular
C09325,2023-11-16,46,Male,Bangalore,Direct,Budget
C09326,2026-07-14,21,Male,Pune,Referral,Budget
C09327,2023-11-19,61,Female,Hyderabad,Referral,Budget
C09328,2025-09-19,30,Male,Lucknow,Google,Regular
C09329,2024-10-12,32,Male,Chennai,Direct,Regular
C09330,2024-08-05,52,Female,Ahmedabad,Instagram,Regular
C09331,2026-05-19,21,Male,Jaipur,Instagram,Premium
C09332,2026-01-30,28,Female,Ahmedabad,Direct,Regular
C09333,2024-03-12,20,Male,Ahmedabad,YouTube,Regular
C09334,2023-09-08,30,Female,Pune,Direct,VIP
C09335,2024-03-10,43,Female,Kolkata,Referral,Regular
C09336,2025-05-10,18,Male,Bangalore,Instagram,Regular
C09337,2025-06-22,46,Male,Jaipur,Google,Regular
C09338,2023-10-01,54,Female,Jaipur,Direct,Premium
C09339,2026-08-01,48,Female,Delhi,Instagram,Premium
C09340,2026-08-21,64,Female,Bangalore,Instagram,Regular
C09341,2025-02-08,58,Female,Mumbai,Direct,Budget
C09342,2025-06-30,52,Female,Kolkata,YouTube,Regular
C09343,2025-04-17,20,Male,Chennai,Instagram,Budget
C09344,2024-02-17,37,Female,Pune,Organic Search,Budget
C09345,2025-11-17,35,Male,Lucknow,YouTube,Premium
C09346,2026-06-08,61,Female,Lucknow,Organic Search,Budget
C09347,2024-03-26,58,Male,Delhi,YouTube,Budget
C09348,2023-09-29,21,Male,Pune,Google,Budget
C09349,2023-09-22,54,Female,Ahmedabad,Instagram,Budget
C09350,2025-03-10,47,Male,Ahmedabad,Organic Search,Regular
C09351,2024-02-10,59,Female,Delhi,Direct,Regular
C09352,2026-04-04,35,Male,Lucknow,Organic Search,Regular
C09353,2023-12-31,30,Male,Mumbai,YouTube,Budget
C09354,2024-04-21,41,Male,Pune,YouTube,Regular
C09355,2024-08-20,28,Male,Hyderabad,Instagram,Premium
C09356,2024-04-24,60,Female,Mumbai,Organic Search,Regular
C09357,2025-11-02,31,Male,Lucknow,Google,Premium
C09358,2026-06-23,34,Female,Kolkata,Google,Premium
C09359,2024-06-16,44,Male,Jaipur,Organic Search,Regular
C09360,2025-02-05,53,Female,Pune,Direct,Regular
C09361,2026-07-07,20,Female,Ahmedabad,Instagram,Budget
C09362,2024-09-13,36,Other,Bangalore,YouTube,Regular
C09363,2025-04-23,57,Female,Ahmedabad,Instagram,Regular
C09364,2024-07-15,52,Male,Jaipur,Google,Premium
C09365,2025-11-21,38,Female,Jaipur,Instagram,Regular
C09366,2025-02-21,40,Female,Ahmedabad,Google,Premium
C09367,2025-03-11,32,Male,Bangalore,Organic Search,Regular
C09368,2024-11-08,38,Male,Ahmedabad,Instagram,Budget
C09369,2024-03-26,57,Female,Kolkata,Organic Search,Budget
C09370,2024-03-04,29,Male,Ahmedabad,Instagram,Budget
C09371,2025-09-19,39,Male,Hyderabad,Referral,Budget
C09372,2026-04-26,43,Male,Chennai,Instagram,Premium
C09373,2024-07-01,39,Female,Pune,Instagram,Premium
C09374,2024-10-31,56,Female,Delhi,Referral,VIP
C09375,2025-05-28,50,Male,Delhi,Direct,Regular
C09376,2025-12-15,63,Other,Jaipur,Direct,Regular
C09377,2024-08-03,42,Male,Chennai,Direct,Premium
C09378,2026-01-14,64,Male,Delhi,Google,Premium
C09379,2026-07-08,28,Female,Hyderabad,Instagram,Regular
C09380,2025-02-12,49,Male,Kolkata,Instagram,Premium
C09381,2026-04-21,36,Female,Bangalore,Referral,Premium
C09382,2024-12-04,22,Male,Hyderabad,Referral,Regular
C09383,2025-11-23,41,Male,Mumbai,Instagram,Regular
C09384,2026-02-07,33,Male,Kolkata,Google,Budget
C09385,2025-07-10,28,Male,Kolkata,Direct,VIP
C09386,2025-06-23,56,Female,Pune,Google,Budget
C09387,2024-12-10,44,Female,Hyderabad,Google,VIP
C09388,2025-05-10,23,Male,Bangalore,Instagram,Regular
C09389,2024-10-10,63,Female,Mumbai,Instagram,Regular
C09390,2025-07-21,45,Female,Jaipur,Instagram,Budget
C09391,2023-11-06,26,Male,Kolkata,Direct,Regular
C09392,2024-02-27,23,Female,Hyderabad,Google,Premium
C09393,2023-10-04,60,Female,Kolkata,Instagram,Premium
C09394,2025-03-10,25,Female,Pune,Direct,Premium
C09395,2025-06-01,47,Female,Kolkata,Direct,Regular
C09396,2024-07-14,61,Female,Chennai,Organic Search,Premium
C09397,2026-02-19,28,Female,Ahmedabad,Instagram,Budget
C09398,2025-08-04,55,Female,Chennai,Referral,Regular
C09399,2026-07-20,56,Male,Delhi,Organic Search,Regular
C09400,2024-09-17,38,Male,Lucknow,YouTube,Budget
C09401,2023-09-29,18,Female,Jaipur,Instagram,Regular
C09402,2024-03-12,44,Female,Mumbai,Direct,Budget
C09403,2024-08-15,33,Other,Bangalore,Google,Budget
C09404,2026-01-10,61,Male,Ahmedabad,Google,Regular
C09405,2024-09-23,20,Male,Jaipur,Organic Search,Premium
C09406,2023-11-15,31,Male,Bangalore,Instagram,Regular
C09407,2025-08-17,30,Male,Lucknow,YouTube,VIP
C09408,2024-10-08,39,Female,Jaipur,Instagram,Budget
C09409,2025-12-29,56,Male,Chennai,Referral,Premium
C09410,2024-01-09,46,Female,Mumbai,Instagram,Budget
C09411,2024-08-11,55,Male,Mumbai,Instagram,VIP
C09412,2023-09-08,21,Male,Chennai,Instagram,Premium
C09413,2024-08-22,62,Male,Pune,Direct,VIP
C09414,2025-01-19,33,Female,Hyderabad,Referral,Premium
C09415,2026-01-15,19,Female,Mumbai,Instagram,Premium
C09416,2026-05-09,63,Male,Lucknow,Google,Regular
C09417,2025-05-04,19,Female,Hyderabad,Direct,Budget
C09418,2024-10-23,58,Female,Ahmedabad,YouTube,Regular
C09419,2025-06-17,32,Female,Hyderabad,Organic Search,Budget
C09420,2025-03-27,64,Male,Hyderabad,Instagram,Budget
C09421,2023-12-18,37,Female,Ahmedabad,Instagram,Regular
C09422,2024-06-27,26,Male,Lucknow,Organic Search,Budget
C09423,2025-06-24,62,Female,Bangalore,Referral,VIP
C09424,2026-04-22,38,Male,Kolkata,Google,Premium
C09425,2026-03-27,20,Male,Jaipur,Referral,VIP
C09426,2023-11-18,48,Female,Pune,YouTube,Regular
C09427,2026-05-02,63,Male,Pune,Organic Search,Regular
C09428,2024-12-02,47,Female,Hyderabad,Referral,Regular
C09429,2025-12-03,25,Female,Bangalore,Referral,Premium
C09430,2024-08-10,48,Female,Bangalore,Organic Search,Regular
C09431,2024-08-12,45,Male,Kolkata,Instagram,Regular
C09432,2024-03-31,18,Female,Jaipur,Direct,Regular
C09433,2026-01-23,23,Other,Bangalore,Instagram,Premium
C09434,2025-02-24,53,Female,Bangalore,Instagram,Premium
C09435,2026-08-17,46,Female,Mumbai,Google,Budget
C09436,2024-12-01,53,Male,Jaipur,Direct,Regular
C09437,2024-01-11,55,Female,Chennai,Instagram,Budget
C09438,2024-03-02,37,Male,Kolkata,Referral,Premium
C09439,2024-08-20,35,Female,Mumbai,YouTube,Budget
C09440,2024-10-20,41,Female,Hyderabad,Referral,Budget
C09441,2025-05-20,58,Male,Kolkata,Direct,Premium
C09442,2024-07-05,38,Male,Pune,Google,Premium
C09443,2025-08-02,33,Female,Hyderabad,Referral,Premium
C09444,2026-03-23,53,Female,Mumbai,Direct,Budget
C09445,2026-08-14,36,Male,Jaipur,YouTube,Regular
C09446,2026-05-23,57,Male,Hyderabad,Instagram,Regular
C09447,2024-07-04,43,Male,Bangalore,Referral,VIP
C09448,2026-03-07,45,Female,Delhi,Google,Regular
C09449,2024-11-11,46,Female,Jaipur,Direct,Premium
C09450,2026-05-05,22,Female,Hyderabad,YouTube,Regular
C09451,2026-05-30,26,Female,Chennai,YouTube,Budget
C09452,2023-10-09,41,Male,Chennai,Google,Regular
C09453,2025-08-03,45,Male,Chennai,Instagram,Premium
C09454,2023-11-12,32,Female,Jaipur,Instagram,Premium
C09455,2023-12-10,56,Female,Kolkata,Google,Regular
C09456,2026-01-23,34,Male,Delhi,Referral,Budget
C09457,2025-10-28,39,Male,Lucknow,Instagram,Regular
C09458,2024-06-24,46,Female,Chennai,YouTube,Regular
C09459,2025-12-01,25,Male,Ahmedabad,Instagram,Regular
C09460,2024-11-08,61,Male,Chennai,Instagram,Budget
C09461,2025-04-28,64,Male,Hyderabad,Direct,Regular
C09462,2024-08-05,28,Female,Lucknow,Google,Budget
C09463,2025-06-29,52,Male,Lucknow,Referral,Regular
C09464,2024-11-01,50,Male,Delhi,Direct,Premium
C09465,2025-09-29,57,Other,Mumbai,Google,Regular
C09466,2025-01-07,42,Female,Lucknow,Direct,Regular
C09467,2026-03-15,44,Male,Lucknow,Google,Regular
C09468,2026-07-22,59,Other,Kolkata,Google,Regular
C09469,2024-01-08,35,Female,Delhi,Organic Search,Regular
C09470,2024-10-10,45,Other,Delhi,Instagram,Regular
C09471,2025-07-05,19,Male,Chennai,Instagram,Budget
C09472,2023-09-29,24,Male,Pune,Instagram,Regular
C09473,2023-10-19,37,Male,Pune,Organic Search,Regular
C09474,2023-09-08,34,Male,Lucknow,Google,Premium
C09475,2023-12-21,52,Female,Kolkata,Instagram,Budget
C09476,2024-08-15,63,Female,Chennai,YouTube,Premium
C09477,2025-09-19,19,Female,Bangalore,YouTube,Premium
C09478,2024-12-17,29,Female,Mumbai,Organic Search,Premium
C09479,2024-03-01,55,Male,Ahmedabad,Organic Search,Regular
C09480,2024-03-24,45,Male,Chennai,Instagram,Regular
C09481,2026-05-12,51,Male,Lucknow,Organic Search,Premium
C09482,2024-10-05,28,Male,Delhi,Direct,VIP
C09483,2026-05-13,48,Female,Ahmedabad,Google,Regular
C09484,2026-08-16,31,Male,Jaipur,Referral,Budget
C09485,2026-06-16,34,Female,Kolkata,Organic Search,Premium
C09486,2026-04-05,62,Female,Kolkata,Direct,Premium
C09487,2024-06-07,50,Male,Bangalore,Google,Regular
C09488,2026-01-04,28,Female,Hyderabad,Google,Budget
C09489,2023-12-27,39,Male,Pune,Direct,Regular
C09490,2026-07-01,42,Female,Lucknow,Direct,Premium
C09491,2023-11-18,40,Other,Kolkata,Google,Regular
C09492,2024-08-22,63,Female,Mumbai,YouTube,Regular
C09493,2025-06-29,39,Other,Mumbai,Direct,Regular
C09494,2026-02-03,61,Female,Hyderabad,Direct,Regular
C09495,2024-06-18,53,Male,Ahmedabad,Google,Regular
C09496,2024-03-01,42,Male,Kolkata,Referral,Regular
C09497,2024-01-25,22,Female,Chennai,Direct,Premium
C09498,2025-01-13,63,Male,Delhi,Direct,Regular
C09499,2024-01-13,63,Male,Pune,YouTube,Regular
C09500,2026-03-29,47,Female,Hyderabad,Direct,Regular
C09501,2025-11-30,55,Female,Ahmedabad,YouTube,Regular
C09502,2026-04-27,28,Male,Lucknow,Organic Search,Premium
C09503,2026-07-21,47,Female,Mumbai,Organic Search,Premium
C09504,2024-11-22,25,Female,Mumbai,Organic Search,Premium
C09505,2024-12-29,61,Female,Bangalore,Google,Regular
C09506,2024-01-09,37,Male,Bangalore,Google,Budget
C09507,2025-03-28,30,Male,Jaipur,Direct,Regular
C09508,2025-05-22,41,Female,Bangalore,Referral,VIP
C09509,2025-08-21,63,Male,Pune,Instagram,Regular
C09510,2026-08-02,54,Male,Ahmedabad,Google,Regular
C09511,2024-08-14,40,Female,Delhi,Organic Search,VIP
C09512,2025-11-06,52,Female,Delhi,Google,Regular
C09513,2024-05-01,45,Female,Chennai,Organic Search,Budget
C09514,2024-06-12,20,Female,Chennai,Google,Regular
C09515,2024-07-17,31,Other,Mumbai,Organic Search,Regular
C09516,2023-11-26,57,Female,Mumbai,Google,Regular
C09517,2025-05-01,51,Male,Bangalore,Google,Regular
C09518,2026-04-10,18,Female,Delhi,Referral,Regular
C09519,2025-08-19,24,Male,Lucknow,Referral,Regular
C09520,2025-11-10,31,Male,Chennai,Instagram,Premium
C09521,2024-04-09,51,Female,Delhi,Instagram,Budget
C09522,2023-11-21,55,Other,Chennai,YouTube,Budget
C09523,2026-07-28,58,Female,Delhi,Direct,Regular
C09524,2023-11-02,28,Male,Jaipur,Google,Regular
C09525,2023-09-11,62,Male,Jaipur,Referral,Premium
C09526,2024-04-20,32,Male,Bangalore,YouTube,Regular
C09527,2026-02-10,27,Other,Chennai,Instagram,Budget
C09528,2024-03-20,47,Male,Bangalore,Direct,Premium
C09529,2023-12-20,27,Female,Jaipur,Organic Search,Budget
C09530,2024-04-12,63,Male,Jaipur,Organic Search,Premium
C09531,2025-06-05,28,Female,Pune,Direct,Premium
C09532,2025-03-28,35,Female,Lucknow,Organic Search,VIP
C09533,2026-03-25,53,Male,Kolkata,Organic Search,Regular
C09534,2025-12-08,54,Female,Ahmedabad,Instagram,Premium
C09535,2024-08-03,28,Male,Chennai,Referral,Budget
C09536,2025-01-06,50,Female,Kolkata,Organic Search,Budget
C09537,2024-02-12,54,Male,Bangalore,Direct,Regular
C09538,2025-03-02,20,Male,Ahmedabad,Referral,Regular
C09539,2026-05-25,34,Female,Kolkata,Organic Search,Premium
C09540,2024-04-23,56,Male,Ahmedabad,Instagram,Premium
C09541,2024-09-29,36,Female,Jaipur,Google,Budget
C09542,2026-07-31,43,Female,Mumbai,Instagram,Regular
C09543,2026-04-05,50,Female,Lucknow,Instagram,VIP
C09544,2025-03-12,47,Male,Chennai,Organic Search,Budget
C09545,2025-12-29,38,Female,Pune,Google,Regular
C09546,2024-03-20,50,Female,Jaipur,Organic Search,Premium
C09547,2024-06-27,52,Female,Ahmedabad,Organic Search,Regular
C09548,2024-02-23,27,Male,Lucknow,Instagram,Regular
C09549,2024-07-29,51,Female,Jaipur,Organic Search,Regular
C09550,2026-04-07,39,Female,Jaipur,Direct,Regular
C09551,2025-08-07,21,Female,Mumbai,Instagram,VIP
C09552,2024-02-05,40,Male,Hyderabad,Google,Regular
C09553,2026-04-14,19,Male,Bangalore,YouTube,Regular
C09554,2025-11-21,60,Male,Ahmedabad,YouTube,Premium
C09555,2024-05-17,34,Male,Delhi,Referral,Regular
C09556,2026-05-03,63,Male,Jaipur,Direct,Regular
C09557,2024-03-19,24,Male,Ahmedabad,Organic Search,Regular
C09558,2023-09-28,35,Female,Kolkata,Instagram,Regular
C09559,2025-08-22,43,Female,Ahmedabad,Direct,Premium
C09560,2025-01-05,27,Male,Kolkata,YouTube,Regular
C09561,2024-06-14,57,Male,Mumbai,Instagram,Premium
C09562,2026-06-08,61,Female,Chennai,YouTube,VIP
C09563,2023-11-28,44,Female,Ahmedabad,Organic Search,Budget
C09564,2024-12-12,51,Male,Hyderabad,Organic Search,Budget
C09565,2024-02-09,64,Female,Pune,Google,Regular
C09566,2025-02-28,55,Male,Lucknow,Instagram,Regular
C09567,2025-03-06,39,Female,Ahmedabad,Instagram,VIP
C09568,2023-10-25,40,Female,Kolkata,Organic Search,Regular
C09569,2024-06-21,21,Male,Mumbai,Instagram,Budget
C09570,2023-12-13,27,Female,Pune,Instagram,Premium
C09571,2025-08-07,25,Male,Pune,Direct,Regular
C09572,2025-11-07,53,Male,Lucknow,Organic Search,Regular
C09573,2024-12-03,39,Female,Jaipur,Direct,Budget
C09574,2024-07-15,36,Male,Hyderabad,Instagram,Regular
C09575,2024-11-11,30,Female,Ahmedabad,YouTube,Regular
C09576,2025-06-09,50,Male,Kolkata,Referral,Regular
C09577,2025-03-30,30,Female,Lucknow,Organic Search,Regular
C09578,2025-02-19,18,Male,Delhi,Organic Search,Budget
C09579,2024-12-15,39,Male,Hyderabad,Instagram,Regular
C09580,2025-09-12,34,Female,Ahmedabad,Organic Search,Regular
C09581,2025-08-05,42,Female,Jaipur,Organic Search,Regular
C09582,2026-07-14,21,Male,Kolkata,Google,Regular
C09583,2024-04-24,52,Female,Chennai,Referral,Regular
C09584,2023-10-25,27,Male,Pune,Instagram,VIP
C09585,2023-10-06,52,Male,Delhi,Google,Regular
C09586,2024-06-14,20,Female,Ahmedabad,Referral,Regular
C09587,2023-11-08,26,Other,Lucknow,Direct,Regular
C09588,2023-12-16,19,Male,Mumbai,Referral,Budget
C09589,2024-05-02,31,Female,Mumbai,Instagram,Budget
C09590,2025-07-07,32,Female,Chennai,Google,Budget
C09591,2025-10-20,46,Male,Delhi,Instagram,Regular
C09592,2024-10-30,47,Female,Kolkata,Referral,Premium
C09593,2023-12-17,24,Female,Chennai,Referral,Budget
C09594,2025-11-09,34,Female,Delhi,Referral,Regular
C09595,2026-04-17,38,Male,Lucknow,Google,Regular
C09596,2024-06-17,33,Female,Bangalore,Google,VIP
C09597,2024-04-09,24,Female,Mumbai,Google,Premium
C09598,2026-01-05,19,Female,Kolkata,Direct,Regular
C09599,2024-09-12,48,Female,Jaipur,YouTube,Regular
C09600,2024-07-08,54,Male,Mumbai,Instagram,Premium
C09601,2025-06-11,40,Female,Hyderabad,Instagram,Regular
C09602,2025-11-09,39,Male,Lucknow,Organic Search,Regular
C09603,2023-12-09,27,Male,Mumbai,Organic Search,Regular
C09604,2025-03-01,56,Male,Chennai,Referral,Budget
C09605,2025-10-03,19,Female,Kolkata,Referral,Budget
C09606,2025-01-31,20,Male,Delhi,Google,Regular
C09607,2024-07-27,49,Male,Chennai,YouTube,Budget
C09608,2026-05-17,23,Female,Delhi,Referral,VIP
C09609,2024-05-15,30,Female,Pune,Google,Premium
C09610,2024-08-07,23,Female,Bangalore,Google,Regular
C09611,2023-11-12,41,Female,Lucknow,Instagram,Premium
C09612,2024-03-20,42,Male,Hyderabad,Organic Search,Budget
C09613,2026-05-10,34,Male,Hyderabad,Direct,VIP
C09614,2024-01-30,51,Female,Pune,Referral,Budget
C09615,2023-09-10,49,Female,Delhi,Organic Search,Regular
C09616,2025-01-29,46,Male,Mumbai,Referral,Premium
C09617,2024-08-28,38,Female,Kolkata,YouTube,Budget
C09618,2024-03-09,33,Female,Ahmedabad,Google,Regular
C09619,2024-06-12,19,Female,Pune,Organic Search,Regular
C09620,2023-11-20,49,Female,Lucknow,Organic Search,VIP
C09621,2025-09-10,41,Female,Kolkata,Referral,Premium
C09622,2026-03-19,22,Female,Lucknow,Organic Search,Budget
C09623,2025-06-09,43,Male,Jaipur,Google,Regular
C09624,2026-07-25,61,Male,Hyderabad,Instagram,VIP
C09625,2025-05-28,39,Other,Hyderabad,Instagram,Premium
C09626,2025-02-13,39,Female,Ahmedabad,Instagram,Regular
C09627,2024-05-25,60,Male,Hyderabad,Referral,Regular
C09628,2023-12-25,36,Female,Lucknow,Google,Regular
C09629,2026-02-10,33,Male,Pune,Organic Search,Premium
C09630,2025-05-10,42,Female,Lucknow,Direct,Regular
C09631,2026-08-17,60,Male,Mumbai,Organic Search,Regular
C09632,2026-02-28,22,Other,Kolkata,Instagram,Budget
C09633,2025-03-25,26,Male,Mumbai,Referral,Regular
C09634,2024-02-27,26,Male,Bangalore,Referral,VIP
C09635,2024-02-04,39,Male,Jaipur,YouTube,Regular
C09636,2023-12-08,20,Male,Delhi,Direct,Regular
C09637,2024-07-26,26,Female,Lucknow,Referral,Premium
C09638,2025-11-11,38,Male,Ahmedabad,Instagram,Budget
C09639,2025-01-05,57,Female,Delhi,Referral,Premium
C09640,2025-11-10,22,Male,Lucknow,Organic Search,Budget
C09641,2026-08-16,34,Male,Jaipur,Referral,VIP
C09642,2024-06-05,18,Male,Jaipur,Google,Premium
C09643,2025-02-11,47,Female,Lucknow,Instagram,Regular
C09644,2024-09-30,29,Female,Lucknow,Organic Search,Premium
C09645,2023-09-11,31,Male,Delhi,Direct,Regular
C09646,2024-09-17,42,Female,Jaipur,Direct,Budget
C09647,2025-10-14,18,Male,Ahmedabad,Organic Search,Budget
C09648,2026-04-30,25,Female,Chennai,Referral,Premium
C09649,2025-12-23,54,Female,Bangalore,Referral,Premium
C09650,2026-03-24,50,Male,Mumbai,Instagram,Premium
C09651,2026-05-12,56,Male,Lucknow,Instagram,Regular
C09652,2025-06-10,47,Other,Mumbai,Direct,Regular
C09653,2023-12-29,51,Male,Jaipur,Organic Search,Regular
C09654,2025-09-17,36,Male,Mumbai,Instagram,VIP
C09655,2025-11-03,20,Female,Jaipur,Referral,Regular
C09656,2023-09-19,37,Female,Jaipur,YouTube,Regular
C09657,2026-08-04,46,Female,Bangalore,Referral,Regular
C09658,2026-03-23,51,Male,Pune,Organic Search,Regular
C09659,2025-08-19,22,Female,Lucknow,Referral,Regular
C09660,2024-01-30,60,Female,Hyderabad,Organic Search,Budget
C09661,2025-02-23,62,Male,Lucknow,Direct,Budget
C09662,2024-05-21,36,Female,Kolkata,Instagram,Regular
C09663,2025-11-17,40,Female,Pune,Direct,Regular
C09664,2026-07-29,31,Male,Delhi,Instagram,Regular
C09665,2024-09-24,31,Male,Chennai,Instagram,Regular
C09666,2025-11-20,20,Female,Ahmedabad,Organic Search,Budget
C09667,2024-03-27,59,Female,Jaipur,YouTube,Budget
C09668,2026-07-09,22,Male,Chennai,Organic Search,Regular
C09669,2025-07-28,33,Female,Mumbai,Direct,Premium
C09670,2026-07-21,26,Female,Kolkata,YouTube,Regular
C09671,2026-04-15,20,Female,Pune,Instagram,Budget
C09672,2025-09-09,37,Female,Bangalore,Instagram,Regular
C09673,2026-05-09,40,Female,Delhi,Organic Search,Budget
C09674,2025-01-01,27,Female,Mumbai,YouTube,Premium
C09675,2026-07-13,40,Male,Chennai,YouTube,Premium
C09676,2025-03-27,53,Female,Pune,Referral,Premium
C09677,2024-06-13,50,Female,Ahmedabad,Direct,Regular
C09678,2025-09-10,43,Female,Delhi,Organic Search,Regular
C09679,2026-04-27,31,Male,Mumbai,Instagram,Premium
C09680,2024-10-29,52,Female,Kolkata,Instagram,Regular
C09681,2024-11-27,32,Male,Jaipur,Referral,Regular
C09682,2026-08-21,47,Male,Pune,Direct,Regular
C09683,2024-08-01,41,Male,Lucknow,Google,Regular
C09684,2023-10-12,63,Male,Mumbai,Organic Search,Regular
C09685,2025-03-20,54,Male,Chennai,Organic Search,Regular
C09686,2024-09-07,61,Female,Pune,Google,Premium
C09687,2025-06-29,33,Male,Mumbai,Google,Premium
C09688,2024-12-15,20,Female,Hyderabad,Google,Regular
C09689,2025-01-07,31,Female,Kolkata,Instagram,Premium
C09690,2026-07-24,52,Female,Mumbai,Google,Premium
C09691,2026-01-12,28,Female,Bangalore,YouTube,Regular
C09692,2024-07-09,42,Male,Hyderabad,Direct,Regular
C09693,2026-07-25,28,Male,Mumbai,Referral,Budget
C09694,2025-02-24,30,Female,Kolkata,Instagram,Premium
C09695,2025-09-17,18,Female,Pune,Direct,Budget
C09696,2025-01-20,25,Male,Delhi,Google,Regular
C09697,2024-02-08,61,Male,Kolkata,Direct,Premium
C09698,2026-07-22,33,Male,Delhi,YouTube,VIP
C09699,2025-07-11,33,Female,Mumbai,Referral,VIP
C09700,2025-08-25,38,Male,Jaipur,Instagram,Premium
C09701,2024-07-25,52,Female,Bangalore,Instagram,Regular
C09702,2024-07-08,62,Male,Hyderabad,Google,VIP
C09703,2026-01-20,25,Female,Kolkata,Referral,Regular
C09704,2023-09-14,19,Male,Kolkata,Referral,VIP
C09705,2023-10-11,49,Male,Delhi,Direct,Regular
C09706,2024-07-03,38,Male,Bangalore,Organic Search,Budget
C09707,2025-06-08,59,Female,Ahmedabad,Referral,Budget
C09708,2023-10-25,27,Male,Ahmedabad,Google,Budget
C09709,2024-07-28,64,Female,Lucknow,Instagram,Regular
C09710,2024-12-11,63,Male,Bangalore,Organic Search,Regular
C09711,2025-08-20,18,Female,Bangalore,Organic Search,Premium
C09712,2023-08-28,51,Male,Chennai,Google,Regular
C09713,2024-05-29,31,Male,Bangalore,YouTube,Regular
C09714,2024-09-14,43,Female,Kolkata,Direct,Budget
C09715,2024-07-03,63,Female,Bangalore,Google,Budget
C09716,2026-03-26,22,Female,Lucknow,Referral,Regular
C09717,2025-08-26,26,Female,Lucknow,Referral,Regular
C09718,2025-12-17,19,Female,Bangalore,Google,Budget
C09719,2024-02-13,53,Male,Kolkata,Google,Regular
C09720,2023-11-30,59,Male,Mumbai,Organic Search,Regular
C09721,2024-06-19,57,Female,Kolkata,Instagram,Regular
C09722,2026-08-23,22,Male,Kolkata,Instagram,Premium
C09723,2024-03-30,18,Male,Jaipur,Direct,VIP
C09724,2025-05-30,45,Female,Chennai,Instagram,Premium
C09725,2023-11-24,61,Female,Lucknow,YouTube,Budget
C09726,2024-04-23,41,Female,Ahmedabad,Google,Budget
C09727,2025-01-27,35,Female,Kolkata,Instagram,Budget
C09728,2024-09-19,39,Female,Delhi,Instagram,Premium
C09729,2026-02-02,40,Male,Lucknow,Direct,Premium
C09730,2025-07-26,27,Female,Pune,Direct,Budget
C09731,2024-12-03,24,Male,Hyderabad,Instagram,Premium
C09732,2026-07-22,40,Male,Hyderabad,Instagram,Budget
C09733,2023-12-13,28,Male,Ahmedabad,Instagram,Budget
C09734,2024-06-09,51,Female,Pune,Instagram,Regular
C09735,2024-07-24,25,Male,Bangalore,Google,Premium
C09736,2024-08-02,63,Female,Mumbai,Referral,Budget
C09737,2025-05-07,53,Male,Jaipur,Direct,Budget
C09738,2025-09-10,62,Female,Mumbai,Instagram,Budget
C09739,2024-08-15,57,Female,Jaipur,Referral,Regular
C09740,2025-05-22,43,Male,Ahmedabad,YouTube,Budget
C09741,2025-09-14,55,Male,Jaipur,Google,Premium
C09742,2024-04-02,20,Male,Jaipur,Instagram,Premium
C09743,2024-01-23,31,Male,Chennai,Referral,Regular
C09744,2025-04-26,60,Male,Ahmedabad,Referral,Budget
C09745,2024-07-22,35,Female,Pune,Referral,Regular
C09746,2023-11-29,35,Male,Kolkata,Organic Search,Regular
C09747,2025-05-10,21,Female,Delhi,YouTube,Regular
C09748,2025-07-16,52,Other,Delhi,Organic Search,Regular
C09749,2025-04-17,57,Male,Delhi,Google,Budget
C09750,2024-10-13,25,Male,Kolkata,Referral,Budget
C09751,2026-04-14,38,Female,Jaipur,Organic Search,Budget
C09752,2024-12-18,41,Female,Hyderabad,Direct,Budget
C09753,2024-01-26,54,Female,Chennai,Organic Search,Premium
C09754,2024-12-24,46,Male,Mumbai,Google,VIP
C09755,2024-08-05,60,Male,Bangalore,Direct,VIP
C09756,2026-06-17,62,Female,Bangalore,YouTube,VIP
C09757,2025-10-17,18,Female,Kolkata,Referral,Premium
C09758,2025-01-22,20,Male,Jaipur,Organic Search,Premium
C09759,2024-12-08,58,Female,Jaipur,Referral,Regular
C09760,2024-11-30,19,Male,Delhi,Instagram,Regular
C09761,2024-11-19,22,Female,Hyderabad,Referral,Premium
C09762,2023-09-27,33,Male,Delhi,Instagram,Regular
C09763,2025-05-01,47,Male,Jaipur,Direct,Premium
C09764,2026-07-12,31,Female,Jaipur,Referral,Regular
C09765,2024-12-01,25,Female,Chennai,Google,Premium
C09766,2025-12-03,34,Male,Pune,Referral,Regular
C09767,2025-07-02,52,Male,Lucknow,Instagram,Regular
C09768,2024-07-24,53,Female,Ahmedabad,Instagram,Budget
C09769,2024-05-19,34,Male,Jaipur,Organic Search,Budget
C09770,2025-03-11,57,Other,Mumbai,Google,Regular
C09771,2024-01-14,43,Male,Ahmedabad,Organic Search,Regular
C09772,2025-04-14,33,Female,Bangalore,Google,Regular
C09773,2025-05-08,57,Male,Kolkata,YouTube,Premium
C09774,2024-07-14,57,Female,Pune,Referral,Regular
C09775,2025-12-02,21,Female,Delhi,Instagram,Budget
C09776,2024-10-31,59,Male,Ahmedabad,Google,Budget
C09777,2024-11-11,19,Female,Chennai,Instagram,VIP
C09778,2023-09-03,19,Male,Chennai,Referral,Premium
C09779,2026-01-28,46,Male,Chennai,Direct,Premium
C09780,2026-04-12,56,Other,Ahmedabad,Instagram,Regular
C09781,2025-01-13,51,Male,Ahmedabad,Google,VIP
C09782,2023-10-26,47,Male,Hyderabad,YouTube,VIP
C09783,2023-10-26,22,Female,Bangalore,Instagram,Regular
C09784,2026-02-22,36,Male,Chennai,Instagram,Regular
C09785,2025-08-09,22,Female,Jaipur,Instagram,Premium
C09786,2024-08-27,25,Female,Pune,Organic Search,Regular
C09787,2023-12-12,58,Female,Delhi,Instagram,VIP
C09788,2024-07-11,23,Male,Delhi,Referral,Regular
C09789,2025-02-05,50,Male,Jaipur,YouTube,Regular
C09790,2024-08-25,59,Other,Bangalore,Google,Regular
C09791,2023-11-02,24,Male,Lucknow,Instagram,Regular
C09792,2025-11-16,22,Female,Pune,Organic Search,Premium
C09793,2025-09-05,28,Other,Lucknow,Instagram,Budget
C09794,2025-11-15,32,Male,Bangalore,Organic Search,Premium
C09795,2023-10-25,26,Female,Chennai,Google,Regular
C09796,2024-04-08,36,Male,Bangalore,Organic Search,VIP
C09797,2024-02-01,36,Female,Mumbai,Direct,Regular
C09798,2025-11-16,55,Male,Pune,YouTube,Premium
C09799,2025-02-20,49,Male,Ahmedabad,Instagram,Regular
C09800,2024-04-29,37,Male,Chennai,Referral,Budget
C09801,2025-09-06,28,Female,Kolkata,Google,Budget
C09802,2026-03-19,26,Male,Lucknow,Direct,Regular
C09803,2024-07-22,46,Male,Kolkata,Organic Search,Budget
C09804,2024-08-02,22,Male,Chennai,Direct,Premium
C09805,2026-08-16,48,Female,Ahmedabad,Referral,Budget
C09806,2023-09-04,64,Female,Delhi,Google,Regular
C09807,2025-02-09,39,Female,Lucknow,Referral,Regular
C09808,2025-09-19,62,Female,Jaipur,Google,Regular
C09809,2023-12-31,58,Male,Delhi,Direct,Premium
C09810,2023-08-28,18,Female,Delhi,Organic Search,Regular
C09811,2025-06-19,63,Male,Lucknow,Instagram,Regular
C09812,2024-01-07,18,Female,Chennai,Direct,Regular
C09813,2023-12-12,56,Female,Hyderabad,YouTube,VIP
C09814,2024-04-07,60,Female,Chennai,Google,Regular
C09815,2025-01-28,53,Male,Hyderabad,Direct,Budget
C09816,2026-02-25,24,Male,Chennai,Organic Search,Budget
C09817,2024-12-26,37,Male,Delhi,Organic Search,Regular
C09818,2023-10-27,34,Female,Hyderabad,Direct,Regular
C09819,2024-01-08,62,Male,Lucknow,Google,Premium
C09820,2024-11-13,23,Female,Chennai,Direct,Regular
C09821,2026-08-09,34,Male,Ahmedabad,Referral,Regular
C09822,2026-02-12,25,Female,Hyderabad,Organic Search,Premium
C09823,2026-03-07,37,Female,Ahmedabad,Google,Regular
C09824,2025-04-18,44,Female,Delhi,Google,Budget
C09825,2026-02-13,61,Male,Mumbai,Instagram,Budget
C09826,2025-09-12,60,Female,Mumbai,YouTube,Regular
C09827,2026-03-26,53,Female,Chennai,Instagram,Budget
C09828,2025-07-04,46,Male,Jaipur,Organic Search,VIP
C09829,2024-12-13,55,Female,Mumbai,YouTube,Regular
C09830,2025-07-25,36,Male,Delhi,Instagram,Regular
C09831,2024-03-17,62,Male,Hyderabad,Google,Budget
C09832,2026-02-10,31,Female,Delhi,Instagram,Budget
C09833,2025-08-17,39,Male,Ahmedabad,Instagram,Premium
C09834,2024-03-02,49,Female,Ahmedabad,Google,Budget
C09835,2025-11-17,20,Male,Pune,Organic Search,VIP
C09836,2025-04-18,37,Female,Hyderabad,Instagram,VIP
C09837,2025-01-30,18,Female,Delhi,YouTube,Regular
C09838,2024-07-10,28,Male,Jaipur,Organic Search,Regular
C09839,2025-08-28,25,Male,Pune,Instagram,Regular
C09840,2026-07-14,56,Male,Mumbai,Referral,Regular
C09841,2025-02-18,53,Male,Lucknow,Referral,Regular
C09842,2025-08-28,60,Female,Pune,Direct,Regular
C09843,2024-10-29,42,Female,Delhi,YouTube,Regular
C09844,2025-09-30,23,Female,Lucknow,Instagram,Regular
C09845,2023-12-23,23,Female,Ahmedabad,Direct,Budget
C09846,2024-11-26,21,Female,Ahmedabad,Referral,Premium
C09847,2024-12-05,38,Other,Jaipur,YouTube,Regular
C09848,2023-09-27,31,Female,Pune,Google,Premium
C09849,2025-01-09,33,Male,Lucknow,Direct,VIP
C09850,2025-05-07,51,Female,Ahmedabad,Referral,Premium
C09851,2023-09-09,23,Female,Delhi,Google,Regular
C09852,2024-07-24,51,Female,Lucknow,Direct,Regular
C09853,2025-08-04,37,Male,Kolkata,Instagram,Budget
C09854,2026-05-02,61,Female,Lucknow,Organic Search,Premium
C09855,2025-07-07,42,Female,Mumbai,YouTube,Regular
C09856,2023-10-13,27,Female,Delhi,Google,Regular
C09857,2026-05-18,57,Female,Hyderabad,Google,Regular
C09858,2026-07-18,49,Male,Bangalore,Instagram,VIP
C09859,2025-01-21,46,Female,Mumbai,Direct,VIP
C09860,2025-10-28,56,Male,Kolkata,Instagram,Regular
C09861,2024-06-26,54,Female,Kolkata,Direct,Budget
C09862,2026-08-08,22,Male,Hyderabad,Instagram,Budget
C09863,2024-09-23,58,Female,Lucknow,YouTube,Budget
C09864,2026-03-23,39,Female,Hyderabad,Google,Budget
C09865,2025-03-01,32,Female,Mumbai,Organic Search,Budget
C09866,2024-09-13,46,Female,Mumbai,Instagram,Premium
C09867,2025-10-10,40,Male,Jaipur,Google,Regular
C09868,2024-10-29,52,Male,Ahmedabad,Referral,VIP
C09869,2023-11-04,45,Male,Kolkata,Instagram,Regular
C09870,2025-08-15,61,Male,Bangalore,Instagram,Budget
C09871,2024-09-16,45,Male,Jaipur,Organic Search,Regular
C09872,2025-10-24,20,Male,Jaipur,Referral,Regular
C09873,2024-09-02,49,Female,Jaipur,Instagram,VIP
C09874,2025-10-19,50,Male,Pune,Organic Search,Regular
C09875,2026-01-06,50,Female,Mumbai,Instagram,Regular
C09876,2024-06-28,38,Male,Delhi,YouTube,Premium
C09877,2025-12-10,43,Male,Pune,Instagram,Regular
C09878,2024-07-25,48,Female,Hyderabad,Google,Regular
C09879,2024-11-01,57,Male,Delhi,Direct,Premium
C09880,2026-05-28,61,Male,Pune,Organic Search,Budget
C09881,2025-08-04,21,Male,Hyderabad,Instagram,Regular
C09882,2024-10-13,43,Female,Hyderabad,YouTube,Regular
C09883,2025-01-26,44,Male,Hyderabad,Instagram,Regular
C09884,2025-08-19,56,Female,Jaipur,Referral,Regular
C09885,2025-05-20,47,Male,Lucknow,Google,Premium
C09886,2026-06-09,60,Female,Lucknow,Organic Search,Budget
C09887,2025-12-24,37,Male,Jaipur,Google,Regular
C09888,2025-03-25,53,Male,Pune,Google,Premium
C09889,2024-01-16,57,Male,Kolkata,Instagram,Regular
C09890,2024-08-17,36,Female,Lucknow,Organic Search,Budget
C09891,2026-07-09,47,Male,Chennai,Google,Premium
C09892,2024-09-12,29,Male,Mumbai,Instagram,Budget
C09893,2025-07-04,21,Male,Ahmedabad,Direct,Budget
C09894,2024-11-12,20,Male,Pune,Referral,VIP
C09895,2023-10-16,58,Female,Chennai,Instagram,Regular
C09896,2026-03-18,34,Male,Kolkata,Organic Search,Budget
C09897,2024-02-18,36,Female,Ahmedabad,Google,Premium
C09898,2023-12-11,32,Male,Jaipur,Instagram,Budget
C09899,2023-12-22,58,Female,Bangalore,Instagram,Budget
C09900,2026-06-16,62,Other,Delhi,Organic Search,Premium
C09901,2025-01-31,22,Female,Kolkata,Direct,Regular
C09902,2025-12-07,19,Female,Chennai,Direct,Regular
C09903,2026-08-07,43,Male,Chennai,Referral,Budget
C09904,2026-01-30,27,Female,Delhi,Organic Search,Regular
C09905,2025-11-07,64,Male,Kolkata,Organic Search,Regular
C09906,2024-05-13,36,Male,Chennai,Organic Search,VIP
C09907,2026-05-10,60,Male,Mumbai,Instagram,Regular
C09908,2024-03-05,22,Female,Bangalore,Instagram,Regular
C09909,2026-05-02,32,Male,Lucknow,Referral,Regular
C09910,2025-12-03,26,Other,Kolkata,Instagram,Regular
C09911,2024-11-30,44,Female,Kolkata,Google,Budget
C09912,2023-11-06,58,Female,Mumbai,Direct,Premium
C09913,2025-06-28,39,Male,Delhi,Organic Search,Regular
C09914,2023-12-31,61,Female,Delhi,Direct,Budget
C09915,2026-03-13,42,Female,Delhi,Instagram,Premium
C09916,2023-11-15,35,Male,Mumbai,Instagram,Regular
C09917,2025-12-11,22,Other,Kolkata,Google,Budget
C09918,2025-06-22,24,Female,Mumbai,Direct,Budget
C09919,2026-03-06,31,Female,Jaipur,Referral,Regular
C09920,2026-06-05,28,Male,Hyderabad,YouTube,Budget
C09921,2024-08-13,25,Male,Chennai,Google,Regular
C09922,2025-10-01,57,Male,Pune,Google,Budget
C09923,2024-10-14,27,Male,Chennai,Direct,Regular
C09924,2026-08-15,49,Female,Bangalore,Google,Regular
C09925,2025-05-17,51,Male,Delhi,Direct,Premium
C09926,2024-04-02,49,Female,Lucknow,Organic Search,Regular
C09927,2024-05-30,48,Male,Ahmedabad,Instagram,Regular
C09928,2024-12-19,46,Male,Kolkata,Google,Regular
C09929,2024-07-06,45,Male,Mumbai,Instagram,Premium
C09930,2024-04-04,53,Female,Kolkata,Organic Search,Premium
C09931,2024-02-21,57,Male,Mumbai,Instagram,Budget
C09932,2026-02-04,53,Male,Chennai,Organic Search,Regular
C09933,2026-01-30,45,Female,Delhi,Instagram,Budget
C09934,2024-03-25,26,Female,Jaipur,Google,Regular
C09935,2025-05-26,46,Male,Chennai,Instagram,Premium
C09936,2025-07-17,36,Female,Lucknow,Google,Regular
C09937,2025-08-29,57,Male,Ahmedabad,Google,Budget
C09938,2024-04-07,19,Female,Lucknow,Google,Regular
C09939,2026-01-31,59,Male,Chennai,YouTube,Regular
C09940,2026-05-03,36,Female,Delhi,Organic Search,Regular
C09941,2024-09-25,33,Female,Delhi,Organic Search,Budget
C09942,2024-11-17,28,Female,Pune,Referral,Regular
C09943,2025-04-18,41,Male,Mumbai,Google,Budget
C09944,2023-11-14,34,Female,Chennai,Google,Premium
C09945,2024-03-18,59,Male,Ahmedabad,Google,Budget
C09946,2025-11-05,41,Female,Ahmedabad,Google,Regular
C09947,2026-05-22,35,Female,Mumbai,Google,Budget
C09948,2025-07-31,56,Other,Jaipur,Google,VIP
C09949,2025-02-21,47,Male,Ahmedabad,Organic Search,VIP
C09950,2026-02-25,41,Female,Ahmedabad,Direct,Budget
C09951,2025-05-14,33,Female,Mumbai,Google,VIP
C09952,2025-01-28,44,Female,Lucknow,Referral,Premium
C09953,2024-09-16,39,Male,Pune,Instagram,Premium
C09954,2025-07-05,53,Male,Mumbai,Instagram,Regular
C09955,2025-05-01,59,Male,Lucknow,Direct,Regular
C09956,2024-01-26,29,Male,Kolkata,Google,Premium
C09957,2023-11-09,55,Female,Pune,Instagram,VIP
C09958,2024-12-08,49,Female,Mumbai,Referral,Premium
C09959,2024-10-13,54,Female,Jaipur,Organic Search,Budget
C09960,2023-11-13,36,Female,Bangalore,Direct,Budget
C09961,2023-11-21,22,Male,Bangalore,Referral,Regular
C09962,2026-01-01,39,Female,Jaipur,Direct,Budget
C09963,2024-07-19,35,Male,Bangalore,Google,Regular
C09964,2024-01-04,59,Male,Jaipur,Google,Regular
C09965,2024-05-06,22,Female,Jaipur,Referral,Budget
C09966,2025-06-17,38,Other,Lucknow,Google,Regular
C09967,2024-08-24,30,Male,Hyderabad,Instagram,Regular
C09968,2024-04-29,49,Female,Mumbai,Direct,Premium
C09969,2026-06-23,34,Female,Ahmedabad,Instagram,Premium
C09970,2026-06-03,42,Male,Chennai,Organic Search,Premium
C09971,2024-05-29,52,Female,Mumbai,Direct,Budget
C09972,2025-10-06,35,Female,Ahmedabad,Direct,VIP
C09973,2023-11-10,32,Male,Pune,Organic Search,Budget
C09974,2026-04-09,19,Female,Pune,Direct,VIP
C09975,2026-07-24,62,Female,Lucknow,Direct,Budget
C09976,2023-11-17,30,Male,Jaipur,Instagram,VIP
C09977,2025-05-19,28,Male,Hyderabad,Google,Budget
C09978,2026-03-20,27,Female,Kolkata,Organic Search,Premium
C09979,2026-06-14,46,Male,Mumbai,Direct,Premium
C09980,2025-02-26,39,Other,Pune,Instagram,Regular
C09981,2024-11-07,61,Female,Jaipur,Instagram,Premium
C09982,2023-10-29,19,Male,Kolkata,Google,Premium
C09983,2025-09-30,46,Female,Ahmedabad,Referral,Premium
C09984,2023-12-27,45,Female,Jaipur,Google,Regular
C09985,2025-01-25,30,Other,Hyderabad,Instagram,Budget
C09986,2026-05-29,47,Female,Hyderabad,Organic Search,Regular
C09987,2024-06-11,43,Male,Ahmedabad,Instagram,Premium
C09988,2023-09-29,60,Female,Bangalore,Direct,Regular
C09989,2024-09-01,45,Female,Lucknow,YouTube,VIP
C09990,2024-06-08,39,Male,Pune,Google,Premium
C09991,2024-08-28,64,Female,Kolkata,Direct,Regular
C09992,2025-12-13,27,Male,Kolkata,Organic Search,Regular
C09993,2024-01-27,55,Male,Jaipur,Google,Budget
C09994,2025-04-18,43,Female,Delhi,Organic Search,Budget
C09995,2025-11-09,31,Male,Chennai,Google,Premium
C09996,2026-06-05,39,Male,Jaipur,Direct,Premium
C09997,2025-08-24,32,Female,Ahmedabad,Organic Search,Budget
C09998,2026-04-16,63,Female,Chennai,Organic Search,Premium
C09999,2024-05-12,44,Other,Bangalore,Referral,Budget
C10000,2023-11-15,42,Male,Mumbai,Direct,Regular
